BYSID,GENDER,father_job,BYS22001,BYS22002,BYS23002,BYS04008,BYS04009,selfConcept_cate,lifeSelfConfidence_cate,emotionalStability_cate,schFacilSatisfi_cate,careerSelfEfficacy_cate,liberalArts_cate,naturalSciences_cate,teacherRel_cate,AT_05,J007C
5002,2,3,1,3,2,1,2,2,2,2,4,2,3,2,1,1,1
5005,1,3,1,7,8,1,4,3,3,2,3,4,2,3,1,2,4
5009,2,4,1,6,1,2,1,4,4,2,2,3,3,2,1,1,2
5010,2,4,2,1,1,1,5,3,2,1,2,3,3,2,1,1,1
5014,2,2,2,6,1,1,3,3,2,1,2,3,3,2,1,1,1
5015,1,1,1,9,1,1,4,4,4,2,2,4,3,3,2,0,3
5018,1,4,2,5,1,1,3,2,2,2,3,2,2,3,2,1,3
5020,2,4,8,2,3,1,2,2,2,2,3,2,2,2,1,2,4
5025,1,4,1,2,1,6,1,3,3,1,2,3,3,2,1,2,2
5026,1,4,2,3,1,4,3,2,2,1,2,3,2,3,1,2,4
5028,2,4,6,7,1,2,1,3,4,2,3,4,3,1,1,1,1
5031,2,3,8,1,1,1,5,2,2,1,2,3,2,3,1,0,1
5032,2,4,8,7,1,1,5,3,3,1,3,2,3,3,1,2,1
5033,1,3,2,3,8,1,4,3,4,1,3,3,2,2,1,0,3
5034,1,1,1,8,3,3,4,3,3,1,3,3,3,2,1,1,1
5035,1,1,1,3,1,4,1,3,3,2,3,4,2,3,1,2,3
5036,1,4,1,3,1,3,4,3,3,2,4,3,2,3,1,2,4
5037,1,4,1,8,3,1,3,2,2,2,2,3,3,2,1,1,3
5041,1,0,2,1,1,4,1,3,3,3,3,4,3,4,1,1,2
5046,2,0,2,6,1,1,5,4,5,1,4,4,3,3,1,2,1
5047,1,5,1,2,1,4,1,2,2,2,1,2,2,1,1,1,1
5052,2,4,6,3,4,1,4,3,3,1,2,3,3,2,1,1,1
5054,2,2,8,10,3,3,1,2,2,1,4,2,2,2,1,1,3
5055,1,5,1,2,1,4,3,3,3,1,4,4,2,3,1,2,4
5056,1,0,1,2,1,4,5,3,3,1,3,3,1,2,1,0,3
5058,2,1,9,2,6,1,3,4,3,1,1,4,3,3,1,1,1
5059,2,0,2,7,1,2,1,3,3,2,3,3,3,3,1,0,3
5060,1,1,1,2,1,4,3,3,2,2,3,3,3,2,1,2,4
5064,2,1,2,3,1,3,1,2,2,2,3,2,3,2,1,1,1
5065,1,5,3,9,3,1,4,2,1,1,3,3,1,3,1,2,2
5068,1,1,9,2,1,6,3,4,4,1,3,3,4,1,1,1,1
5069,1,1,3,2,2,3,1,3,3,2,2,3,3,1,1,1,1
5070,2,1,6,2,4,4,1,2,1,1,3,3,3,1,1,1,1
5071,1,3,3,1,2,1,4,3,3,2,1,3,2,1,1,1,3
5072,2,2,8,1,1,9,1,3,3,1,3,3,3,2,2,1,1
5073,1,5,3,1,3,3,4,3,2,2,2,2,3,1,1,1,4
5074,2,1,2,1,1,1,9,3,4,1,2,3,3,2,1,1,1
5075,2,1,3,2,3,4,1,3,3,1,2,2,2,2,1,1,1
5078,2,4,2,1,3,4,1,3,4,1,2,3,3,3,1,1,2
5080,1,4,2,8,1,4,6,2,3,1,2,3,2,1,1,0,3
5081,1,1,6,2,1,3,4,3,3,1,3,4,2,3,1,0,4
5083,2,4,1,3,2,6,1,3,3,2,4,3,2,3,1,2,1
5088,1,1,1,9,1,4,1,2,2,2,2,2,3,2,1,1,3
5092,2,2,2,9,1,5,2,3,2,1,3,3,2,1,1,1,3
5094,1,4,1,8,1,4,3,2,2,2,3,2,3,2,1,1,4
5097,1,1,2,3,3,4,1,3,2,1,2,2,2,2,1,1,4
5105,1,5,1,3,6,4,5,3,3,1,2,3,3,3,1,1,4
5106,1,1,2,1,1,5,1,3,3,2,3,3,3,3,1,2,4
5108,1,0,1,2,1,4,1,2,2,2,3,3,2,3,1,2,2
5109,1,4,1,7,1,1,5,2,1,2,1,3,2,3,1,2,4
5120,2,4,2,3,1,1,7,3,3,2,2,4,2,2,1,1,1
5121,1,4,8,6,1,1,4,3,3,1,3,2,3,2,1,1,2
5122,1,1,1,2,1,4,1,3,3,2,2,2,1,4,1,2,1
5126,2,4,8,2,3,3,4,3,3,1,2,3,3,1,1,1,1
5127,1,4,3,1,2,2,4,2,3,2,3,3,2,2,1,2,4
5129,1,2,1,9,1,1,4,3,3,2,2,3,1,3,1,2,1
5130,2,3,2,7,3,3,1,2,2,2,3,2,2,2,1,2,3
5131,2,1,2,6,1,3,6,3,3,1,3,2,2,1,1,1,1
5144,2,5,6,1,1,1,4,4,3,1,3,3,3,2,1,1,2
5146,2,3,2,7,1,8,2,2,2,3,3,2,3,3,2,2,1
5148,1,1,3,1,2,9,1,3,3,1,2,3,2,1,1,1,1
5151,2,3,1,3,2,1,3,3,3,2,3,2,3,1,1,1,1
5153,2,4,6,2,1,6,9,2,3,1,3,3,2,1,1,1,2
5154,1,4,1,2,1,4,6,3,2,1,3,3,3,1,1,1,1
5157,2,1,2,10,1,1,3,3,2,1,2,3,2,3,1,2,1
5158,2,1,2,1,1,1,5,3,2,1,2,2,4,1,1,1,1
5160,1,0,3,10,2,1,4,3,3,2,4,3,3,3,1,1,4
5161,2,3,8,2,7,1,2,3,2,1,3,3,3,3,1,2,2
5164,1,4,3,1,2,4,5,3,3,1,2,3,3,2,1,2,1
5174,1,3,3,1,2,4,5,4,4,1,2,2,1,3,1,2,4
5177,1,4,1,3,2,6,1,4,4,2,3,4,3,3,1,1,2
5178,1,4,1,2,1,3,4,3,3,2,3,4,2,3,1,2,4
5181,2,4,1,3,2,3,1,2,2,1,3,3,2,2,1,1,1
5183,2,4,2,1,1,3,1,3,2,1,3,3,3,2,1,1,3
5189,1,5,3,5,1,8,1,4,5,2,2,4,3,3,1,0,1
5190,2,5,2,1,1,5,1,3,3,1,3,3,2,2,1,1,1
5195,1,4,8,10,1,4,6,3,2,2,3,3,2,4,1,0,1
5196,1,0,2,1,1,4,5,3,4,2,3,4,1,2,1,0,4
5198,1,4,1,10,9,1,3,3,3,1,2,3,3,3,1,1,2
5199,1,4,1,2,1,7,1,2,3,1,2,3,2,2,1,2,3
5200,1,3,8,9,3,3,1,3,3,1,3,3,1,2,1,2,3
5203,2,1,6,2,1,1,4,3,3,1,2,2,3,4,1,2,1
5204,1,4,1,8,7,1,4,3,3,2,1,4,2,3,1,2,2
5206,1,0,1,8,3,1,2,3,3,1,3,1,3,1,1,1,3
5211,1,4,1,10,1,1,4,3,3,2,3,3,3,3,1,0,3
5213,1,5,3,6,2,6,1,3,3,2,3,3,2,2,1,1,3
5215,1,1,1,3,3,4,3,2,2,1,3,2,3,1,1,1,4
5219,1,0,1,8,1,6,3,3,4,2,3,4,2,1,1,1,4
5220,1,4,1,2,1,4,3,3,3,1,2,4,1,4,1,2,4
5223,1,1,1,3,1,4,9,3,4,1,3,3,3,1,1,1,3
5225,1,0,2,1,1,3,4,2,2,1,2,2,2,4,1,2,4
5226,2,1,2,1,1,6,1,3,3,2,3,3,2,4,1,2,1
5233,2,4,2,6,1,1,4,4,5,1,4,5,3,4,1,2,1
5236,2,4,2,3,1,2,1,2,1,2,3,2,2,3,2,2,3
5237,1,5,6,2,1,5,1,1,1,2,2,1,3,1,1,1,1
5244,2,0,1,3,1,6,3,3,1,2,4,2,2,4,1,2,4
5245,2,1,1,2,3,3,1,3,3,2,3,2,3,3,1,1,3
5246,1,0,1,3,1,9,4,3,4,2,2,3,3,1,1,0,1
5251,2,1,2,6,4,3,1,3,4,2,3,3,4,2,1,1,1
5252,2,4,2,9,1,1,3,3,2,1,3,3,2,2,1,2,1
5255,2,5,2,1,1,3,9,3,3,1,3,3,2,3,1,2,1
5258,2,4,2,1,1,3,1,2,1,2,3,2,3,1,2,1,1
5259,1,2,1,3,3,1,6,3,3,1,3,4,4,4,1,1,1
5260,1,0,1,8,3,4,6,3,2,2,2,2,1,3,1,0,1
5261,1,4,1,2,1,4,5,2,2,2,2,3,3,2,2,2,1
5263,1,4,1,9,1,4,1,3,3,1,3,4,2,3,1,2,4
5268,1,0,1,9,6,1,6,4,4,2,2,4,3,3,1,1,1
5269,1,1,5,1,5,6,4,3,2,1,3,4,3,3,1,2,2
5270,1,5,8,1,1,1,4,3,2,1,4,3,3,2,1,0,1
5275,2,2,3,6,2,9,4,3,3,2,3,3,2,1,1,1,2
5276,2,5,1,6,1,1,4,3,1,2,2,3,3,2,1,1,2
5277,2,3,2,3,1,1,3,3,3,1,3,3,3,2,1,1,2
5278,2,4,6,3,1,1,6,3,4,2,2,4,3,1,1,1,1
5279,2,1,2,3,4,1,3,3,4,1,3,4,3,2,1,2,1
5283,1,3,2,9,1,4,8,3,3,2,3,3,2,1,1,1,3
5284,1,0,2,1,1,9,3,2,2,2,2,5,2,1,2,1,3
5285,1,1,9,3,2,5,4,3,3,1,2,3,2,1,1,1,2
5286,2,4,3,1,3,4,5,2,2,1,2,2,3,1,1,1,1
5288,2,2,2,8,1,1,5,3,4,1,3,2,3,2,1,1,1
5289,1,5,2,6,1,1,3,2,3,2,3,3,3,2,1,0,2
5291,2,0,1,2,3,3,5,3,3,1,3,3,3,1,1,1,1
5293,1,1,1,5,1,1,4,3,3,2,3,3,3,3,1,2,1
5296,1,4,1,8,1,3,6,3,3,2,2,3,3,3,1,1,1
5298,1,1,1,8,1,4,6,2,2,1,2,3,2,2,1,0,1
5302,1,4,2,1,1,1,4,3,4,1,3,3,3,2,1,1,1
5303,1,0,1,7,1,4,5,2,3,1,3,3,1,2,1,0,3
5305,2,4,2,1,1,9,6,3,3,2,3,5,3,1,1,0,1
5307,2,1,1,8,1,4,3,2,2,1,3,2,3,2,1,2,1
5308,1,4,3,8,2,5,4,3,3,2,2,2,2,2,2,2,1
5313,1,1,1,3,1,4,9,3,3,2,3,3,3,2,1,2,2
5316,2,4,3,2,2,9,6,2,3,2,2,3,1,3,1,2,2
5317,1,5,8,1,2,4,5,3,3,1,3,2,3,1,1,1,4
5318,2,1,2,3,1,1,2,3,3,2,3,3,4,3,1,1,1
5322,1,5,2,1,3,3,4,2,2,2,3,3,3,1,1,1,1
5323,1,1,1,3,1,4,1,3,3,1,3,3,3,2,1,1,1
5324,1,4,2,1,1,1,5,3,2,1,3,3,3,2,1,1,2
5326,1,4,8,1,3,1,3,3,2,1,2,2,1,2,1,2,3
5329,1,4,1,3,1,3,4,4,4,2,2,2,2,4,1,0,4
5330,2,4,6,10,4,3,5,3,3,1,3,3,2,1,1,1,1
5331,1,4,1,2,1,4,1,3,3,2,3,3,2,1,1,1,3
5332,1,3,1,4,3,1,5,3,3,2,2,3,2,3,1,1,3
5335,2,0,4,1,1,1,4,3,3,1,3,2,3,2,1,1,1
5338,2,4,1,2,4,9,3,3,3,2,3,2,3,1,1,1,1
5339,2,4,2,1,1,3,1,3,1,2,2,3,2,2,1,1,3
5341,2,4,2,8,1,5,3,2,2,1,2,2,2,2,1,1,2
5342,1,5,1,6,8,1,4,3,3,2,3,3,2,3,1,1,1
5346,2,3,2,5,1,1,5,3,3,1,3,2,3,3,1,1,1
5348,2,0,1,9,1,4,9,2,2,1,2,2,3,3,1,1,3
5349,2,2,2,3,1,1,4,2,2,2,4,2,2,3,1,2,1
5354,1,5,1,2,1,2,3,3,3,1,2,4,3,1,2,0,2
5355,2,0,1,2,2,6,5,4,5,1,3,5,3,1,1,1,1
5356,2,4,2,3,1,5,3,3,5,2,4,2,2,3,1,2,1
5357,2,3,3,2,3,3,1,3,2,1,4,2,3,2,1,1,1
5358,1,1,8,1,3,3,4,2,2,1,2,3,2,3,1,2,1
5360,1,1,1,3,1,1,4,3,3,1,3,3,2,1,1,1,4
5361,1,5,1,2,1,1,3,3,4,1,3,3,3,2,1,1,4
5362,2,0,1,2,1,5,6,2,3,2,3,2,2,1,1,1,1
5363,2,5,4,6,1,2,9,3,2,1,3,4,2,2,1,2,4
5364,2,4,2,1,1,9,6,3,4,1,2,3,2,3,1,0,1
5367,2,4,6,1,1,5,3,3,2,2,4,4,3,4,1,2,3
5369,2,1,2,6,8,4,1,3,3,2,3,2,3,2,1,1,3
5372,2,1,2,9,1,4,1,3,2,1,3,3,3,1,1,1,2
5374,2,4,4,2,1,1,2,3,3,1,2,3,2,2,1,0,1
5376,2,0,8,10,9,5,1,3,3,2,3,2,2,2,1,1,1
5378,1,4,2,1,1,1,3,3,3,1,2,3,3,3,1,2,1
5382,1,1,6,2,2,4,1,3,4,1,2,2,3,2,1,1,1
5383,1,3,8,1,6,4,1,2,3,1,2,3,1,2,1,2,1
5384,1,4,1,7,3,1,4,2,1,2,2,2,2,1,1,1,1
5386,1,4,2,3,1,3,1,3,2,1,1,4,3,2,1,1,1
5391,1,0,2,3,1,4,1,3,3,1,3,3,3,3,1,1,4
5392,2,1,1,3,1,9,1,3,3,1,2,3,1,1,1,0,3
5396,1,4,2,1,1,4,3,2,2,2,2,3,3,1,1,1,4
5401,1,1,1,2,1,4,3,3,3,1,4,1,2,3,1,2,4
5404,1,0,3,2,2,3,4,2,2,1,3,2,2,1,2,1,4
5408,2,1,2,6,1,3,1,3,3,1,2,3,3,1,1,0,1
5409,2,1,3,8,1,5,1,3,4,1,3,2,4,1,1,1,1
5410,2,1,3,1,2,6,1,3,4,2,3,2,3,2,1,1,1
5412,2,4,2,1,1,2,1,2,2,2,3,2,3,2,1,1,1
5413,2,1,8,1,3,3,2,3,2,2,4,3,2,3,1,2,1
5414,2,3,6,3,1,5,9,3,4,1,3,4,3,2,1,0,1
5417,1,1,1,2,2,9,4,4,4,1,2,3,3,3,1,2,4
5420,2,1,2,5,1,4,3,3,2,1,3,3,2,2,1,2,4
5428,2,4,1,3,1,1,3,2,2,2,4,3,3,1,1,1,1
5429,1,3,1,10,1,6,1,3,3,2,2,3,2,4,1,2,2
5431,1,4,2,8,1,1,3,2,1,2,3,2,3,2,1,1,4
5434,1,4,8,3,3,1,6,3,3,2,2,2,3,1,1,1,2
5435,1,4,1,3,1,4,6,2,3,2,2,2,1,2,1,2,4
5437,1,4,2,1,1,1,6,3,3,1,3,3,1,3,1,2,2
5439,1,0,1,2,1,4,6,3,3,1,2,3,2,3,1,1,1
5441,1,4,1,9,2,1,3,3,4,2,3,3,2,3,1,2,1
5442,2,0,2,6,1,5,4,2,1,2,2,3,3,1,2,1,4
5444,1,4,3,8,2,9,5,3,4,2,4,3,2,2,1,0,4
5449,1,4,1,3,9,3,1,3,3,2,3,3,3,4,1,1,2
5450,1,5,1,3,1,5,6,3,2,1,2,4,2,1,1,0,4
5452,1,4,3,1,1,4,9,3,4,2,2,3,4,2,1,2,3
5456,1,3,5,10,1,1,4,3,2,1,3,2,3,4,1,2,4
5461,1,0,1,8,1,5,4,3,5,2,2,1,1,1,1,0,3
5466,1,1,1,3,2,1,4,4,4,1,2,4,2,3,1,0,4
5467,1,4,2,9,1,4,3,3,3,1,3,3,2,3,1,2,1
5469,1,1,6,9,2,1,7,3,3,1,2,4,4,4,1,1,3
5477,1,4,2,3,8,5,4,3,3,2,3,2,3,1,1,1,2
5478,1,4,1,2,1,4,1,3,3,1,3,4,3,3,1,0,3
5481,2,5,3,1,2,5,1,3,4,1,3,1,2,1,2,1,1
5483,2,0,1,7,1,5,3,3,3,1,3,3,2,2,1,1,4
5484,2,4,6,2,1,4,1,2,2,1,3,3,3,3,1,2,3
5485,2,3,1,6,1,5,1,4,3,2,3,3,3,4,1,0,1
5491,2,4,1,7,3,6,1,3,3,1,2,3,3,2,1,0,2
5493,2,1,2,8,2,3,1,2,2,2,2,3,2,2,1,1,1
5494,2,1,2,1,1,1,6,3,2,2,4,2,3,3,1,1,4
5495,1,4,2,6,1,4,1,3,3,1,3,3,3,3,1,2,1
5498,2,0,1,3,1,6,1,2,2,2,3,2,2,3,1,2,1
5500,1,1,2,3,6,1,5,4,4,1,2,4,4,1,1,1,3
5501,2,4,2,1,1,2,9,2,3,2,3,3,2,2,1,1,2
5503,1,5,10,1,1,3,5,3,3,1,3,4,2,4,1,2,1
5505,1,1,8,2,1,4,1,3,3,2,3,3,2,5,1,2,4
5506,2,4,1,2,1,3,1,3,2,1,4,3,2,2,1,1,1
5507,1,0,1,2,1,3,4,3,4,2,5,3,3,4,1,2,4
5508,1,4,1,3,1,9,6,3,3,2,2,3,2,2,1,2,1
5511,1,1,1,10,1,1,4,4,4,1,2,4,2,4,1,2,1
5512,2,4,2,1,1,3,1,2,1,1,2,3,2,4,1,1,1
5513,1,4,8,6,2,4,3,2,2,1,2,2,2,2,1,2,4
5514,1,5,2,3,1,3,1,4,4,1,4,4,2,4,1,2,4
5517,1,3,1,7,1,3,6,3,2,2,3,2,3,1,1,1,2
5523,1,4,3,1,1,3,4,3,3,1,3,2,2,2,2,0,4
5525,1,1,1,3,2,1,5,3,3,2,3,3,3,3,1,2,4
5529,1,0,6,8,1,1,4,3,2,2,3,3,3,2,1,1,4
5533,1,4,2,1,1,1,3,3,3,2,3,3,2,4,1,2,1
5535,2,4,2,8,1,1,9,2,2,1,2,2,3,2,1,1,1
5536,1,1,2,3,1,4,1,3,2,1,3,3,2,3,1,2,3
5538,1,5,1,3,1,4,1,3,3,2,4,3,2,4,1,0,1
5540,1,4,3,1,1,5,4,3,4,1,3,3,3,1,1,1,1
5542,1,3,8,2,1,1,5,3,4,1,3,4,2,3,2,2,2
5545,1,5,2,1,1,4,1,3,2,2,3,3,2,3,1,2,4
5547,1,1,1,9,1,4,6,3,3,1,3,3,4,1,1,1,1
5550,1,4,9,1,8,4,1,3,3,2,3,2,3,3,1,2,3
5552,2,1,2,9,1,1,3,3,2,1,2,3,2,4,1,2,1
5555,2,1,3,2,1,3,1,3,2,2,3,4,3,1,1,1,1
5557,2,4,6,2,1,1,3,3,3,2,3,2,3,2,1,1,1
5560,1,1,1,3,9,1,4,2,1,2,1,1,3,2,1,1,1
5561,1,1,4,2,1,4,6,3,4,1,1,3,2,2,1,2,2
5565,1,3,1,8,2,1,6,3,2,1,1,3,2,3,1,2,1
5567,1,4,2,7,3,1,6,3,3,2,2,3,3,1,1,0,4
5568,2,5,3,1,3,4,5,2,2,1,1,3,2,1,2,1,1
5569,2,4,2,1,1,3,1,2,1,1,3,2,1,2,1,0,1
5570,2,4,1,3,1,3,6,2,2,2,3,2,2,3,1,1,2
5573,2,4,1,7,3,3,5,2,3,2,3,3,2,2,1,2,2
5577,2,1,2,9,8,1,4,3,3,2,2,3,4,1,2,1,1
5579,1,4,3,6,2,1,2,2,2,1,2,3,2,3,2,2,4
5582,1,2,3,8,2,4,3,3,3,2,3,3,3,4,1,0,4
5583,1,3,1,8,1,6,9,3,3,1,3,3,3,4,1,2,3
5584,1,3,2,1,3,1,4,3,2,1,3,3,2,3,1,1,4
5585,1,4,2,3,2,4,6,3,4,2,3,3,3,3,1,1,1
5588,2,4,2,1,1,5,3,3,3,1,3,4,4,3,1,0,1
5590,1,4,1,9,3,4,6,3,3,1,3,4,3,1,1,1,3
5596,1,5,1,8,1,4,7,3,3,1,2,4,3,2,1,1,1
5599,2,4,1,3,1,3,6,3,4,1,3,4,2,2,1,2,1
5600,1,1,3,2,1,5,6,3,4,1,2,2,3,3,1,1,3
5602,1,1,8,6,8,4,5,4,4,2,2,3,2,3,1,2,1
5609,2,1,6,8,4,1,6,3,4,2,3,4,3,3,1,0,3
5610,1,5,1,6,1,1,6,3,3,2,2,3,2,1,1,1,1
5611,1,1,1,3,2,4,1,3,4,2,2,3,3,3,1,1,1
5613,2,2,2,1,1,9,5,3,3,1,3,3,2,2,1,1,1
5614,1,3,1,2,1,1,4,3,2,1,3,3,3,2,1,1,1
5615,1,3,1,8,2,1,4,3,2,1,3,3,3,1,1,1,2
5618,2,1,2,6,1,1,6,4,4,1,3,4,4,3,1,1,1
5619,1,3,2,5,1,4,7,3,3,1,2,4,3,2,1,1,4
5620,2,0,2,8,1,3,1,3,2,1,4,3,2,4,1,2,1
5621,1,2,3,1,1,4,6,2,2,2,3,3,3,1,1,1,3
5624,1,2,2,9,1,4,6,3,4,2,1,3,1,2,1,0,1
5626,2,1,2,1,1,6,9,3,3,1,3,2,3,2,1,1,2
5627,2,4,2,6,1,1,3,2,3,1,3,3,3,3,2,1,2
5629,1,3,3,1,2,3,5,3,3,2,3,3,3,3,1,2,1
5632,2,4,2,1,1,1,3,3,4,2,3,3,2,4,1,1,1
5635,2,4,3,2,1,5,1,3,3,1,3,4,1,3,1,2,1
5636,2,1,2,1,1,1,3,3,3,1,3,3,2,3,1,1,1
5637,2,1,1,9,9,4,6,4,3,1,2,2,4,3,1,1,1
5638,1,4,2,9,4,1,4,3,3,1,2,4,3,2,1,1,1
5641,1,1,2,1,1,1,3,3,2,1,3,4,2,5,1,2,1
5645,1,1,1,2,7,1,3,3,3,2,3,4,3,1,1,1,3
5647,1,4,3,1,2,1,6,2,4,2,3,3,1,1,1,1,2
5648,2,2,2,9,1,3,4,3,3,1,3,2,3,2,1,1,1
5649,1,1,7,10,4,1,4,4,4,2,4,3,3,3,1,2,4
5650,1,5,2,1,1,5,4,3,4,1,2,3,2,3,1,1,1
5653,2,4,8,1,3,1,6,2,2,2,2,2,2,2,1,1,1
5654,1,1,2,6,1,4,8,2,2,1,2,3,3,1,1,1,3
5656,1,1,1,2,1,1,3,4,4,1,3,4,3,3,1,1,3
5660,1,1,8,1,1,1,4,3,3,2,2,3,3,3,1,2,2
5661,2,0,8,9,3,1,5,2,2,2,3,4,3,2,1,2,1
5663,1,1,1,8,1,1,4,2,2,2,3,2,1,3,2,2,4
5664,1,4,3,1,2,1,6,3,4,1,2,4,2,4,1,2,3
5666,1,1,1,3,1,3,4,3,2,2,3,2,3,4,1,1,3
5668,1,3,8,1,3,4,1,2,2,1,3,3,3,2,1,1,3
5673,1,1,1,9,3,4,3,2,2,1,2,3,3,3,1,1,1
5674,1,5,1,2,3,4,3,3,3,1,4,3,2,3,1,2,1
5676,1,1,8,3,8,3,1,3,3,1,3,4,3,2,1,1,1
5677,1,4,2,1,1,4,1,3,2,1,3,2,2,3,1,2,4
5678,1,4,3,1,1,1,4,2,2,2,2,2,2,2,1,1,2
5680,2,3,2,1,1,1,4,3,3,1,4,3,3,3,1,0,1
5681,1,4,2,8,1,4,1,3,3,2,3,4,2,4,1,2,4
5682,1,1,1,3,4,1,6,3,3,2,3,2,2,2,1,1,4
5683,2,4,6,2,1,1,4,3,3,2,2,2,3,1,1,1,2
5686,1,3,9,8,6,1,3,3,4,1,2,3,3,3,1,1,1
5687,1,4,3,1,1,4,1,3,3,2,3,3,2,2,1,0,4
5690,1,4,2,6,1,1,4,3,2,1,4,3,3,3,1,0,4
5692,2,0,8,1,3,3,1,2,2,2,2,2,2,2,1,1,1
5693,2,4,2,6,1,3,2,3,3,1,4,5,4,3,1,1,1
5695,1,1,1,2,1,4,3,4,4,1,3,4,4,3,1,1,4
5696,2,5,1,8,1,1,5,3,3,1,3,2,2,2,1,1,1
5698,2,1,2,1,1,3,5,3,3,1,4,4,3,1,1,1,4
5699,2,4,3,1,2,4,1,2,2,2,2,2,1,2,2,1,1
5704,1,4,2,3,1,4,8,2,2,1,3,3,2,1,1,1,3
5712,2,4,1,3,1,1,3,3,3,1,3,3,2,3,1,2,2
5714,2,1,6,1,4,3,1,3,3,1,4,5,4,3,1,2,1
5716,1,4,5,9,5,3,4,3,4,3,2,3,4,1,1,1,1
5717,1,0,2,9,1,4,3,2,2,2,2,2,1,3,1,2,4
5719,1,4,1,7,1,1,9,3,3,2,2,2,3,1,1,1,1
5720,2,4,3,1,2,6,3,3,3,1,4,2,2,3,1,1,2
5722,2,4,8,1,3,3,1,3,3,1,3,3,3,1,1,1,1
5723,2,4,10,2,1,3,6,3,3,1,4,2,2,2,1,1,4
5724,2,3,2,6,1,1,4,3,2,2,2,4,4,3,1,1,3
5726,2,3,1,9,3,1,6,4,4,1,2,3,3,4,1,1,1
5730,1,1,1,2,1,1,6,3,3,2,2,3,2,2,2,0,2
5738,2,1,6,8,6,6,1,2,2,1,2,2,3,3,2,1,1
5739,2,1,2,8,1,1,5,4,4,1,2,4,4,2,1,1,1
5741,1,4,1,6,1,1,4,3,2,2,2,3,1,4,1,2,4
5744,1,0,1,2,1,3,5,3,3,1,1,3,2,3,1,2,2
5745,2,4,2,1,1,1,5,4,4,2,2,3,1,2,1,1,1
5749,2,0,1,2,3,1,5,3,3,2,3,2,2,2,1,2,4
5756,2,5,3,1,3,3,2,2,2,2,3,3,3,2,2,1,1
5758,1,5,9,3,1,4,5,3,3,2,1,4,3,3,1,1,3
5763,1,0,1,8,1,6,5,3,4,1,3,4,3,3,1,1,3
5768,2,4,1,8,1,4,1,3,2,2,2,3,2,3,1,1,3
5770,1,3,2,1,1,1,4,3,2,1,3,2,3,3,1,2,4
5773,1,4,1,2,1,3,1,3,3,2,2,3,3,1,1,1,1
5775,1,1,1,2,1,3,1,3,4,2,2,5,3,3,1,2,1
5778,1,4,1,2,1,4,1,2,2,2,2,3,3,1,1,1,4
5781,1,5,2,3,1,4,3,4,4,1,2,2,4,3,1,2,3
5782,1,1,8,3,1,1,4,2,2,2,2,3,1,4,1,2,1
5784,2,5,3,1,1,5,4,3,3,1,3,4,2,1,1,1,2
5785,2,1,1,6,1,1,4,3,3,1,3,4,3,1,1,1,1
5786,1,1,2,3,1,4,1,3,3,2,3,3,2,3,1,2,2
5790,1,1,2,1,1,4,6,3,4,1,3,3,3,4,1,2,3
5794,1,1,3,5,1,4,1,3,4,1,2,3,3,3,1,1,1
5796,2,1,1,2,1,6,1,3,3,1,3,3,3,1,1,1,1
5797,2,1,6,2,1,3,1,2,2,2,2,3,3,2,1,1,1
5799,2,4,2,9,1,5,2,3,3,1,3,2,2,1,1,1,1
5801,2,0,6,2,1,1,5,3,3,1,3,3,4,2,1,1,1
5804,1,1,2,1,1,1,7,4,5,2,3,4,3,2,1,1,3
5805,1,3,8,1,1,4,3,3,3,1,3,3,2,4,1,2,1
5807,1,0,3,1,9,3,1,3,3,2,2,4,3,4,1,2,2
5808,1,3,2,1,1,1,4,3,2,1,3,2,2,3,1,2,3
5811,2,4,2,3,1,3,1,2,2,1,2,2,2,1,1,1,1
5816,1,5,8,2,1,4,3,2,1,1,2,3,2,2,1,0,1
5819,1,1,1,8,1,4,1,2,3,2,2,3,2,2,1,1,4
5821,2,1,1,3,1,1,3,4,4,2,4,3,4,3,1,1,1
5822,2,1,1,3,2,5,4,3,3,2,2,4,3,1,1,1,1
5823,1,1,1,9,2,4,6,3,3,1,2,4,3,1,1,1,1
5828,2,1,9,4,1,4,3,2,2,2,3,2,2,3,1,0,1
5831,1,0,6,8,1,3,4,3,4,1,2,3,2,1,1,2,4
5834,1,1,1,3,2,6,1,4,4,1,3,3,3,3,1,2,3
5835,2,1,8,2,1,4,1,3,3,1,2,4,2,1,1,1,1
5836,1,2,1,2,1,1,5,2,2,1,2,2,2,2,1,1,2
5842,1,4,1,2,1,4,3,3,3,1,3,3,2,3,1,2,2
5843,1,0,2,3,2,4,1,3,3,1,3,4,2,3,1,2,2
5845,2,0,8,1,1,1,6,3,4,1,3,4,3,2,1,1,2
5846,1,2,8,2,1,4,6,3,3,2,2,3,2,3,1,2,2
5853,1,1,3,2,3,4,3,1,1,2,2,2,2,1,2,0,4
5854,1,5,5,1,5,4,1,3,3,1,2,4,3,2,1,2,1
5855,1,1,1,2,1,4,9,3,3,1,2,3,3,2,1,1,3
5856,2,0,2,9,1,4,3,3,2,1,3,3,4,2,1,0,1
5857,2,2,2,8,1,5,3,3,4,2,2,4,2,1,1,1,1
5858,2,2,2,6,1,3,1,3,3,1,3,4,3,1,1,1,2
5859,2,4,1,2,1,3,1,3,4,1,3,2,1,2,1,1,2
5860,1,1,1,3,1,4,2,2,2,2,3,3,2,1,1,1,4
5861,1,0,6,3,1,3,1,3,2,2,3,1,3,3,1,1,3
5864,1,0,6,1,8,4,1,3,3,1,4,3,3,4,1,2,2
5866,2,4,1,8,1,6,3,2,2,2,3,2,3,1,1,1,2
5867,2,4,2,6,1,1,4,3,3,1,4,4,3,4,1,2,1
5871,1,1,2,1,1,3,1,3,2,2,2,3,2,3,1,2,1
5873,1,4,1,9,2,4,9,3,4,2,3,4,3,1,1,1,1
5874,1,4,2,6,1,1,3,4,3,1,4,4,2,1,1,1,1
5878,1,5,8,2,1,1,2,3,3,1,2,4,3,3,1,1,1
5880,2,0,2,1,1,3,1,2,2,1,2,2,3,3,1,1,1
5881,2,5,2,1,1,1,2,3,3,2,2,3,2,2,1,1,1
5882,2,0,2,6,1,3,1,3,2,1,3,4,3,3,1,1,3
5883,2,2,1,2,1,9,4,2,3,2,3,3,1,2,1,0,1
5886,2,4,2,7,1,6,2,3,3,2,3,3,2,4,1,2,1
5887,1,4,1,6,2,5,1,3,3,1,4,4,3,2,1,2,2
5888,2,5,8,2,1,3,1,2,3,1,3,3,3,1,1,1,3
5889,2,4,2,1,1,5,2,3,3,2,2,2,3,2,1,1,1
5892,1,4,1,4,3,4,1,3,3,1,3,3,2,1,1,0,1
5894,1,4,3,1,1,1,9,3,4,2,3,3,3,1,2,0,1
5895,1,3,3,10,1,3,4,2,2,2,3,3,3,2,1,1,4
5902,1,3,1,2,1,4,5,4,4,2,2,4,3,3,1,0,2
5905,1,1,1,6,9,4,6,3,3,2,2,2,3,1,2,1,2
5906,2,3,8,1,3,1,4,3,3,1,3,4,2,2,1,1,1
5908,2,3,2,1,3,1,6,3,3,2,2,3,2,2,1,1,1
5912,2,1,2,8,1,1,7,3,2,1,2,3,2,4,1,2,1
5915,2,0,2,1,1,3,5,2,2,1,3,1,2,3,1,2,1
5917,1,4,3,1,3,6,1,3,2,2,3,2,3,1,1,1,1
5918,1,0,1,2,1,4,1,3,3,2,2,3,3,1,1,1,2
5919,2,4,8,1,1,1,6,3,3,2,2,4,3,3,1,1,1
5921,2,4,3,2,3,5,1,3,2,2,3,4,1,3,1,2,1
5924,2,3,4,7,5,3,1,3,3,2,3,3,3,2,1,1,4
5927,1,0,3,8,3,5,1,3,4,2,2,3,3,2,1,2,1
5928,1,2,3,7,1,4,6,3,3,1,2,3,1,1,2,1,2
5930,1,2,3,1,1,4,1,3,3,2,4,4,2,1,1,0,4
5932,1,3,1,9,1,4,5,2,3,1,2,3,2,1,2,1,1
5935,1,4,2,3,1,4,3,3,3,2,4,3,3,2,1,1,4
5936,2,1,2,8,4,3,1,3,2,1,2,2,3,2,1,1,3
5938,1,3,1,9,1,4,3,2,2,2,3,2,2,3,2,2,4
5939,2,2,1,3,1,1,5,3,3,2,2,4,2,3,1,2,1
5942,1,3,2,1,1,1,6,3,4,2,2,3,3,2,1,0,1
5950,1,1,1,3,1,4,1,3,3,1,3,2,2,4,1,2,1
5953,1,1,9,2,6,2,1,3,3,1,3,3,2,2,1,1,2
5958,1,5,1,8,1,6,5,3,2,1,3,3,3,3,1,0,3
5966,1,4,6,3,2,3,4,3,3,2,2,3,3,2,2,2,2
5967,2,3,2,1,1,3,1,3,3,2,2,2,2,3,1,2,3
5968,1,1,2,9,1,4,1,3,2,1,3,4,3,2,1,1,3
5970,2,5,3,9,8,3,9,3,2,1,2,2,2,2,1,0,4
5973,2,4,3,8,2,6,1,3,3,2,2,2,2,1,1,1,3
5975,1,1,1,2,3,1,4,3,2,1,3,2,2,2,1,2,4
5978,2,3,2,9,1,1,5,2,2,2,2,2,4,1,1,1,1
5982,2,5,1,2,1,6,1,3,3,3,3,3,3,3,2,0,1
5983,2,0,2,8,1,1,3,3,3,1,4,3,3,3,1,1,1
5985,1,4,4,10,1,1,4,4,4,1,2,3,3,2,1,1,1
5988,2,4,2,1,1,9,1,3,3,2,3,2,2,1,1,1,3
5991,1,1,1,2,1,6,5,3,4,1,3,3,3,3,1,2,4
5992,2,5,1,3,1,5,9,2,2,2,2,3,2,1,2,1,1
5994,2,0,6,1,1,5,9,2,2,1,2,3,2,2,1,2,1
5999,1,1,3,1,3,1,7,3,3,2,2,2,2,4,1,2,4
6004,1,1,1,3,1,1,4,3,2,1,2,2,3,2,2,2,1
6005,1,1,1,7,2,6,4,4,4,2,1,4,4,2,1,1,3
6006,1,1,2,9,1,4,3,3,2,1,2,4,4,4,1,2,1
6007,2,3,1,6,1,3,1,3,2,2,4,3,3,1,1,1,1
6008,1,0,1,3,2,3,6,2,3,1,3,2,3,2,1,1,3
6009,2,1,2,9,1,4,5,4,4,1,3,5,4,4,1,1,2
6010,2,3,1,2,1,3,6,3,3,1,3,3,2,2,1,0,1
6011,1,4,1,2,3,4,1,3,2,2,3,3,2,4,1,2,4
6012,2,5,8,3,3,3,2,3,2,1,4,2,3,3,1,1,1
6015,2,1,2,6,1,3,1,3,3,1,2,2,3,3,1,2,1
6017,1,0,1,6,1,4,3,3,3,2,4,3,2,4,1,2,4
6020,1,1,1,2,1,6,1,3,3,1,2,4,3,2,1,1,2
6021,1,4,6,8,4,1,4,3,2,1,3,2,3,3,1,1,3
6023,1,1,1,7,2,3,1,3,3,1,3,3,2,2,2,2,4
6026,2,4,2,6,1,1,4,3,3,1,3,3,3,3,1,0,1
6027,2,0,1,9,2,1,9,2,2,2,4,2,3,1,1,1,1
6028,1,4,2,1,1,1,6,3,3,1,3,3,4,2,1,1,3
6029,2,2,2,1,1,3,1,2,2,2,3,3,2,4,1,2,1
6035,2,4,2,1,1,1,6,3,3,1,3,3,2,2,1,1,1
6039,1,4,3,1,1,4,3,3,2,1,2,3,2,3,1,1,4
6042,2,3,8,3,4,5,4,3,2,1,4,2,4,2,1,1,3
6043,1,4,2,1,1,6,4,3,3,2,3,3,3,2,1,0,4
6045,2,3,3,2,1,9,1,3,2,2,2,3,2,3,1,2,1
6047,2,1,9,4,2,2,7,2,1,2,3,3,1,4,1,2,4
6049,1,1,1,3,3,1,5,3,3,1,2,4,2,4,1,2,3
6050,1,1,8,5,2,4,1,2,2,1,2,3,4,4,1,1,1
6052,1,3,2,1,1,1,6,3,3,2,3,3,3,2,1,0,1
6053,1,5,4,1,4,3,8,3,4,1,2,2,3,2,1,1,1
6055,1,4,1,9,1,4,6,2,3,2,3,3,1,3,1,2,4
6057,2,2,9,6,4,1,2,3,4,2,2,3,4,4,1,2,1
6058,1,4,2,3,1,4,1,3,3,2,3,3,2,2,1,2,4
6060,2,5,2,1,1,3,4,3,3,1,3,2,2,2,1,1,1
6062,1,1,3,1,2,4,3,3,3,1,2,2,3,3,1,2,4
6063,1,1,4,1,1,1,4,3,3,1,3,4,4,2,1,1,1
6067,1,5,1,3,2,3,4,4,3,2,3,3,3,3,1,1,1
6068,1,4,2,1,1,4,3,3,3,2,2,2,3,2,1,1,2
6073,2,1,6,8,6,1,6,3,2,1,3,2,3,2,1,1,2
6076,1,1,1,2,1,5,4,4,5,1,2,4,3,3,1,2,2
6079,2,4,2,9,1,2,6,2,2,3,2,2,1,2,2,2,2
6081,1,1,2,9,1,4,1,3,2,1,3,3,3,2,1,1,4
6084,1,1,1,9,3,4,1,2,2,2,3,3,3,3,1,2,1
6085,2,2,1,3,1,1,6,3,4,1,2,4,2,4,1,2,1
6086,2,1,2,10,4,1,4,3,4,2,2,3,3,2,1,1,1
6087,1,3,1,2,1,4,3,2,2,1,3,2,2,2,1,1,4
6092,2,1,1,2,2,3,1,2,2,1,4,2,3,1,1,1,1
6093,1,5,9,2,2,1,4,2,2,2,3,2,3,1,2,0,1
6094,1,5,1,2,1,3,4,4,4,2,4,5,1,2,1,0,4
6097,1,4,2,1,1,3,1,3,3,2,2,4,1,1,1,0,2
6099,1,3,1,7,2,4,1,4,4,1,2,3,4,2,1,1,1
6100,1,1,2,1,1,4,1,3,2,1,2,4,3,2,1,1,2
6106,2,0,2,8,1,5,1,2,2,2,3,2,2,2,1,2,1
6108,2,4,2,8,1,1,3,3,2,1,1,2,3,2,1,1,1
6114,2,0,8,1,2,1,5,3,2,2,3,4,2,3,1,1,1
6115,1,1,1,2,2,4,3,3,3,2,4,2,2,2,1,1,1
6116,1,1,1,9,1,4,1,2,2,2,3,3,3,2,1,2,4
6122,1,4,2,1,1,4,5,3,2,3,3,3,3,2,1,1,4
6124,1,0,1,9,1,4,3,2,2,3,2,2,2,1,1,1,4
6125,1,4,1,9,3,4,1,3,2,1,3,3,1,3,1,2,2
6127,1,3,2,1,1,1,4,3,3,2,3,2,3,1,1,1,3
6128,1,4,1,3,2,4,1,3,2,1,2,2,3,3,1,1,2
6129,2,1,6,2,1,3,1,2,3,1,3,5,3,4,1,2,4
6137,2,1,2,1,1,1,6,4,4,1,3,5,3,2,1,1,1
6142,1,4,1,9,2,1,4,3,3,2,3,3,1,3,1,2,1
6147,1,4,1,8,2,3,1,3,2,2,2,3,2,1,1,1,4
6148,2,4,10,2,1,1,3,3,2,1,4,3,3,4,1,2,4
6156,1,3,1,9,1,4,6,3,4,1,2,3,3,2,1,1,1
6159,1,1,2,1,1,4,1,2,2,2,2,1,1,2,2,2,4
6162,1,3,1,2,1,4,3,2,3,2,3,2,3,2,1,1,3
6165,1,5,2,1,1,4,1,3,3,1,2,3,3,2,1,0,4
6167,2,0,8,2,1,5,1,3,3,1,3,3,4,2,1,1,1
6169,2,1,2,4,4,1,3,3,3,2,3,3,3,4,1,1,1
3001,1,5,9,8,1,4,3,2,2,1,2,3,2,2,1,2,1
3003,2,1,2,4,1,3,6,3,3,1,2,4,3,3,1,0,1
3005,1,4,3,6,4,4,2,2,2,2,3,2,2,2,1,3,4
3006,1,2,1,3,1,1,4,3,3,2,3,3,3,3,1,3,4
3012,1,4,3,1,1,1,5,3,4,2,2,4,3,2,1,0,4
3013,1,4,2,6,4,4,5,3,3,1,3,4,2,4,1,0,4
3015,1,0,8,1,1,4,9,2,2,1,3,3,1,2,1,0,3
3016,2,5,2,1,1,3,6,3,3,1,2,3,1,1,1,0,4
3017,2,5,2,3,1,6,5,3,2,2,3,2,1,1,1,0,3
3018,1,4,3,1,4,4,1,3,3,2,1,2,2,2,1,0,4
3019,1,1,9,1,1,4,1,2,2,1,2,4,2,1,1,0,2
3020,1,5,1,2,1,1,4,3,3,1,3,3,3,1,1,3,1
3021,2,4,8,1,2,6,9,3,3,2,2,3,2,1,2,0,1
3022,2,4,1,2,1,3,5,3,3,2,2,4,2,1,1,0,1
3023,1,0,1,2,1,6,4,3,3,1,2,3,2,2,1,0,3
3024,1,1,1,2,1,4,1,2,2,2,3,2,2,1,1,0,4
3025,1,4,8,2,1,3,4,3,3,2,2,2,3,2,1,0,4
3026,2,4,1,2,1,6,2,3,3,2,3,3,2,2,1,0,1
3027,1,4,1,3,2,4,3,3,2,1,3,3,2,3,1,0,4
3030,2,1,2,6,1,4,5,3,2,2,2,2,3,3,1,1,1
3035,1,4,2,10,4,4,3,3,3,1,3,3,3,2,1,0,4
3036,1,1,3,9,2,3,1,3,4,1,2,3,4,2,1,3,2
3039,2,1,3,1,2,9,6,4,4,2,3,2,2,2,1,0,4
3043,2,4,10,1,3,9,1,3,3,2,4,3,3,2,1,3,1
3044,2,4,6,1,1,1,3,3,3,1,3,3,3,2,1,3,4
3046,2,0,1,2,1,4,5,3,2,2,2,2,2,1,1,0,1
3049,2,4,9,2,3,3,4,2,2,2,2,3,3,4,1,3,3
3051,1,4,3,6,1,1,4,4,4,2,1,4,3,3,1,3,2
3053,2,4,2,1,1,1,6,3,3,2,1,5,1,1,1,0,2
3056,1,0,3,2,4,4,1,4,4,1,2,4,1,1,1,0,4
3061,2,5,1,6,1,5,4,3,3,1,3,3,3,3,1,0,4
3066,2,4,3,6,1,3,5,3,3,1,2,2,2,3,1,0,1
3068,2,4,2,1,4,1,9,3,2,1,3,3,2,2,1,3,1
3069,2,5,6,8,2,5,9,2,2,2,3,3,2,2,1,0,2
3070,1,2,1,8,1,4,5,2,2,2,2,2,2,2,2,3,4
3071,1,4,1,7,4,6,1,3,3,2,2,3,2,2,2,0,2
3073,1,4,1,2,4,4,9,2,2,2,3,2,2,2,1,0,4
3076,2,1,1,3,2,9,6,3,3,2,2,4,2,2,1,3,3
3078,2,4,1,3,1,6,1,3,2,1,3,3,3,1,1,3,1
3080,2,4,1,8,2,1,5,3,2,2,3,2,2,2,1,0,1
3081,1,4,1,2,1,4,3,2,2,1,3,3,2,2,1,0,4
3085,2,4,2,9,3,4,2,2,2,2,2,2,2,2,1,0,1
3087,2,4,1,3,1,4,6,3,3,2,3,3,2,4,2,0,1
3089,2,4,1,9,9,6,1,3,3,2,3,2,2,3,1,0,3
3092,1,0,2,1,1,1,2,3,4,1,3,3,2,1,1,0,4
3096,1,5,2,3,1,3,4,3,2,1,3,3,3,1,1,0,4
3098,1,0,1,8,1,1,4,3,3,2,2,3,3,2,1,0,3
3099,1,2,7,3,4,3,4,2,3,2,3,3,2,1,2,0,3
3102,1,3,6,3,1,6,3,2,2,3,3,3,1,2,2,0,2
3103,1,4,3,8,2,4,6,3,3,1,4,3,2,1,2,0,3
3106,2,0,8,2,4,5,3,3,3,2,2,3,2,2,1,0,1
3109,2,1,1,3,1,6,1,3,2,2,3,2,3,1,1,3,1
3110,2,4,2,3,1,3,2,3,3,1,3,3,2,2,1,0,1
3112,1,4,1,6,1,4,3,3,3,1,3,3,2,1,1,0,3
3115,1,0,2,6,1,4,3,2,2,1,2,3,2,1,2,0,4
3116,1,0,1,4,1,1,4,4,4,1,3,3,3,1,1,0,4
3119,1,1,3,8,2,6,4,2,2,2,3,2,1,2,1,0,1
3121,1,2,10,1,5,1,6,3,2,2,2,2,2,3,1,0,1
3124,1,0,2,8,1,4,5,2,2,1,3,3,2,2,1,3,2
3126,1,4,2,1,4,4,5,3,4,1,2,4,2,2,1,0,2
3127,1,5,2,6,4,4,1,3,2,1,3,3,2,3,2,0,1
3129,2,3,2,1,1,1,3,3,3,1,3,3,2,1,1,0,1
3132,1,5,2,6,1,4,5,3,2,2,2,3,1,1,1,0,3
3133,2,0,3,2,2,1,4,3,2,1,3,3,3,2,1,0,2
3136,1,4,1,3,1,6,4,2,1,1,1,1,1,1,1,0,3
3139,1,5,1,3,3,4,1,2,2,2,2,3,1,2,2,0,3
3141,1,4,3,2,2,4,1,3,1,2,2,3,3,3,2,0,3
3147,1,1,2,3,1,4,3,3,3,1,3,3,3,2,1,3,4
3150,2,4,1,2,1,1,6,3,3,1,2,2,2,2,1,0,3
3151,2,0,1,8,2,1,5,3,3,2,3,3,2,3,1,0,1
3153,1,4,9,2,1,4,9,2,4,1,3,3,3,1,2,3,3
3155,1,5,1,3,3,5,6,3,2,2,4,3,1,1,1,0,4
3161,1,5,1,3,6,6,1,3,4,2,3,4,2,2,1,0,2
3162,1,0,1,8,1,6,9,2,2,2,3,2,2,2,1,0,3
3163,1,1,3,2,1,4,6,2,3,1,1,2,2,2,2,0,4
3165,1,0,5,8,4,4,7,3,2,2,2,4,4,2,1,1,3
3167,1,0,3,1,2,4,3,3,2,2,2,3,3,3,1,2,3
3170,2,5,2,1,2,6,9,3,4,2,3,3,2,2,1,0,3
3172,2,0,2,8,7,1,2,2,2,1,3,3,2,2,1,3,3
3179,1,3,1,9,1,4,6,3,3,1,3,4,3,3,1,0,2
3180,1,4,1,8,1,1,4,2,1,2,3,4,3,3,1,0,4
3181,1,0,3,1,2,4,1,2,3,1,3,3,3,1,1,0,4
3185,1,0,8,2,1,3,4,2,2,1,3,2,1,2,1,0,3
3187,1,3,2,8,1,4,3,2,1,1,2,4,1,2,1,0,1
3188,1,4,1,9,1,3,4,3,2,1,2,3,3,1,1,0,4
3189,1,5,1,7,7,4,6,2,2,2,2,2,2,2,1,0,4
3192,1,4,1,6,2,4,9,3,3,1,2,4,2,1,1,2,3
3193,1,0,2,3,1,6,4,3,3,1,3,3,2,2,1,0,2
3195,1,2,1,6,4,4,5,3,3,1,2,3,2,1,2,0,3
3196,1,1,2,3,1,1,3,3,2,2,3,3,3,4,1,3,1
3200,2,0,1,3,2,2,3,3,3,1,3,3,2,2,1,0,1
3201,1,0,2,3,1,6,4,3,4,1,3,4,2,1,1,0,2
3204,1,1,1,2,1,4,6,3,4,1,2,4,1,3,1,0,2
3205,2,5,2,1,3,3,9,3,3,1,4,4,2,2,1,0,3
3206,1,5,3,1,3,4,5,2,2,1,2,3,2,1,1,0,4
3213,1,4,6,8,4,1,4,2,3,2,2,3,4,4,1,0,1
3214,2,4,2,1,1,3,6,2,2,2,3,2,1,3,1,0,4
3215,2,1,1,2,4,1,6,3,3,2,2,3,2,3,2,3,1
3218,2,5,1,4,4,3,6,3,2,1,2,3,1,1,1,3,3
3219,2,5,8,2,1,6,3,4,4,1,4,4,3,3,1,3,1
3221,2,3,2,1,1,1,6,3,3,1,3,3,2,1,1,0,3
3226,1,4,2,8,2,3,9,3,4,1,2,4,2,2,1,0,1
3231,2,3,1,9,1,9,3,3,3,1,3,3,3,2,1,0,1
3232,1,4,8,1,1,4,3,3,2,1,3,2,2,1,2,0,2
3233,1,4,3,7,1,6,9,3,2,2,2,3,2,2,2,0,1
3236,1,4,2,1,1,1,4,3,3,2,3,3,2,2,1,0,2
3238,1,4,2,6,1,4,1,3,3,1,2,3,3,1,1,3,4
3240,1,1,1,3,1,4,9,3,4,1,2,4,2,2,1,0,1
3243,1,5,8,2,4,6,4,3,4,1,3,3,2,2,1,0,3
3245,2,4,1,3,3,9,2,2,4,2,3,3,1,1,1,0,4
3246,1,1,2,3,4,4,3,3,2,1,3,4,2,1,1,0,3
3247,1,0,2,1,1,6,4,3,3,1,2,3,2,2,1,3,1
3248,1,1,1,4,1,4,1,3,4,1,3,3,2,4,1,3,1
3255,2,4,2,1,1,1,9,3,4,1,3,3,3,3,1,0,2
3258,2,4,6,1,1,1,3,2,3,2,3,2,2,1,1,0,1
3260,1,0,8,3,2,4,3,3,3,1,3,3,2,2,1,0,3
3261,1,0,1,3,6,6,4,3,4,1,4,3,3,3,1,0,1
3262,1,5,8,3,6,4,8,2,2,2,3,3,1,2,1,3,2
3263,2,3,1,3,1,4,6,3,2,1,3,2,2,2,1,0,4
3264,1,1,2,1,1,4,5,3,3,1,1,4,3,1,1,0,2
3266,1,2,1,7,3,4,1,3,3,2,3,1,2,1,1,0,4
3269,1,4,1,3,1,4,1,3,4,1,2,4,3,4,1,3,3
3271,1,4,6,2,1,6,5,3,4,1,2,3,1,1,1,0,3
3273,1,0,1,6,1,4,1,3,4,1,3,4,3,1,1,1,3
3279,2,4,2,6,7,3,6,2,3,1,3,3,2,1,1,0,2
3292,2,0,1,8,1,1,5,3,3,2,3,3,2,2,1,1,1
3293,1,5,2,6,4,6,4,2,2,1,2,3,1,2,1,0,1
3300,2,4,8,3,2,4,6,2,2,2,2,3,2,1,1,3,1
3302,2,1,2,10,1,9,6,3,2,1,3,4,2,3,1,3,1
3307,2,1,8,6,1,6,4,3,2,2,2,2,2,1,1,0,1
3308,2,5,8,6,8,1,6,3,4,2,3,3,3,2,1,3,1
3309,1,4,1,8,1,3,6,3,4,1,3,3,3,3,1,0,3
3314,2,0,2,9,8,6,3,3,3,2,3,4,2,1,1,3,1
3316,2,4,2,7,1,4,1,3,3,1,3,4,2,2,1,0,4
3319,2,5,3,1,1,6,9,2,2,2,2,3,1,2,1,0,1
3320,2,0,6,2,4,2,4,2,2,2,2,3,2,2,1,0,4
3323,1,3,1,2,1,3,4,3,3,1,2,3,2,2,1,0,2
3324,1,1,1,8,1,4,9,2,2,1,3,3,2,2,1,0,4
3325,2,4,2,6,1,3,6,3,3,1,3,3,2,2,1,0,1
3330,1,4,5,8,1,4,3,2,2,1,3,2,1,1,1,0,4
3331,2,1,7,1,4,9,6,3,3,2,2,3,2,1,1,0,3
3332,2,1,1,8,1,3,6,3,2,1,3,3,2,2,1,0,2
3333,2,2,6,3,1,6,3,4,4,1,3,3,2,1,1,0,2
3334,2,0,1,3,1,6,3,3,3,1,1,3,3,2,1,0,1
3343,1,4,1,3,2,3,4,3,2,1,3,4,1,1,1,3,4
3346,2,5,2,8,2,1,3,3,3,1,3,3,3,1,1,0,2
3347,1,4,1,2,1,3,6,3,4,2,3,4,3,2,1,0,1
3354,2,4,1,3,3,3,6,3,2,2,4,2,2,1,1,0,1
3355,1,4,1,2,2,6,4,2,2,1,2,2,1,1,1,0,4
3358,1,4,2,1,1,4,9,4,3,2,3,4,4,2,1,0,4
3359,2,0,8,1,1,4,3,3,3,2,3,2,2,2,1,0,3
3360,2,4,1,3,1,1,2,3,2,2,2,3,1,2,1,3,1
3363,1,4,2,1,1,4,1,2,2,2,2,3,1,2,1,0,4
3366,1,4,3,2,6,4,5,3,2,1,2,2,2,2,1,0,1
3369,1,0,1,2,4,6,4,3,3,1,2,3,1,1,1,0,4
3370,1,4,1,2,1,4,6,3,4,1,3,3,3,1,1,0,4
3371,2,0,1,2,2,4,9,2,2,1,1,2,2,2,2,0,1
3374,2,5,6,1,1,1,6,3,3,1,3,3,2,2,1,3,1
3376,1,5,2,8,1,4,5,3,2,1,2,3,2,1,1,3,4
3378,1,4,1,8,1,4,3,2,3,1,3,3,1,2,1,0,2
3384,1,1,1,3,1,4,1,3,2,1,3,3,3,2,1,0,4
3389,2,3,1,6,1,4,1,3,3,1,4,4,2,2,1,0,3
3390,2,0,1,3,2,1,6,3,3,1,2,2,3,2,2,0,4
3392,2,4,6,1,2,4,3,3,4,2,2,3,3,2,1,0,4
3393,1,4,3,1,2,1,6,3,2,1,2,2,2,3,1,0,4
3395,2,4,1,3,1,3,1,3,2,2,4,3,2,1,1,0,1
3396,2,5,8,1,1,9,6,3,3,1,2,3,2,1,1,3,1
3398,2,3,9,2,6,5,9,2,2,2,2,2,2,1,1,3,1
3399,2,5,4,1,1,9,3,3,4,1,4,2,1,2,1,0,3
3407,2,5,8,9,2,6,1,3,4,1,2,3,2,1,2,0,1
3409,2,1,2,1,1,6,3,3,3,1,2,4,2,3,1,0,1
3410,2,2,2,1,2,9,3,4,4,1,1,2,2,2,1,0,2
3419,1,0,1,2,1,1,4,2,2,1,2,2,2,1,1,0,3
3420,1,3,8,1,2,4,5,3,3,1,4,4,3,2,1,0,4
3422,1,4,1,2,1,4,1,3,2,1,3,2,3,2,1,0,1
3425,1,0,1,2,1,1,6,3,3,2,3,3,3,3,1,0,4
3431,1,0,3,2,1,4,3,2,3,1,2,2,2,2,1,0,3
3438,2,0,1,2,1,6,2,3,3,2,2,3,2,2,1,0,1
3440,1,4,1,3,1,4,9,3,2,1,2,2,3,3,2,1,1
3441,2,4,1,2,4,1,6,2,2,1,2,3,3,3,1,0,1
3445,2,3,1,2,1,1,2,3,2,1,3,2,3,2,1,3,1
3447,2,1,8,2,1,6,1,2,2,1,3,3,3,2,1,0,3
3449,2,2,2,3,1,5,4,3,3,1,4,2,2,1,1,3,1
3450,2,5,1,8,3,1,6,3,3,1,3,3,3,2,1,0,4
3451,2,4,8,1,3,6,3,3,3,2,3,3,3,2,1,0,4
3453,1,1,1,4,1,3,4,3,3,2,2,4,2,2,1,0,4
3458,1,5,1,3,2,4,5,3,3,2,3,3,3,2,1,0,4
3460,1,4,1,2,1,4,9,3,4,2,2,3,1,2,1,3,1
3461,1,2,6,1,1,6,4,3,4,1,2,4,2,2,1,0,3
3467,1,5,2,8,1,4,1,3,2,1,3,3,2,3,1,0,4
3468,1,0,1,3,1,5,6,3,4,2,3,4,3,3,1,0,4
3469,2,3,6,9,1,1,5,3,3,1,2,3,3,2,1,0,1
3470,1,4,1,3,4,1,2,4,5,2,3,4,2,1,1,3,4
3474,1,0,6,5,1,1,6,3,2,2,3,3,2,4,1,0,4
3478,1,4,3,1,2,4,6,3,3,1,2,4,3,3,1,0,1
3479,1,5,1,3,1,4,6,2,2,2,3,5,2,1,1,3,2
3481,1,2,2,6,1,4,6,3,3,2,2,3,3,1,2,0,2
3484,2,5,3,2,3,5,4,2,1,1,3,3,2,3,1,0,2
3487,2,5,2,6,1,5,3,4,4,1,2,5,2,1,1,0,2
3488,2,4,1,8,4,3,6,3,2,2,3,2,3,3,1,0,1
3494,1,0,3,1,2,4,3,2,1,2,3,3,2,3,1,0,3
3496,1,3,9,2,4,4,6,3,3,1,1,2,2,1,1,0,4
3498,2,4,4,8,1,3,4,3,4,1,3,3,3,3,1,0,2
3499,2,0,2,3,1,1,3,3,4,2,4,4,3,2,1,3,3
3500,2,5,1,6,4,3,5,3,3,1,3,3,2,2,1,0,1
3502,2,4,2,3,1,6,1,3,2,2,2,2,2,2,1,0,3
3503,2,1,3,2,1,6,4,3,3,1,2,2,2,1,1,0,1
3504,2,5,2,1,7,1,2,2,2,1,3,2,3,3,1,0,1
3507,1,4,1,3,4,3,6,3,3,1,2,3,3,2,1,0,1
3508,1,0,1,2,1,6,1,3,3,2,2,4,2,1,1,3,4
3511,2,0,8,2,1,5,1,2,2,2,3,2,2,2,2,0,2
3514,2,3,3,2,1,6,4,2,2,2,2,1,1,1,1,0,4
3515,2,2,2,1,1,3,4,3,2,2,3,2,2,2,1,0,2
3517,2,4,2,8,1,4,6,3,3,1,3,4,2,3,1,0,1
3518,1,4,1,8,7,4,5,3,3,1,4,3,3,2,1,3,2
3520,1,0,3,1,2,4,5,3,3,2,3,3,2,2,1,0,4
3526,1,2,2,1,1,4,6,2,2,2,3,2,2,2,1,0,3
3527,1,3,1,3,2,6,4,3,3,2,2,3,3,2,1,0,3
3531,1,4,8,1,1,4,3,2,3,2,3,3,2,1,1,0,4
3532,1,5,2,9,1,4,1,2,2,1,3,2,1,1,1,0,1
3533,1,4,1,9,2,4,5,3,4,1,4,4,2,2,1,3,2
3535,1,2,2,3,1,3,4,4,3,1,3,5,3,2,1,0,1
3536,1,0,1,8,1,4,6,2,3,1,2,2,2,3,1,0,1
3543,2,3,2,8,1,9,6,3,2,2,3,3,2,1,1,0,3
3544,2,0,1,2,3,3,4,3,2,2,3,2,2,2,1,3,1
3547,2,3,4,2,1,1,4,3,2,2,3,3,2,1,1,3,2
3551,1,1,1,2,3,4,2,3,2,1,3,3,2,2,1,0,4
3553,2,0,2,3,1,1,3,3,2,2,3,3,1,1,1,0,2
3557,1,4,3,6,2,6,9,2,2,1,3,3,1,2,1,3,4
3559,1,5,3,1,1,6,4,3,3,1,3,3,2,2,1,0,3
3566,1,4,7,1,1,4,1,2,2,1,3,2,2,3,1,0,4
3568,1,0,8,9,1,4,5,2,2,2,3,3,1,4,1,0,4
3571,2,4,1,3,2,2,1,3,3,1,3,3,2,1,1,0,1
3577,2,1,1,3,2,9,6,3,3,2,4,2,2,1,1,0,1
3578,2,4,2,1,1,6,1,3,2,2,4,2,1,3,1,3,3
3579,2,1,6,3,2,5,1,3,3,2,3,2,2,1,1,3,1
3580,2,4,1,7,3,4,1,2,2,1,1,2,2,1,2,0,1
3588,1,4,9,1,2,6,1,2,3,2,3,2,3,1,1,0,2
3590,2,2,2,3,1,3,4,2,2,2,2,2,3,2,1,3,1
3594,2,5,6,8,4,4,1,3,3,2,3,3,3,2,1,3,1
3595,2,0,1,6,1,4,3,2,2,2,4,2,1,2,2,0,1
3597,2,4,1,8,1,2,6,3,3,2,2,2,3,2,1,0,4
3598,1,2,1,3,1,4,5,2,3,1,2,3,2,2,1,0,2
3599,1,4,2,1,1,4,5,2,2,1,2,3,2,2,2,0,1
3601,2,4,8,1,4,9,2,3,3,2,2,3,3,1,1,0,3
3602,1,2,1,3,2,4,1,3,2,1,2,4,3,1,1,0,4
3604,1,0,8,1,3,4,3,2,2,1,3,3,2,1,2,0,3
3605,1,4,3,5,2,1,4,3,4,2,3,3,4,2,1,0,4
3609,1,4,8,1,1,4,6,3,3,1,2,4,1,2,1,0,4
3617,1,5,1,9,1,1,6,2,1,1,3,3,2,1,1,0,4
3618,1,0,8,3,1,5,4,3,3,2,2,3,1,2,2,0,3
3619,2,4,1,7,1,5,6,3,2,1,3,3,2,2,1,0,1
3622,1,5,1,6,1,4,6,2,2,2,2,2,1,1,1,0,4
3623,2,0,6,10,1,4,3,3,3,1,3,3,2,2,1,0,4
3626,1,4,8,3,1,6,2,3,2,1,3,3,3,2,1,0,3
3627,1,0,1,2,1,4,6,1,1,2,3,2,1,1,1,0,1
3629,1,3,2,8,2,4,3,3,3,1,3,3,2,2,1,3,4
3632,2,4,3,1,2,4,6,3,3,1,3,3,3,3,1,3,1
3633,2,4,2,3,1,6,3,3,3,2,3,2,3,1,1,0,2
3634,1,1,2,1,7,4,3,3,3,1,3,3,2,2,2,0,1
3635,2,5,3,8,6,1,9,3,2,1,2,2,1,3,1,0,3
3637,1,4,2,1,1,1,4,3,3,1,3,3,3,3,1,3,4
3639,2,4,6,3,2,4,1,3,3,1,3,3,2,2,1,0,1
3645,2,0,8,1,1,6,2,2,3,2,3,3,2,1,1,3,1
3646,2,4,1,2,1,3,5,3,4,1,3,4,3,1,1,0,4
3648,1,5,3,8,2,1,6,3,3,1,3,3,2,2,1,0,4
3653,1,4,7,1,1,4,3,2,2,1,2,4,2,2,1,3,2
3655,2,5,5,8,2,3,5,2,3,2,3,2,2,1,1,0,4
3656,1,4,6,2,1,6,5,4,4,1,2,4,4,2,1,0,1
3657,1,4,2,1,3,4,3,3,3,2,2,4,3,3,1,3,4
3658,1,4,2,6,4,3,1,3,2,1,3,3,2,3,1,0,4
3660,1,4,3,2,2,4,3,3,3,2,2,4,3,3,1,0,1
3662,2,3,9,1,1,5,4,3,3,1,2,3,3,2,1,0,1
3665,1,1,1,7,3,1,6,3,3,2,4,4,3,4,1,0,1
3666,2,0,2,1,1,3,1,2,2,1,3,3,1,1,2,0,3
3667,2,5,8,1,1,1,5,3,3,1,2,3,3,1,1,1,1
3671,1,4,1,4,1,4,5,1,1,1,2,1,1,1,1,0,3
3672,2,5,2,8,1,5,3,2,2,2,3,3,2,1,1,0,4
3676,1,4,1,2,1,1,4,3,2,1,4,3,4,3,1,3,1
3677,1,3,6,2,1,6,1,3,4,2,3,3,2,3,1,0,2
3678,1,3,1,7,1,9,6,4,4,1,2,3,3,2,1,0,1
3683,1,0,2,1,2,4,1,2,2,1,3,2,3,2,1,1,4
3684,2,5,2,6,2,3,6,2,2,2,3,2,2,1,2,0,4
3685,2,4,2,1,1,4,3,3,3,1,3,3,1,1,1,0,1
3687,2,1,8,1,1,1,9,3,3,2,2,3,2,3,1,0,1
3688,2,4,6,1,1,5,4,3,3,1,3,3,2,2,1,0,4
3689,2,3,2,1,1,4,9,3,3,2,3,3,2,2,1,0,2
3690,2,3,1,6,2,6,2,3,3,2,3,3,2,2,1,3,1
3695,2,5,1,2,1,6,3,3,4,2,2,3,2,2,2,0,3
3697,1,0,3,8,2,4,5,2,2,1,2,2,3,3,1,3,1
3699,2,4,1,2,1,1,4,3,4,2,3,5,3,1,1,1,4
3700,1,5,1,3,1,5,9,3,3,2,2,3,2,2,1,0,2
3703,2,1,2,3,2,5,1,2,1,2,3,2,2,1,1,0,1
3707,2,4,1,8,1,1,6,3,3,2,4,3,2,2,1,0,3
3708,1,5,2,1,2,4,3,2,2,1,2,1,2,1,2,0,4
3709,1,3,1,10,1,4,1,4,4,1,3,4,3,4,1,3,3
3712,1,0,3,1,4,4,3,3,4,1,3,4,2,3,1,0,4
3714,1,0,9,2,1,4,5,3,3,1,3,4,3,2,1,0,1
3715,1,5,2,1,1,4,3,3,2,1,3,2,3,3,1,0,4
3717,2,4,1,3,2,3,4,3,3,2,2,2,2,1,1,0,4
3721,2,1,3,1,1,9,4,3,3,1,2,3,2,2,1,0,1
3722,2,4,6,1,1,1,3,3,4,1,3,4,2,2,1,1,1
3723,2,4,3,1,3,4,1,3,3,2,2,3,2,2,1,0,3
3732,1,5,1,2,1,4,3,3,3,1,3,4,2,4,1,0,1
3736,2,0,3,1,1,6,4,2,3,2,3,3,2,1,1,0,3
3740,2,2,1,8,1,1,5,2,2,1,3,2,2,1,1,0,4
3746,1,0,2,3,4,4,5,3,4,1,3,4,1,1,1,0,4
3747,2,4,6,3,2,2,3,4,4,1,2,4,4,3,1,0,3
3748,1,5,8,3,1,4,6,2,2,2,3,2,2,2,2,0,1
3750,1,4,9,2,1,4,1,2,2,2,3,2,2,2,1,0,4
3752,1,1,8,3,1,4,3,3,3,2,2,3,3,2,1,0,1
3753,1,2,2,10,3,4,3,3,3,2,3,3,2,3,1,3,4
3754,2,0,8,6,4,1,2,3,2,1,3,3,1,3,1,0,4
3755,2,4,1,3,1,9,1,3,3,2,1,3,2,2,2,0,3
3756,1,4,7,2,1,1,3,3,3,1,3,4,2,1,1,1,2
3758,2,0,6,7,1,1,6,3,2,1,4,2,2,3,1,3,4
3763,2,0,2,6,1,3,5,2,2,1,2,3,2,2,2,0,4
3765,1,4,1,3,1,5,4,3,3,1,3,3,3,3,2,0,4
3766,1,4,1,2,3,4,6,3,3,1,3,3,3,3,1,0,4
3768,1,0,2,1,3,4,3,2,2,2,2,2,1,3,1,0,4
3769,1,0,1,3,2,6,9,3,3,2,2,3,2,1,1,0,4
3770,1,4,6,1,4,1,4,4,4,1,3,3,3,3,1,3,3
3771,2,1,8,2,1,1,5,3,2,2,3,3,3,2,1,3,1
3772,2,5,3,8,1,3,6,3,4,2,3,3,2,2,1,0,1
3779,2,4,8,7,1,6,1,3,2,2,2,3,2,3,1,0,1
3781,2,4,2,6,4,1,4,3,4,1,3,2,3,1,1,1,1
3782,1,0,3,2,2,4,5,3,2,2,2,4,2,2,1,0,4
3784,2,0,1,7,7,1,6,3,3,1,3,2,2,1,1,0,1
3787,1,1,2,8,1,4,3,3,3,2,2,3,2,2,1,0,1
3795,1,0,2,3,1,4,1,3,3,1,3,3,3,2,1,3,3
3796,2,0,10,6,1,4,3,3,3,2,1,4,3,3,1,0,1
3798,1,5,1,2,1,3,6,2,2,1,2,2,1,1,1,0,4
3807,1,5,1,2,2,6,1,2,2,2,2,3,1,2,1,0,3
3808,2,3,1,2,1,3,6,2,2,1,3,2,2,2,1,0,1
3809,2,1,6,2,1,1,3,3,3,1,2,3,2,2,1,0,2
3811,2,0,4,1,4,1,8,4,5,2,3,4,3,1,1,0,1
3817,1,0,8,4,5,4,8,3,2,1,3,3,2,2,1,0,1
3822,1,0,3,7,2,4,6,4,5,2,3,3,3,3,1,0,3
3827,1,4,1,2,1,4,1,4,3,1,4,4,2,3,1,3,4
3828,2,5,3,1,6,1,3,3,3,1,3,3,2,2,1,0,1
3832,1,1,9,7,1,1,4,3,3,1,3,4,2,4,1,0,4
3833,1,4,3,9,6,4,5,2,3,2,3,3,2,1,1,0,1
3834,2,4,2,9,4,9,2,3,2,1,3,3,3,1,1,0,3
3835,2,4,2,3,1,1,4,3,3,2,3,3,2,2,1,0,2
3839,2,5,1,3,4,6,2,3,4,1,3,2,2,1,1,0,1
3842,1,1,1,7,1,4,6,2,3,2,2,3,2,2,2,0,4
3844,1,0,1,7,2,4,9,2,3,2,2,3,3,1,1,0,4
3845,1,4,8,1,3,4,3,3,3,2,2,3,2,2,1,0,3
3848,2,4,3,8,2,6,1,2,2,1,2,2,1,3,1,0,2
3849,1,4,1,5,1,4,1,3,3,2,3,3,3,1,1,0,4
3850,1,1,1,6,1,4,1,3,3,1,3,3,2,2,2,0,4
3852,1,5,2,6,1,4,1,2,2,1,2,2,2,2,1,0,4
3853,2,4,1,7,3,3,2,2,2,2,2,2,2,1,1,0,1
3854,2,5,2,3,8,1,3,3,3,1,3,4,3,3,1,0,4
3855,1,1,2,1,1,4,6,3,4,1,3,3,2,1,1,0,2
3857,1,4,1,3,2,4,1,2,1,2,3,2,3,2,1,0,1
3859,1,5,7,6,1,3,1,4,5,2,3,3,3,3,1,0,1
3860,2,5,8,6,1,1,5,3,2,1,3,2,1,2,1,0,4
3863,1,1,3,2,4,9,1,2,3,2,2,2,2,1,2,0,2
3864,1,4,2,4,1,4,3,2,3,2,3,3,3,2,1,0,4
3866,2,1,2,9,1,4,1,3,3,1,2,3,3,2,1,1,2
3867,2,5,2,8,1,4,1,2,2,1,3,2,1,1,2,0,4
3872,2,0,1,8,2,9,5,2,2,1,3,2,2,1,1,0,4
3874,1,0,2,1,1,4,1,3,2,1,2,3,3,2,1,0,2
3875,1,3,3,1,2,3,4,2,3,3,2,2,2,2,1,0,3
3876,1,0,1,3,2,4,3,3,3,2,2,4,2,2,1,0,1
3879,1,0,2,6,1,6,9,3,4,1,3,4,2,3,1,0,3
3881,1,4,2,8,1,1,4,2,2,1,2,3,2,3,1,0,2
3882,1,4,1,3,1,9,6,3,4,1,3,3,2,2,1,3,3
3888,1,0,2,9,1,4,1,3,3,2,2,2,3,3,1,0,4
3889,2,4,1,8,2,2,3,2,3,1,3,3,1,1,2,0,4
3892,1,5,1,9,8,4,6,3,3,1,3,4,3,3,1,3,2
3893,2,4,1,2,4,4,9,3,3,2,2,4,3,1,1,0,3
3895,1,4,2,1,1,4,3,3,3,1,3,3,3,2,1,0,4
3896,1,1,2,6,1,4,6,3,4,2,3,3,3,2,1,3,3
3897,1,0,2,1,1,4,3,2,2,1,2,2,3,2,2,0,1
3899,2,0,1,6,2,9,1,3,3,1,3,3,2,2,1,0,1
3900,1,4,1,3,1,4,6,3,2,1,3,2,1,2,2,0,1
3901,2,4,1,3,1,6,9,2,2,1,2,2,2,2,1,3,3
3902,2,0,1,2,1,1,4,3,3,1,3,3,1,1,1,0,1
3903,1,4,1,2,1,1,4,4,4,2,3,3,3,3,1,0,4
3904,1,4,1,3,1,2,4,3,3,2,3,4,2,2,1,0,1
3906,1,5,1,6,1,4,6,3,2,2,3,3,3,3,1,0,4
3907,1,1,1,8,1,4,9,3,3,2,3,3,2,2,1,0,3
3908,1,4,2,1,1,4,3,3,3,2,2,2,3,1,2,3,3
3909,1,4,4,8,1,3,1,2,2,1,3,2,3,1,1,3,4
3910,1,4,2,1,1,4,1,4,3,1,1,4,3,4,2,0,3
3911,1,0,6,8,3,4,9,3,3,1,4,3,3,2,1,0,4
3913,2,0,3,6,1,9,6,3,3,2,3,3,2,2,1,0,4
3919,1,4,1,6,2,4,9,4,4,1,5,4,3,3,1,3,1
3920,2,0,3,2,1,3,4,2,2,1,2,2,1,1,1,1,1
3923,1,5,9,3,1,4,1,3,3,2,2,4,3,2,1,3,3
3925,1,0,8,1,1,9,1,3,3,1,3,5,3,2,1,0,1
3926,1,1,2,9,1,1,4,3,2,2,4,3,2,2,1,1,2
3927,2,0,1,4,2,1,6,3,3,2,3,3,3,3,1,0,2
3929,2,0,3,8,1,5,6,3,3,1,3,1,1,1,2,0,4
3931,2,1,2,1,1,1,3,3,3,1,4,3,2,1,1,0,4
3937,1,4,1,2,1,3,1,3,2,1,3,3,3,3,1,0,4
3939,1,4,1,2,1,4,3,2,2,2,3,2,2,2,1,0,1
3945,2,5,8,2,1,9,6,3,3,2,2,3,2,3,2,0,3
3948,2,3,6,1,2,3,1,3,3,1,3,3,1,1,1,0,1
3949,2,0,6,2,9,3,1,3,3,1,2,2,3,2,1,0,4
3950,2,1,1,9,3,1,6,3,2,2,3,4,3,3,1,3,1
3951,2,4,3,1,2,5,6,3,4,1,3,4,3,3,1,0,1
3952,1,0,1,2,1,4,1,3,3,2,3,2,2,2,1,3,3
3954,1,5,1,8,1,4,6,3,3,2,2,4,2,2,1,0,4
3955,1,5,1,2,3,4,1,3,2,1,2,3,2,2,1,0,4
3956,2,5,1,8,1,6,3,2,1,2,2,3,2,1,1,0,4
3957,1,4,1,2,1,1,2,4,5,1,1,4,1,2,1,3,3
3958,2,4,1,2,2,4,3,3,4,2,2,2,2,1,1,0,3
3959,2,0,6,1,4,6,9,3,4,2,2,3,2,1,2,0,1
3960,1,0,3,2,1,1,4,3,2,1,3,3,1,1,1,0,3
3962,1,5,8,1,2,4,2,3,3,1,2,3,2,2,1,0,1
3963,1,0,1,8,5,4,1,3,3,2,3,2,3,2,1,0,4
3964,1,5,2,1,2,4,1,3,2,1,3,2,2,3,1,3,1
3968,2,4,1,3,2,5,4,2,3,1,3,2,2,2,1,0,4
3969,2,1,3,2,1,4,6,2,2,1,3,3,2,2,1,0,1
3971,2,1,2,3,1,1,3,3,2,1,3,4,3,1,1,3,1
3973,1,0,8,2,1,4,5,3,3,1,2,3,2,2,1,0,1
3974,1,5,2,6,1,3,1,3,2,1,3,3,3,3,1,0,1
3976,1,4,2,1,1,4,3,3,3,1,2,3,2,2,1,0,3
3983,2,4,1,2,1,1,6,3,2,1,3,2,2,3,1,3,4
3985,2,4,1,10,2,6,4,3,4,1,3,3,2,2,1,0,3
3986,1,4,3,6,1,1,4,2,1,1,3,3,1,1,1,3,2
3990,1,3,3,1,1,6,4,3,3,2,4,3,1,1,1,0,1
3991,1,1,2,8,1,4,3,2,2,1,2,3,1,2,1,3,1
3992,2,4,1,6,1,3,6,3,3,1,2,3,2,1,1,3,2
3993,1,0,2,1,2,4,5,3,2,1,3,2,2,1,1,0,4
3994,2,0,1,8,2,6,3,3,3,1,3,3,2,2,1,0,1
3998,1,0,2,1,1,4,5,2,2,2,3,3,2,2,1,0,4
3999,1,0,3,1,2,4,1,3,2,2,3,2,2,1,1,0,4
4005,2,0,2,1,1,3,1,3,4,1,3,3,2,2,1,1,1
4006,2,3,3,2,2,6,5,3,3,1,2,2,2,2,2,0,1
4008,2,5,1,6,6,4,1,3,3,2,3,2,3,3,1,3,1
4016,2,0,1,4,1,4,5,3,3,1,3,1,3,1,1,0,1
4018,1,5,2,1,2,4,3,3,3,1,2,3,3,2,1,0,4
4019,2,4,8,2,2,1,3,3,3,1,3,3,4,3,1,0,1
4022,1,4,3,1,2,4,1,3,3,2,3,3,3,2,1,0,2
4023,1,5,1,8,1,7,4,3,3,1,3,3,3,3,1,0,1
4024,1,5,2,9,1,4,1,2,1,1,3,2,3,3,1,0,4
4027,1,1,1,7,8,5,1,3,3,1,2,2,2,3,1,0,1
4028,1,5,1,3,1,4,1,3,3,2,1,3,1,1,1,0,4
4030,1,1,1,3,1,1,9,2,2,2,2,2,2,2,1,0,4
4032,1,4,1,3,1,9,5,2,2,1,2,2,1,2,1,0,4
4035,1,4,1,2,1,4,1,2,1,2,4,3,3,2,1,3,2
4038,1,0,8,3,1,4,6,3,4,2,2,4,1,1,2,0,4
4041,1,4,6,1,4,6,1,2,2,2,2,3,3,3,1,0,2
4043,2,5,2,8,4,1,9,2,2,1,3,3,1,2,1,3,3
4044,2,0,1,3,1,5,7,3,3,1,3,3,2,3,1,0,1
4045,2,5,8,1,3,6,5,2,1,2,3,3,1,1,2,0,4
4048,2,3,1,2,1,3,6,2,2,2,2,3,2,2,2,0,3
4049,1,1,2,1,1,4,5,3,3,1,3,3,2,2,1,0,4
4053,1,4,1,9,7,4,3,3,3,2,3,2,2,2,1,0,1
4056,1,1,1,8,1,6,3,3,4,1,3,3,2,2,1,0,4
4057,2,0,2,6,1,1,4,3,2,1,4,3,3,2,1,3,4
4058,2,4,1,8,7,9,3,3,3,2,4,4,3,2,1,0,3
4059,2,2,1,9,2,6,9,3,2,2,1,2,1,1,1,0,3
4060,1,4,1,3,2,4,3,3,3,2,2,3,3,1,1,0,4
4061,1,4,2,8,1,4,1,3,2,2,2,3,2,2,1,3,4
4064,2,0,1,2,1,1,6,4,4,1,3,3,3,2,1,0,1
4068,2,4,8,9,2,1,3,3,3,2,3,2,1,2,1,0,1
4069,1,4,1,3,1,1,4,2,1,2,3,3,2,2,2,0,4
4071,1,5,2,1,1,4,1,3,2,2,2,2,2,2,1,3,3
4073,2,4,9,1,2,9,3,3,3,1,2,3,3,2,1,0,3
4076,2,0,10,1,6,1,3,2,3,2,3,5,1,2,1,0,3
4079,2,5,8,2,1,1,3,3,3,2,3,2,2,1,1,3,1
4080,2,0,1,2,1,3,4,2,2,2,3,3,2,2,1,0,2
4081,1,3,3,6,3,4,5,2,1,1,2,3,2,2,1,0,4
4082,2,0,3,8,1,4,9,2,1,2,2,3,1,2,2,0,4
4085,2,0,1,8,2,6,9,3,3,2,3,4,2,2,1,0,1
4088,2,4,2,1,1,4,1,3,3,2,3,1,1,2,1,0,2
4092,1,3,3,2,1,1,4,3,2,1,3,3,2,1,1,0,1
4096,1,5,1,6,1,3,4,3,2,1,3,3,3,3,1,0,2
4100,1,5,2,8,1,6,4,3,3,1,3,3,3,3,1,0,1
4102,1,1,2,3,8,6,4,4,4,1,2,3,3,2,1,0,3
4103,1,4,3,1,1,4,5,3,2,1,3,3,2,2,1,0,4
4104,2,1,8,1,1,6,2,3,4,2,3,4,2,2,1,0,1
4112,2,4,6,2,1,1,5,3,3,2,3,3,4,3,1,0,1
4113,2,4,8,1,2,1,2,2,2,1,3,2,2,2,1,0,1
4119,1,0,1,3,1,4,1,3,2,1,4,5,3,4,1,0,3
4120,2,4,8,2,1,4,6,2,2,2,1,2,2,1,1,0,2
4125,2,0,2,3,1,3,6,1,1,1,3,3,2,1,1,3,3
4129,1,4,1,7,1,1,4,3,3,1,3,3,3,4,1,1,3
4130,1,1,6,1,1,4,9,3,3,2,2,3,2,2,1,1,2
4133,1,4,3,1,2,3,4,2,2,1,3,2,4,3,1,0,4
4135,2,4,1,3,1,3,1,3,2,2,2,3,3,3,1,0,1
4140,2,4,2,1,1,1,3,3,2,2,3,2,2,3,1,3,1
4145,2,1,3,2,1,1,3,3,3,1,3,2,2,2,1,1,1
4148,1,1,2,1,7,4,6,3,2,1,2,3,2,1,1,3,3
4149,1,0,1,2,3,1,4,3,3,1,3,2,2,1,1,0,4
4151,2,5,1,3,2,5,6,3,3,2,3,2,1,2,1,0,1
4153,2,4,2,1,1,6,3,3,3,1,3,3,3,2,1,0,1
4154,2,3,3,8,1,6,9,2,3,2,2,2,2,2,1,0,4
4155,1,4,1,2,3,1,6,3,4,2,3,4,4,2,1,3,1
4160,2,2,2,6,1,1,2,3,3,2,3,3,3,1,1,0,1
4166,1,4,1,7,3,4,5,2,2,1,2,3,2,2,2,0,1
4168,2,4,6,2,1,2,9,3,3,1,3,2,2,3,1,0,2
4169,1,4,1,2,2,6,4,3,3,1,3,3,3,4,1,0,4
4171,1,5,1,7,1,4,3,3,2,1,3,3,2,2,1,0,2
4172,1,4,2,8,1,4,3,3,2,1,3,3,2,3,1,0,1
4173,2,4,6,2,1,1,3,3,3,2,1,4,4,1,2,1,1
4183,2,3,6,3,1,1,6,3,3,2,3,3,3,2,1,3,3
4189,1,1,1,3,2,9,6,2,1,3,3,2,2,2,1,3,4
4190,2,5,6,10,1,5,4,2,2,1,2,3,3,2,2,0,4
4191,1,1,8,1,3,4,5,3,3,1,3,3,2,2,2,3,1
4192,1,0,2,8,1,4,3,2,2,1,3,3,2,2,1,3,4
4193,2,0,1,10,1,6,1,2,2,2,3,3,3,2,1,0,3
4198,1,3,8,2,3,1,4,2,2,2,3,3,2,2,1,1,1
4200,1,0,1,2,1,4,1,3,2,1,3,3,2,2,1,0,2
4202,2,1,2,8,1,9,6,3,2,1,3,2,2,2,1,3,1
4203,1,0,9,2,1,4,7,1,2,2,2,3,3,2,1,0,1
4204,1,4,2,6,1,4,3,3,3,1,3,3,2,2,1,0,2
4207,1,4,1,8,2,4,6,3,3,1,3,3,2,2,1,0,4
4208,2,4,1,2,7,2,4,3,2,2,2,2,2,2,1,0,4
4210,1,0,1,2,1,4,5,4,4,1,2,5,4,3,1,1,3
4211,1,4,1,6,1,9,6,3,3,1,2,4,3,1,2,1,4
4213,1,0,3,8,4,3,1,3,4,3,2,2,3,2,1,0,2
4215,2,2,1,8,2,4,6,3,3,1,3,3,3,2,1,0,4
4217,2,3,8,1,4,1,3,4,3,1,3,4,4,4,1,3,3
4219,1,0,8,6,2,6,4,1,1,1,2,3,1,1,1,0,4
4221,1,4,2,1,1,4,3,3,2,1,3,2,2,2,1,0,4
4223,2,4,2,9,1,9,4,3,3,1,2,3,2,1,2,3,3
4225,2,5,2,6,1,1,5,2,2,1,3,3,1,1,1,0,2
4226,2,2,2,3,2,5,6,3,3,2,3,3,2,2,1,0,2
4229,1,1,2,3,1,1,4,3,4,1,3,4,2,3,1,1,2
4234,1,0,1,8,1,5,9,2,2,2,2,3,1,1,1,0,2
4240,1,0,1,2,1,4,1,3,2,2,3,3,2,1,1,0,1
4241,1,5,2,8,1,1,4,2,2,2,3,2,2,1,1,0,4
4242,1,1,8,1,1,4,6,3,3,1,2,3,3,3,1,3,4
4245,1,4,3,1,2,4,6,3,3,1,2,3,3,2,1,0,4
4249,1,4,1,2,1,4,1,3,2,1,3,3,3,2,1,0,4
4251,1,0,3,1,1,4,2,3,3,1,2,3,1,2,1,0,1
4254,1,4,3,2,1,4,3,3,2,1,2,2,1,2,1,0,4
4255,1,5,3,8,1,4,6,2,2,1,2,3,1,1,2,3,4
4256,1,0,1,3,2,1,4,3,3,2,3,3,1,1,1,0,4
4257,1,5,1,2,3,4,1,3,3,1,3,3,4,1,1,3,3
4258,1,4,1,2,9,6,4,3,3,1,3,2,2,2,1,0,2
4259,1,4,8,1,1,4,1,3,3,1,3,3,2,2,1,0,4
4260,2,1,1,2,1,4,1,3,3,2,3,2,2,2,1,3,4
4264,1,0,3,2,1,9,4,3,4,2,3,3,2,2,2,0,1
4265,1,4,3,10,2,4,1,2,1,1,2,3,2,1,2,0,4
4267,2,1,3,1,1,3,4,3,3,1,2,4,2,3,1,3,1
4271,1,1,1,2,1,4,5,3,4,1,3,3,3,2,1,0,3
4273,2,4,6,3,1,1,2,3,3,2,3,3,2,2,1,0,1
4274,1,1,2,6,1,4,9,3,3,2,2,3,3,2,1,0,1
4275,1,0,1,2,2,4,5,2,2,1,3,3,2,2,1,0,4
4276,2,4,1,6,1,4,3,3,2,2,3,3,2,2,1,0,2
4278,1,0,1,8,8,4,3,4,5,1,2,5,2,2,1,0,4
4279,1,0,1,2,1,3,1,3,3,2,2,5,2,2,1,0,4
4282,1,1,1,6,2,4,1,3,3,2,3,2,3,5,1,2,2
4283,1,0,3,1,2,4,1,3,3,2,3,3,3,1,1,0,1
4284,1,1,2,7,1,4,1,4,4,1,2,4,2,2,1,0,3
4286,1,0,1,3,2,4,1,2,2,2,3,2,3,3,1,0,4
4291,1,5,2,1,1,4,1,2,2,2,2,2,3,2,2,0,2
4293,2,0,4,1,1,6,1,3,2,1,1,4,3,1,2,0,1
4294,1,4,3,6,1,4,3,3,2,2,2,3,2,2,1,0,4
4295,2,4,3,2,2,9,1,3,3,2,2,3,2,3,1,0,2
4296,1,1,3,6,4,4,7,3,4,1,2,4,2,2,2,3,3
4297,1,0,1,2,1,6,3,3,3,1,3,3,2,2,1,0,4
4298,1,4,1,3,1,3,4,3,3,1,2,2,1,1,1,3,1
4299,1,5,2,3,1,3,6,3,3,1,3,3,2,2,1,0,4
4305,1,5,2,1,1,4,1,3,2,2,3,3,3,2,1,0,2
4306,1,0,6,2,1,4,1,2,1,1,3,2,3,2,1,0,4
4307,1,5,3,9,1,1,4,2,1,1,3,2,2,2,2,0,4
4310,1,4,2,1,1,4,6,4,4,3,3,4,4,2,1,0,2
4312,1,4,6,9,1,4,5,3,3,2,3,2,2,2,1,0,3
4318,2,3,2,1,1,6,5,3,3,2,3,3,3,2,1,0,2
4319,2,4,2,1,4,3,4,3,3,1,4,3,2,4,1,1,1
4323,2,4,2,3,2,5,4,2,3,2,2,2,1,1,1,0,3
4324,2,5,6,1,1,6,7,3,3,1,3,3,1,1,1,0,1
4327,1,2,3,8,2,4,3,3,3,2,3,4,3,2,1,0,4
4331,2,5,2,1,2,4,6,2,2,1,3,3,2,1,2,0,1
4337,1,0,1,6,1,4,1,2,3,1,2,2,2,2,1,0,3
4339,1,4,8,9,6,4,5,3,3,1,3,3,2,3,1,0,4
4340,1,4,10,2,6,4,3,3,4,1,3,4,1,2,1,0,4
4349,1,4,1,2,3,4,5,3,3,1,2,2,2,1,1,0,4
4351,1,2,1,7,1,4,6,3,3,1,3,4,2,4,1,0,2
4354,1,3,2,1,1,4,5,3,3,2,2,2,1,1,1,0,4
4355,1,4,8,1,3,4,3,3,2,1,2,3,2,2,1,0,2
4356,1,5,3,10,1,4,5,2,1,1,3,2,2,2,1,0,4
4364,2,0,1,2,1,4,9,3,4,2,3,2,2,1,1,0,1
4367,2,4,2,8,1,3,1,3,2,1,2,3,4,3,1,0,1
4372,1,4,9,1,2,6,4,3,4,1,2,3,2,3,1,0,4
4375,1,5,1,7,1,4,6,3,4,1,3,3,1,2,1,0,4
4378,1,0,1,2,3,1,4,3,2,2,3,3,4,1,1,3,3
4379,1,1,3,9,4,4,6,3,2,2,2,3,1,1,1,0,3
4382,2,4,6,8,4,1,3,3,2,2,3,3,3,2,1,0,1
4385,2,4,3,8,2,6,3,2,2,2,2,2,2,2,2,0,1
4389,1,4,7,2,1,3,2,3,3,2,3,2,2,2,1,0,3
4393,2,5,6,9,1,5,4,3,2,2,2,2,2,2,1,0,4
4394,2,2,7,1,1,5,4,3,3,2,3,3,2,2,1,3,1
4395,2,4,2,1,1,4,1,2,2,1,2,3,2,2,1,0,1
4398,2,5,2,1,1,1,5,3,2,1,3,3,3,2,1,0,4
4399,1,4,3,1,1,3,9,3,4,1,3,4,2,2,1,0,4
4400,1,4,1,3,1,6,4,4,4,1,4,2,2,1,1,0,4
4402,1,4,1,2,1,4,3,3,1,1,3,3,2,3,1,0,4
4407,2,4,1,5,1,3,1,3,4,1,4,3,2,3,1,0,1
4408,2,4,2,6,1,4,1,3,4,1,3,4,3,2,1,0,3
4410,1,5,2,3,1,4,1,3,2,1,3,4,2,2,1,3,4
4413,2,0,3,1,3,1,6,2,3,2,2,2,2,2,1,0,3
4421,1,5,1,7,2,1,4,4,3,2,3,5,4,4,1,0,3
4423,2,1,10,1,1,1,3,3,3,1,3,2,2,2,2,1,1
4424,1,5,1,2,9,6,1,3,3,2,3,3,3,2,1,0,4
4426,2,0,8,1,2,6,9,2,2,2,3,3,2,1,1,0,1
4432,2,4,2,6,1,5,6,2,2,1,2,3,1,1,1,0,1
4436,2,4,1,2,1,5,6,2,2,1,3,3,3,3,1,0,2
4440,2,4,2,1,1,2,1,3,3,1,2,3,3,2,1,0,1
4441,2,0,3,2,3,6,9,3,3,2,2,3,2,2,1,0,4
4447,2,5,9,2,1,4,5,3,3,1,2,2,2,2,1,0,1
4455,1,4,1,8,3,4,5,3,3,2,1,5,2,2,1,0,4
4456,1,4,1,7,1,4,1,3,3,1,3,4,2,2,1,0,4
4463,1,1,2,1,1,3,6,3,3,1,2,3,3,2,1,0,3
4465,1,5,8,3,1,4,1,3,2,1,2,3,3,3,1,0,4
4469,2,4,2,3,1,1,3,3,3,1,3,3,3,1,1,3,1
4471,2,0,1,2,4,1,3,2,2,2,2,2,2,2,2,0,1
4473,1,4,3,8,2,3,4,2,1,1,3,4,3,2,1,3,4
4474,1,4,8,1,2,1,8,3,3,2,4,3,4,3,1,0,4
4475,1,1,8,1,1,4,6,3,2,2,2,4,2,3,1,3,4
4476,1,4,2,1,1,1,4,3,5,2,3,4,2,1,1,0,3
4478,1,4,2,8,2,1,4,2,2,2,3,3,1,1,1,0,3
4479,2,1,1,2,1,1,2,4,4,2,3,3,3,2,1,1,2
4483,1,2,9,3,1,6,5,3,3,2,1,4,1,1,1,3,2
4486,2,5,1,6,3,1,6,3,2,2,3,3,2,3,1,0,1
4488,1,4,1,2,2,3,6,3,4,2,3,4,3,2,1,3,4
4490,2,5,1,3,2,6,9,3,4,1,4,4,2,2,1,0,3
4491,1,3,7,8,1,4,6,3,4,2,3,2,3,2,1,0,4
4494,1,4,6,1,2,4,3,3,3,2,3,3,2,2,1,0,4
4496,1,5,8,2,1,3,6,3,4,1,2,4,3,2,1,1,1
4500,2,4,1,7,1,6,2,3,2,1,3,2,1,1,2,0,4
4501,2,0,1,2,3,6,3,2,2,2,3,3,2,2,2,0,3
4505,2,4,9,1,1,6,1,2,1,2,2,4,3,1,2,3,1
4506,2,4,1,6,1,6,2,3,3,1,2,3,2,3,1,3,1
4508,2,4,2,9,1,2,3,3,3,1,3,4,3,1,1,0,4
4510,1,1,2,5,1,4,1,3,3,1,3,4,3,3,1,0,3
4516,2,4,8,1,1,3,9,3,3,2,3,3,2,2,1,3,4
4521,1,4,3,1,2,4,6,3,3,1,2,4,2,3,1,1,2
4522,1,0,1,6,1,9,4,3,4,1,3,3,3,2,1,0,3
4523,1,5,2,1,3,6,4,3,4,1,3,2,3,2,1,3,2
4526,1,4,2,3,1,4,8,2,3,2,2,3,2,2,1,1,2
4530,1,4,1,2,1,4,3,2,2,1,3,3,2,2,1,0,1
4531,2,4,2,1,1,1,4,3,2,1,3,2,2,3,1,0,4
4533,2,0,8,1,1,1,5,3,2,2,2,1,3,3,1,0,1
4534,1,0,2,1,1,4,3,3,2,1,3,2,2,1,1,0,4
4536,1,4,1,2,1,4,3,3,2,1,3,2,2,3,1,0,4
4537,1,4,1,2,1,4,1,3,4,2,2,4,2,2,1,0,3
4540,2,1,1,3,1,6,9,3,3,1,2,3,3,3,1,0,3
4541,2,4,3,1,1,4,6,2,3,2,2,2,1,1,1,0,1
4546,2,4,8,2,1,1,4,4,4,2,2,4,4,2,1,0,2
4547,2,3,1,8,2,3,9,3,3,1,2,3,2,1,1,0,1
4549,1,0,2,8,2,4,2,2,2,1,3,3,3,2,1,0,4
4550,2,4,10,8,1,1,4,2,2,2,1,2,2,2,1,0,3
4555,1,5,8,2,2,9,4,2,2,1,2,2,2,3,1,0,4
4559,2,4,1,6,1,5,6,4,5,1,4,4,1,1,1,0,4
4561,1,3,1,3,1,1,4,2,3,2,3,2,2,2,1,0,1
4563,2,0,2,1,1,4,6,2,3,2,3,3,2,2,1,0,4
4564,1,4,1,7,1,6,4,3,4,1,2,4,2,2,1,0,1
4567,1,4,3,2,1,1,3,3,2,2,3,2,2,2,1,3,3
4572,1,5,1,2,1,4,1,3,3,2,3,3,2,3,1,3,4
4573,1,0,1,2,5,4,1,3,2,1,3,4,2,2,1,0,2
4574,1,4,3,9,1,4,6,3,5,1,3,5,2,1,1,0,4
4577,2,5,6,8,1,3,5,3,3,2,2,3,2,1,1,0,3
4578,1,1,1,3,2,4,5,2,2,2,2,2,1,1,1,3,1
4579,1,2,1,2,2,4,1,3,3,1,2,3,2,1,1,3,4
4581,2,4,2,1,1,1,3,3,2,1,2,3,1,1,1,0,1
4583,1,0,1,7,1,8,3,3,4,2,3,3,3,2,1,0,1
4584,1,3,1,4,1,9,1,4,4,1,4,2,3,3,1,3,4
4586,2,0,2,6,1,3,1,3,3,2,3,3,3,3,1,0,2
4587,2,2,2,8,1,1,2,3,3,1,1,4,2,2,1,0,2
4588,1,5,6,1,1,3,6,2,2,2,2,2,2,1,2,3,2
4590,2,0,1,8,1,5,9,2,2,1,3,3,3,3,1,0,1
4592,1,0,1,2,1,4,2,3,4,2,3,3,2,3,1,0,4
4593,2,4,3,1,1,5,1,2,1,2,2,3,2,2,1,3,1
4594,1,0,1,8,1,3,1,3,2,2,1,4,2,2,2,0,4
4598,2,0,2,6,3,4,3,2,3,2,3,2,2,2,1,0,1
4604,2,4,2,3,1,1,3,3,3,1,4,3,3,2,1,0,4
4605,1,5,3,1,1,4,5,3,3,1,2,3,2,1,2,0,3
4608,1,4,1,2,1,4,2,2,2,1,2,4,1,1,1,0,4
4609,1,4,3,6,1,6,4,3,4,1,3,3,3,3,1,0,4
4610,1,5,1,9,1,3,4,3,3,1,3,2,1,3,1,3,4
4613,1,4,1,8,1,4,3,3,3,1,2,2,2,3,1,3,3
4614,2,4,1,3,1,5,3,3,3,1,2,3,2,1,2,0,4
4615,1,4,3,1,2,4,1,3,3,2,3,3,1,1,1,0,2
4621,1,4,6,1,1,4,5,3,3,2,2,2,2,3,1,2,4
4622,2,4,2,9,1,2,3,2,2,2,2,3,2,2,1,3,1
4627,1,3,2,1,5,1,9,3,3,1,3,3,3,2,1,1,3
4631,1,4,6,9,1,4,3,3,3,1,2,4,1,1,1,0,4
4633,2,4,2,1,1,1,3,2,3,3,2,1,1,1,1,0,1
4634,2,4,6,2,1,1,3,3,3,1,3,3,3,2,1,0,1
4636,1,4,1,3,1,4,1,3,2,2,3,2,3,2,1,0,4
4641,2,0,2,1,1,6,3,2,3,2,3,3,2,2,1,0,2
4646,2,0,8,3,2,3,1,4,3,1,2,5,1,1,1,0,4
4649,2,1,6,2,1,1,3,4,3,2,2,2,2,3,1,3,1
4650,1,4,1,8,1,1,4,3,3,2,3,2,3,1,1,0,1
4653,1,4,1,3,4,1,6,3,3,1,2,2,4,2,1,0,4
4660,1,0,1,10,1,4,3,2,2,1,3,3,2,2,1,0,1
4663,1,1,1,7,1,4,6,3,3,1,4,3,3,2,1,0,4
4664,2,4,1,7,7,1,6,3,4,2,3,2,2,3,1,0,1
4666,2,4,2,3,4,1,5,3,2,1,4,2,2,3,1,3,1
4669,1,4,2,8,1,4,6,4,4,1,3,4,2,4,1,3,4
4671,1,3,1,10,5,5,4,3,4,2,3,5,3,2,1,0,4
4672,1,5,2,1,3,4,2,2,1,1,3,2,2,2,1,3,4
4674,2,5,2,6,1,1,3,3,2,1,3,4,2,2,1,0,1
4675,1,4,1,2,1,4,3,3,3,2,2,3,2,2,1,0,4
4676,2,4,1,3,1,9,1,3,4,2,2,3,3,3,2,0,4
4688,2,0,1,8,1,5,9,1,1,1,3,3,2,1,1,0,3
4690,1,0,8,1,1,4,1,2,1,1,3,3,3,3,1,0,4
4691,1,5,6,2,4,3,4,3,3,1,2,3,3,3,1,0,4
4692,2,5,6,8,7,4,5,2,2,2,3,2,2,1,1,0,4
4693,1,5,1,5,1,1,4,4,3,1,3,4,3,3,1,0,2
4699,1,0,1,8,3,1,4,3,3,1,2,4,3,3,1,3,1
4701,2,3,1,2,1,3,1,3,3,1,3,3,2,3,1,3,1
4703,1,4,1,8,1,4,6,3,3,1,2,3,2,2,1,0,1
4704,2,0,2,3,1,6,9,3,5,2,3,3,3,3,2,3,3
4707,1,5,3,1,1,4,5,3,3,2,3,3,2,2,1,0,4
4709,1,0,9,8,1,1,6,3,3,1,3,3,2,3,1,0,4
4710,1,4,1,8,1,1,6,3,3,1,4,4,3,2,1,0,1
4711,1,4,3,8,1,4,9,2,2,2,3,2,2,1,1,0,4
4714,2,1,9,1,1,4,9,2,2,1,2,2,2,3,1,0,1
4715,1,2,1,3,1,9,6,2,3,2,1,2,2,2,1,0,3
4720,1,0,3,1,2,4,3,2,1,2,2,2,2,2,1,0,4
4721,1,0,5,1,3,6,1,2,4,2,3,2,3,2,2,0,1
4722,2,4,3,1,3,6,2,3,3,2,2,3,2,1,1,0,1
4727,2,1,3,1,2,4,5,4,4,1,2,3,3,2,1,0,4
4728,1,4,1,3,1,6,4,3,5,2,2,3,2,1,1,0,3
4731,1,0,8,5,1,1,7,2,1,2,4,4,3,2,1,0,3
4732,1,4,3,1,2,9,4,3,4,1,2,3,1,1,2,0,3
4733,1,4,8,2,1,5,4,3,3,1,3,4,3,3,1,0,4
4737,2,5,1,3,3,6,2,3,3,2,3,3,2,1,1,0,3
4741,2,0,2,8,1,2,3,4,5,1,3,4,3,2,1,0,3
4743,1,4,1,2,1,4,1,3,3,2,2,2,2,2,1,3,1
4745,2,0,1,2,1,1,6,3,2,1,3,3,3,2,1,3,1
4756,1,5,2,1,1,1,4,3,3,2,2,4,2,2,1,1,2
4759,1,3,2,1,1,3,1,3,3,2,5,3,2,2,1,0,3
4762,1,4,1,2,1,1,4,4,4,1,3,4,2,3,1,0,1
4765,1,1,1,8,3,4,3,2,2,1,3,3,2,2,1,0,4
4768,2,5,1,3,1,4,6,3,3,1,2,3,3,1,1,0,3
4772,2,3,3,2,1,1,9,3,4,1,3,4,3,2,1,0,1
4773,1,4,2,1,2,4,1,3,1,2,2,4,1,2,1,0,2
4777,1,5,2,3,6,4,3,3,2,1,3,3,3,2,1,0,4
4779,2,1,1,2,1,9,6,3,3,1,3,3,2,1,1,0,1
4785,2,4,5,6,4,6,4,3,3,2,2,3,3,2,1,0,1
4786,2,4,1,3,1,9,4,3,4,1,3,3,3,1,1,0,1
4787,2,5,3,1,2,5,6,3,3,2,3,3,2,1,1,0,4
4789,2,4,2,1,1,1,3,3,3,1,4,2,3,2,1,3,3
4790,1,4,6,2,1,5,4,3,2,1,4,3,3,2,1,0,4
4791,1,5,2,1,2,4,6,2,2,1,2,3,1,1,2,0,4
4792,1,0,1,8,1,2,1,3,4,2,2,3,3,1,1,1,1
4793,1,4,3,8,2,4,1,2,2,2,2,4,1,1,1,0,2
4796,1,4,1,8,1,4,3,3,2,1,3,2,2,4,1,0,1
4797,1,4,8,2,1,4,9,2,2,2,3,3,2,2,1,0,4
4799,1,0,2,8,2,4,3,2,1,1,2,2,2,1,1,0,3
4801,1,3,2,8,1,4,3,4,5,1,3,4,4,4,1,3,4
4802,1,1,3,9,4,6,4,2,3,2,2,2,2,2,2,0,2
4803,2,4,6,9,3,1,2,3,3,2,3,3,4,2,1,3,2
4804,2,4,8,1,1,1,2,3,3,2,2,3,2,1,1,0,3
4806,1,2,8,2,1,4,9,2,2,2,2,2,3,1,1,3,1
4808,2,5,1,4,1,1,4,1,1,2,2,2,2,2,2,3,1
4810,1,4,1,2,1,4,5,2,2,2,3,2,2,2,1,0,3
4812,2,3,1,7,2,1,3,3,3,2,3,3,2,3,1,3,1
4817,1,4,1,7,1,4,6,3,3,1,3,3,1,1,1,0,4
4820,1,4,1,2,1,1,6,3,3,1,3,4,2,2,1,0,4
4823,1,4,6,1,1,4,3,2,2,2,1,2,2,2,1,0,2
4825,1,0,2,8,1,4,3,2,1,2,1,1,1,3,1,0,4
4828,2,0,3,8,1,1,4,3,3,1,3,3,3,2,1,0,4
4829,1,4,1,6,3,1,6,3,3,2,2,4,3,2,2,0,2
4830,1,4,3,1,2,4,9,3,3,1,3,4,2,3,1,0,1
4833,1,0,8,7,3,8,3,3,2,1,4,3,3,2,1,0,4
4837,1,4,1,3,1,4,5,3,3,1,3,3,1,2,1,0,4
4840,2,4,1,3,1,4,5,2,3,1,2,2,1,1,2,0,3
4845,2,1,1,2,1,6,1,3,3,2,2,3,2,2,1,0,2
4846,1,3,2,6,1,4,5,3,3,1,2,2,2,2,1,0,4
4849,1,4,2,1,2,4,5,2,2,2,3,3,2,4,1,0,2
4857,1,0,7,1,1,3,1,3,3,2,3,3,3,2,1,0,4
4860,1,5,3,1,2,1,4,2,2,2,3,2,2,1,1,3,1
4862,1,0,1,7,1,6,4,2,4,2,2,2,2,1,2,0,1
4866,2,0,2,6,1,6,3,3,2,2,3,3,2,2,1,0,4
4868,1,5,1,2,1,5,4,2,2,2,3,3,3,2,1,0,4
4869,1,0,1,3,1,4,1,3,3,1,3,4,2,2,1,0,4
4872,2,4,8,3,2,3,9,2,3,2,3,2,2,2,1,0,1
4874,1,5,1,7,3,4,5,2,2,1,3,2,2,2,1,0,4
4879,1,4,10,6,1,4,6,3,1,1,4,4,3,3,1,0,4
4881,1,0,7,5,5,4,6,3,3,1,3,3,1,1,1,0,4
4884,1,5,2,1,1,4,1,3,3,1,3,2,2,3,1,0,3
4888,2,5,1,8,4,3,2,3,2,1,3,3,2,2,1,0,4
4890,2,4,1,3,1,5,3,3,2,1,2,3,1,2,1,0,1
4895,2,4,3,8,2,1,9,3,4,2,3,4,3,3,1,0,1
4903,1,4,5,6,5,9,4,3,3,1,4,3,3,3,1,0,1
4904,1,5,1,3,3,6,3,2,2,1,3,4,3,2,1,3,3
4907,2,4,1,3,1,3,6,2,1,1,3,3,1,1,1,0,2
4908,1,4,1,3,1,3,1,3,3,2,3,4,3,2,2,3,2
4909,2,4,2,8,3,1,3,3,3,2,3,2,2,2,1,0,1
4910,1,5,2,3,2,4,5,3,2,1,1,2,1,2,2,0,3
4913,1,4,3,1,2,1,6,3,3,1,3,3,3,1,1,0,1
4917,1,4,2,1,1,4,6,3,3,1,3,3,2,3,1,0,4
4918,1,4,2,9,1,4,2,2,1,1,2,1,1,1,1,0,4
4919,2,4,2,6,1,1,6,3,3,2,4,3,2,2,1,0,3
4927,2,1,8,7,1,1,6,3,4,2,3,2,1,2,1,1,2
4928,2,4,1,3,2,1,4,3,2,1,3,2,2,1,1,0,1
4930,2,4,4,9,4,3,4,2,1,2,3,4,3,2,1,0,1
4934,2,5,8,6,4,3,9,2,2,2,2,3,2,2,2,0,1
4937,1,0,3,7,2,4,1,3,3,2,3,3,1,1,2,3,4
4939,2,0,2,1,1,1,9,3,3,1,3,3,2,1,1,0,2
4945,2,4,1,8,3,5,4,3,3,2,3,2,2,1,1,0,3
4950,1,5,3,1,2,3,4,2,1,2,2,2,2,2,2,3,1
4953,2,5,1,8,6,3,5,3,3,2,3,3,3,3,1,0,1
4954,1,4,2,3,1,1,4,2,2,2,2,2,2,2,1,0,3
4955,1,4,8,2,3,4,5,3,3,2,3,3,1,2,1,0,3
4956,1,0,1,3,4,4,5,3,3,2,2,3,3,2,1,0,3
4957,2,0,1,3,7,6,9,3,3,2,2,4,2,2,1,0,3
4960,1,4,6,2,1,7,1,3,3,2,1,3,3,3,1,0,1
4962,2,5,8,1,3,1,2,1,1,2,3,1,1,1,1,0,3
4964,1,4,6,1,1,3,4,2,2,1,2,3,2,2,1,0,1
4968,2,1,1,2,1,1,4,3,3,1,3,3,3,3,1,0,1
4969,1,5,1,7,1,3,4,2,2,2,3,4,3,2,1,0,4
4971,1,4,2,8,2,1,9,3,3,2,3,4,3,2,1,3,2
4972,2,0,4,1,1,1,4,2,2,2,2,4,1,1,1,0,3
4974,1,3,3,1,1,4,3,2,1,2,3,3,1,1,1,0,2
4976,1,4,2,1,1,1,6,3,4,2,3,3,2,1,1,0,1
4977,1,0,2,1,1,4,5,3,3,2,2,3,2,2,1,0,1
4980,1,1,2,1,1,4,6,2,1,1,1,3,2,2,1,0,4
4981,2,1,2,10,1,1,2,3,3,1,3,3,2,2,1,0,1
4984,1,4,1,3,2,6,2,3,3,1,2,3,2,1,1,0,4
4986,2,0,1,8,1,3,4,3,3,1,4,3,3,3,1,0,4
4989,1,4,1,8,1,6,3,2,1,1,2,4,1,1,1,0,4
4991,1,0,1,3,2,4,3,2,2,2,3,3,2,3,1,0,4
4993,1,0,8,1,4,6,1,2,3,2,3,3,3,3,1,0,4
4994,1,2,2,8,1,4,6,3,3,2,3,3,3,2,1,0,1
4999,1,4,1,2,1,6,1,3,3,1,2,3,2,2,1,0,2
1001,1,1,6,8,1,4,6,3,3,2,2,3,2,2,1,3,4
1004,1,1,1,8,3,4,3,3,3,1,4,3,3,4,1,1,1
1007,1,4,1,9,1,4,6,3,4,1,2,2,2,3,1,2,2
1008,1,0,9,1,1,4,3,3,3,2,3,4,3,2,1,2,3
1010,1,3,1,2,1,2,4,3,3,2,3,3,2,3,1,1,1
1012,2,1,4,8,1,2,3,3,3,1,4,4,4,3,1,1,1
1014,2,1,2,8,1,3,1,2,2,2,2,3,2,3,1,1,3
1015,2,4,2,8,1,5,9,3,3,1,3,3,3,2,1,1,1
1019,1,0,1,3,1,4,3,3,3,1,3,3,2,2,1,1,3
1020,1,0,1,3,1,4,3,3,3,1,2,2,2,2,1,3,4
1021,1,4,2,8,1,4,1,3,3,1,2,3,3,2,1,0,1
1023,2,5,1,2,1,5,6,3,3,2,3,2,3,2,1,0,4
1025,2,4,6,2,8,5,4,3,3,1,3,2,2,4,1,2,3
1026,2,3,1,2,1,3,6,3,3,2,3,3,3,4,1,2,1
1029,2,4,2,6,1,4,6,3,3,1,3,3,3,3,1,0,1
1032,1,4,8,2,1,4,3,2,2,2,3,2,2,3,2,0,2
1034,2,3,1,3,1,3,5,3,2,1,4,3,3,3,1,1,1
1039,2,0,1,6,2,3,1,3,3,1,3,4,3,3,1,1,1
1040,2,4,3,1,2,6,9,3,3,1,2,3,2,2,1,0,3
1046,2,3,2,8,1,5,6,3,3,2,3,2,2,2,1,1,2
1047,2,3,10,8,1,4,6,3,3,2,3,3,3,4,1,2,4
1048,1,2,9,10,7,4,3,2,1,1,2,3,2,2,1,1,3
1056,2,5,2,3,1,5,3,4,5,2,2,2,3,1,1,1,2
1058,1,3,8,1,1,4,3,3,2,2,3,2,2,3,1,0,4
1059,2,4,1,7,1,3,1,3,3,1,3,3,4,4,1,1,1
1060,2,2,3,2,1,5,6,3,3,1,3,3,3,2,1,2,3
1061,2,3,2,8,4,6,5,3,3,2,2,2,3,1,1,0,2
1068,1,1,1,8,2,3,6,4,4,2,3,3,3,5,1,2,1
1071,1,4,2,1,1,4,5,2,2,1,2,3,1,2,2,2,4
1076,1,4,1,9,4,4,3,2,2,1,3,3,2,2,1,0,2
1078,1,4,2,1,1,4,1,3,3,2,3,2,3,2,2,0,3
1081,2,3,1,2,3,3,6,3,3,2,3,2,3,4,1,2,2
1084,1,0,2,1,1,2,3,4,5,1,2,3,2,2,1,0,2
1085,1,5,2,8,1,4,5,3,3,1,3,4,2,2,1,0,4
1087,1,1,1,3,1,1,4,3,3,1,2,3,3,4,1,1,1
1091,2,3,2,3,1,9,6,3,3,1,2,3,2,2,1,0,2
1095,1,5,8,7,9,4,5,2,2,1,3,2,2,3,1,0,4
1104,2,4,2,1,1,5,1,3,2,1,2,3,2,2,1,0,3
1107,2,4,2,8,1,3,6,3,3,1,2,3,3,3,1,1,3
1109,2,4,6,8,1,4,3,3,4,2,3,3,3,2,1,1,1
1110,2,0,1,4,1,2,6,3,4,3,4,3,2,1,1,0,3
1113,2,4,2,8,1,5,3,2,2,1,3,2,2,1,1,0,4
1114,1,4,7,1,1,4,9,3,4,1,2,4,3,3,1,0,1
1118,2,2,1,7,1,4,1,3,2,1,4,3,2,3,1,0,1
1119,2,1,2,1,1,1,4,3,4,2,3,3,3,3,1,1,3
1121,1,4,1,2,1,1,4,3,2,1,2,4,3,4,1,2,4
1122,2,0,3,1,2,4,3,2,2,2,2,3,3,2,2,0,1
1123,1,4,3,8,2,4,1,3,2,1,2,3,3,3,1,2,2
1124,2,3,2,3,1,3,4,3,3,1,3,3,3,2,2,1,3
1128,1,4,6,2,1,1,3,4,3,1,3,2,4,4,1,2,1
1129,2,5,8,9,1,4,1,3,3,1,3,3,3,2,1,1,3
1131,2,0,1,3,1,3,4,2,2,1,2,3,2,2,1,3,1
1138,2,1,3,1,1,6,3,3,3,2,2,3,3,2,1,1,3
1142,2,1,2,6,1,5,3,3,3,1,3,3,3,3,1,1,1
1146,1,1,1,2,1,4,3,2,2,1,3,2,3,3,1,2,1
1147,1,4,1,2,1,4,3,3,3,2,2,5,3,3,1,1,3
1148,2,4,2,10,1,6,1,3,3,2,4,3,3,3,1,0,1
1151,1,1,2,1,1,4,6,3,3,2,3,3,2,3,1,2,1
1153,1,2,1,10,1,3,5,2,3,1,4,2,3,2,1,0,4
1155,1,5,1,2,1,4,3,3,2,1,3,2,2,2,1,0,1
1156,1,4,3,1,2,4,5,3,3,2,2,3,2,4,2,2,4
1158,1,0,2,3,7,4,3,3,4,2,3,4,3,2,1,3,3
1159,1,4,1,9,1,4,3,3,2,1,2,2,3,4,1,2,3
1160,1,4,2,1,1,4,1,3,3,2,4,2,3,3,1,2,1
1165,2,4,1,9,1,6,9,2,2,1,2,4,1,1,1,0,3
1166,2,1,2,1,1,3,6,3,3,2,4,3,3,4,1,1,3
1167,2,1,1,3,2,1,4,4,4,1,2,3,4,4,1,1,1
1168,2,1,2,1,1,5,1,4,4,1,2,3,3,4,1,2,4
1169,2,1,1,7,1,5,6,3,3,1,2,1,1,3,1,1,2
1170,2,1,3,2,4,6,1,3,4,1,2,3,2,3,2,2,1
1171,2,4,2,3,2,3,9,3,4,2,2,3,4,3,1,1,1
1172,2,4,2,6,1,5,6,3,3,1,2,3,2,2,1,0,2
1176,2,4,1,9,1,1,5,3,3,1,3,3,2,2,2,1,3
1182,2,3,3,1,2,9,3,2,1,3,3,2,2,1,1,2,3
1183,2,5,1,7,1,6,5,3,3,2,2,2,2,2,1,3,3
1184,1,4,1,2,1,4,6,4,4,1,3,3,3,3,1,1,4
1185,1,5,8,7,1,4,5,2,2,2,2,3,3,3,1,0,4
1186,1,3,2,1,1,1,4,3,3,1,3,3,4,4,1,2,4
1191,1,0,9,2,2,4,5,3,3,2,2,3,2,1,1,2,3
1192,1,3,2,1,1,4,9,3,3,2,2,2,3,2,2,1,2
1193,2,4,1,2,1,1,2,3,3,1,4,3,2,2,1,0,3
1197,1,4,6,2,1,4,6,3,2,3,1,4,2,3,1,0,4
1199,1,3,1,2,2,4,6,2,2,2,3,2,2,3,1,1,3
1201,1,4,3,8,6,4,3,3,3,1,3,3,1,1,1,0,1
1205,1,4,5,8,2,4,3,3,2,1,3,2,3,3,1,2,1
1206,2,4,8,1,1,5,4,3,3,2,3,3,2,3,1,0,3
1209,1,4,3,1,1,3,4,3,3,2,3,2,2,2,1,0,4
1210,1,4,2,1,1,6,4,3,2,2,3,2,2,2,1,0,3
1213,2,5,2,3,1,6,5,3,3,2,3,3,2,2,1,0,4
1216,1,5,1,3,4,4,2,3,2,1,3,3,2,2,1,0,1
1218,1,4,1,2,1,4,3,4,5,1,2,4,4,4,1,1,3
1225,2,5,2,1,1,2,5,3,3,1,2,3,3,3,2,1,3
1227,2,4,4,1,1,6,3,3,3,2,2,2,2,2,1,3,2
1229,2,5,10,8,5,5,3,2,2,2,2,4,1,3,1,0,4
1232,1,4,8,2,1,4,1,3,3,2,2,4,3,2,2,1,2
1236,1,0,1,2,2,4,5,1,1,2,3,2,2,1,1,0,4
1238,1,4,1,3,1,9,6,3,3,1,2,3,2,3,1,2,4
1242,1,1,2,8,1,4,1,2,2,1,2,2,3,4,1,2,2
1243,1,5,3,1,3,4,3,3,2,1,2,3,3,3,1,1,1
1247,2,1,1,2,1,9,6,3,3,1,2,3,3,4,1,1,2
1248,2,1,2,9,1,5,4,2,2,2,3,3,2,2,1,2,2
1251,2,1,6,2,4,4,3,3,3,1,2,4,4,4,1,1,3
1252,2,1,1,6,1,6,3,3,3,1,3,2,3,2,1,0,2
1253,2,3,3,1,8,5,1,3,2,1,3,3,3,2,1,0,2
1261,1,5,9,2,1,3,4,2,2,1,2,2,5,3,1,1,1
1262,1,4,2,6,4,1,4,3,2,2,3,3,2,3,1,0,4
1275,1,4,8,2,1,4,1,2,1,2,2,2,2,2,1,0,1
1278,2,1,6,5,4,3,1,3,3,2,3,3,3,4,1,1,1
1284,2,4,1,3,1,9,5,2,3,1,2,3,1,1,2,1,1
1288,1,1,2,6,1,4,1,3,3,1,3,2,2,3,1,1,2
1290,2,4,1,2,2,5,9,2,2,3,2,2,2,3,2,2,3
1291,2,1,8,1,1,3,6,3,2,1,3,4,3,1,1,1,3
1292,2,4,3,1,1,1,4,2,2,2,2,3,1,2,1,0,1
1293,2,1,2,3,1,6,5,3,2,2,4,3,2,2,1,1,2
1296,1,4,1,2,1,4,6,2,3,1,3,3,3,3,1,2,4
1297,1,4,8,2,1,4,3,2,2,2,3,3,3,3,1,2,3
1298,1,0,8,10,7,4,5,3,4,1,2,3,2,2,1,0,1
1300,2,4,1,2,1,3,5,3,3,1,3,2,2,3,1,2,2
1304,1,2,9,8,1,4,5,1,1,2,2,2,1,1,2,0,3
1307,2,1,2,1,1,4,1,3,4,2,2,3,2,3,1,2,2
1309,1,0,10,1,5,4,5,3,3,1,2,3,3,3,1,0,3
1310,2,4,2,1,1,6,2,3,2,2,3,2,3,2,2,0,2
1313,2,1,3,9,1,2,3,3,2,1,3,3,3,3,1,2,2
1314,1,3,8,6,1,4,5,3,2,1,2,3,3,3,1,1,3
1315,1,1,1,3,1,4,1,3,2,1,3,3,2,3,1,2,3
1316,1,0,1,3,2,3,4,3,4,2,2,3,2,3,1,1,2
1318,2,0,8,1,2,3,4,2,2,2,3,4,2,3,1,2,2
1320,2,4,2,6,3,5,9,3,4,1,3,3,3,2,1,1,2
1321,2,0,2,6,1,5,4,3,3,2,3,2,1,1,1,0,3
1323,2,4,6,1,1,6,3,3,2,1,3,3,2,2,2,3,3
1324,2,5,2,6,1,4,5,2,2,1,2,2,2,1,1,0,1
1325,2,4,1,2,1,6,1,2,2,2,2,2,2,2,1,0,2
1326,2,4,8,1,9,3,1,3,3,1,2,3,4,3,1,1,2
1327,2,4,1,9,1,3,1,3,3,1,2,2,3,2,1,1,2
1329,2,4,6,2,1,3,6,3,4,1,3,3,3,2,1,1,1
1332,1,4,1,6,1,4,3,3,3,2,2,3,3,5,1,2,1
1333,2,4,2,1,1,5,6,3,4,2,2,2,2,2,1,0,1
1334,1,4,8,1,1,4,5,2,2,1,3,3,1,2,1,1,3
1335,1,4,8,1,1,4,5,3,3,2,3,3,4,3,1,1,4
1347,1,4,1,2,2,3,6,3,3,1,2,3,3,3,1,1,1
1349,2,1,1,8,1,5,3,3,2,2,3,3,3,2,2,1,2
1350,1,1,1,5,1,4,6,3,3,1,3,3,3,4,1,1,1
1351,2,4,2,6,1,5,6,3,3,1,3,3,3,3,1,1,2
1355,2,1,2,1,1,1,6,3,4,1,1,3,3,3,1,1,2
1357,2,1,2,6,1,3,2,3,2,1,2,4,3,2,1,1,1
1358,2,1,1,3,1,9,1,3,4,2,3,3,4,3,1,1,1
1359,2,3,1,2,1,1,5,3,3,1,3,2,3,3,1,1,1
1360,2,2,2,3,1,5,4,3,3,1,2,3,2,3,1,1,2
1363,1,0,1,2,4,4,2,3,2,1,2,2,3,2,1,1,3
1364,1,3,1,2,1,4,3,3,3,1,2,2,2,4,1,2,3
1366,1,1,3,6,2,9,4,2,2,2,1,1,1,1,2,0,4
1367,1,4,1,3,1,4,5,3,3,1,3,2,3,3,1,3,3
1371,2,4,1,2,1,6,3,3,3,1,1,2,2,2,1,0,1
1372,1,0,6,2,1,4,1,3,2,1,2,3,2,4,1,2,4
1378,2,1,8,2,3,3,5,3,2,2,2,3,2,3,2,2,1
1384,1,1,8,1,1,6,9,4,4,1,2,4,3,2,1,1,2
1387,1,3,1,10,8,4,2,4,4,2,3,3,3,2,1,1,2
1388,1,4,1,2,1,4,1,3,2,1,3,4,2,3,1,1,3
1389,1,2,10,2,5,4,4,3,3,1,3,4,3,4,1,2,1
1390,1,1,6,1,1,4,6,3,3,1,2,3,2,2,1,2,2
1391,1,1,2,3,1,2,3,2,3,2,2,3,3,2,1,1,1
1392,2,4,7,3,4,4,6,3,2,1,4,3,4,3,1,3,1
1393,2,0,2,9,1,1,5,2,2,2,2,3,2,2,2,0,1
1395,1,4,1,2,1,4,3,4,3,1,3,4,4,4,1,1,1
1399,2,2,9,1,6,4,1,3,3,2,2,4,3,3,1,1,2
1407,2,4,3,7,1,6,5,2,3,1,3,3,1,2,1,1,4
1410,2,4,3,9,2,5,9,3,3,2,2,3,2,2,2,2,1
1413,2,3,9,1,5,6,1,3,4,1,2,3,3,4,1,2,3
1415,2,4,8,1,1,4,5,3,3,2,2,3,3,3,1,0,2
1416,2,4,2,1,1,6,5,3,3,1,3,3,3,3,1,1,1
1418,2,3,3,1,1,5,1,2,2,2,3,2,2,1,2,1,3
1420,2,0,2,1,1,4,1,2,2,1,2,2,2,2,1,1,4
1422,2,1,2,3,1,2,5,3,3,1,2,4,3,3,1,1,3
1423,2,4,2,3,1,5,3,2,2,1,3,2,2,3,2,1,2
1425,2,0,1,8,1,3,9,2,1,1,1,2,1,1,1,0,1
1426,1,0,7,8,1,4,6,3,4,1,3,3,2,3,1,0,4
1434,2,4,3,2,1,4,5,3,2,1,2,3,2,3,1,3,2
1442,1,4,8,3,1,4,3,3,3,1,3,3,3,2,1,0,3
1448,2,4,2,3,1,1,9,3,3,1,2,3,3,3,1,0,1
1449,2,0,2,6,1,5,3,2,2,2,2,2,2,3,1,0,2
1455,1,3,8,3,7,9,6,3,3,2,2,4,3,3,1,1,4
1456,1,4,3,1,1,5,9,3,3,2,3,2,3,2,1,1,2
1459,1,5,3,2,2,4,5,2,2,2,2,2,3,4,1,2,4
1461,1,3,1,8,1,4,3,3,3,1,2,3,3,3,1,1,4
1467,1,4,1,2,2,4,3,2,2,1,3,2,1,3,1,3,4
1469,2,1,2,8,1,4,3,3,2,1,2,2,2,4,1,1,3
1470,1,4,8,6,1,4,1,3,3,1,3,3,2,2,1,0,4
1472,1,1,1,8,3,3,4,2,3,1,3,2,2,3,2,1,1
1478,1,4,2,1,1,4,3,2,2,1,3,3,3,3,1,2,4
1479,2,5,3,1,2,5,6,2,3,2,2,2,2,2,1,1,3
1480,2,1,1,2,1,5,3,3,3,2,3,3,3,2,1,2,3
1481,2,2,2,1,1,5,4,3,3,1,3,4,3,2,1,1,1
1482,2,1,2,1,1,1,4,3,2,1,2,3,3,2,1,1,1
1487,2,5,6,3,1,1,5,2,2,2,2,2,3,2,1,1,3
1490,2,4,2,1,1,5,1,3,2,1,2,3,2,2,1,1,2
1492,2,0,1,2,4,2,1,2,1,3,1,4,1,1,2,0,1
1496,2,0,1,3,3,4,5,3,3,1,3,2,3,1,1,0,4
1498,1,0,2,1,1,5,4,3,3,1,2,3,3,2,1,1,1
1500,1,4,1,8,7,4,3,3,4,2,3,3,3,3,1,0,4
1501,2,4,1,1,1,5,1,3,3,2,3,3,2,2,1,0,1
1503,1,1,2,9,1,4,3,3,3,1,2,3,3,2,1,2,2
1505,1,0,1,2,1,6,2,3,3,2,3,2,3,4,1,2,3
1507,1,0,2,3,1,6,4,3,3,2,1,4,1,2,1,1,3
1511,2,4,1,10,1,6,4,3,4,1,4,4,4,1,1,0,3
1515,1,2,2,9,1,4,6,2,2,1,2,1,1,2,1,2,2
1517,1,1,5,3,1,3,2,2,2,2,3,2,2,2,1,0,2
1519,1,5,8,1,1,4,1,3,2,1,2,3,4,3,1,1,2
1521,1,4,5,9,3,1,4,2,2,2,3,2,3,3,1,1,2
1522,2,1,2,1,1,1,9,2,3,2,3,3,3,3,1,1,1
1525,1,4,3,1,4,4,5,2,2,1,2,3,2,3,1,2,4
1527,1,1,6,3,8,4,1,3,2,2,3,3,3,4,1,2,4
1528,1,1,3,1,2,9,6,3,2,2,3,3,2,3,1,1,3
1529,2,0,1,4,1,5,6,2,1,2,3,1,2,2,1,1,3
1532,1,1,1,2,1,4,6,3,3,1,2,4,4,2,1,1,3
1534,1,2,1,8,1,4,5,3,3,1,3,2,2,2,1,2,3
1542,1,4,1,3,3,4,3,3,2,2,3,2,1,4,1,2,3
1549,2,4,6,3,1,5,3,3,3,1,2,3,4,2,1,1,1
1550,2,4,3,5,2,6,9,3,3,2,2,2,3,3,1,1,1
1552,2,4,6,7,4,6,3,3,3,2,2,2,2,3,1,0,4
1553,1,3,2,8,1,4,3,2,1,1,3,3,2,3,2,1,2
1556,1,1,1,2,1,4,1,3,3,1,3,2,3,4,1,2,2
1560,2,4,1,9,1,6,3,3,4,2,3,2,2,3,1,3,3
1562,2,1,2,5,1,1,4,3,3,1,3,3,2,4,1,0,2
1565,2,4,10,2,5,4,6,3,3,1,2,3,2,3,1,0,1
1566,1,5,8,1,1,4,5,3,2,1,3,3,3,3,1,2,4
1567,2,4,2,1,1,4,5,3,2,2,2,3,3,4,1,2,4
1568,1,1,2,3,2,4,6,3,3,1,2,3,3,2,1,1,3
1572,1,4,8,1,1,4,5,3,3,1,3,3,2,4,1,2,4
1575,2,1,1,3,8,4,3,3,3,2,2,3,3,3,2,2,3
1577,1,1,3,8,4,4,3,3,3,1,2,3,2,3,1,3,3
1579,2,1,3,10,4,3,9,3,3,1,1,3,3,3,1,2,2
1580,1,0,2,1,1,4,3,3,2,2,3,3,3,3,1,0,3
1582,2,4,6,10,1,3,2,3,2,1,3,2,3,3,1,1,1
1583,1,1,1,2,3,2,4,3,2,1,3,2,3,3,1,1,2
1585,2,1,2,1,1,2,5,3,3,2,3,3,3,2,1,1,2
1586,2,0,1,8,1,9,4,2,2,2,3,1,2,2,1,0,1
1589,2,4,9,2,6,3,2,3,3,2,3,3,3,3,1,2,1
1590,1,4,2,7,1,5,1,2,1,2,3,4,2,3,1,0,3
1591,1,4,3,2,1,4,3,3,3,1,2,3,2,3,1,0,3
1593,2,1,1,2,1,1,3,3,3,1,2,3,2,3,1,1,1
1596,1,3,3,9,3,1,4,3,3,1,1,4,4,4,1,2,1
1597,2,3,2,1,1,6,3,3,3,1,2,4,3,2,1,2,3
1598,1,4,1,9,1,4,1,2,1,1,2,2,3,3,1,2,4
1601,2,4,8,2,4,5,4,2,2,1,2,3,2,2,1,0,1
1602,2,0,1,2,1,2,3,2,2,1,2,4,3,3,1,1,2
1604,1,4,1,9,3,4,1,3,3,1,4,2,4,3,1,0,4
1606,2,5,2,8,1,5,3,2,2,2,3,2,3,2,1,1,3
1608,2,4,2,1,7,4,6,2,1,1,3,3,2,2,1,0,3
1609,1,1,2,3,1,4,3,2,2,1,3,3,2,3,1,3,4
1611,2,0,2,8,1,5,4,2,2,1,2,2,3,2,1,1,3
1614,1,4,1,2,1,3,4,3,2,1,2,3,2,2,1,0,4
1615,1,0,1,9,1,4,3,4,4,1,4,4,3,4,1,2,3
1621,2,5,1,6,2,9,6,3,3,2,2,2,2,2,1,0,3
1626,2,4,2,9,1,4,3,3,3,1,1,2,3,3,1,0,3
1627,2,5,5,6,1,6,4,3,4,1,2,3,3,4,1,1,1
1629,1,2,8,7,1,4,5,2,2,2,1,3,1,2,2,0,3
1631,2,4,1,7,9,3,5,3,3,2,1,2,3,2,1,0,1
1635,1,3,5,6,1,4,1,3,2,2,2,5,4,2,1,0,2
1636,2,1,2,6,1,4,8,3,3,2,4,3,3,2,1,1,1
1638,1,3,8,7,4,4,3,3,3,2,3,3,3,3,1,2,4
1640,2,3,1,8,2,6,3,2,2,2,2,2,3,2,1,1,3
1642,1,4,2,9,6,4,1,3,2,1,2,3,3,3,1,2,3
1643,1,1,6,3,4,4,3,2,2,2,2,1,2,3,1,3,2
1644,2,5,5,3,2,6,3,3,3,2,2,2,2,2,1,1,1
1648,2,5,8,2,1,5,4,3,2,2,2,2,2,3,1,0,4
1649,2,4,2,1,1,3,9,2,2,2,2,2,3,2,1,1,1
1650,2,5,8,2,1,3,5,3,3,1,3,3,2,1,1,0,4
1651,2,1,4,1,5,3,2,4,4,1,3,3,4,4,1,2,1
1658,1,4,1,3,1,9,4,3,3,2,3,2,2,3,1,2,4
1659,1,4,1,3,2,4,3,3,4,2,2,3,3,3,1,1,1
1664,1,4,8,7,1,4,3,4,4,1,4,4,3,2,1,1,2
1666,2,2,2,1,5,6,3,3,3,1,4,4,2,3,1,0,4
1667,2,0,2,1,1,7,6,3,3,1,3,3,2,2,1,0,2
1668,1,4,3,2,2,3,6,2,1,2,2,3,3,3,1,1,2
1669,2,1,2,1,3,4,1,3,2,2,2,3,2,4,1,1,3
1670,2,2,1,10,1,6,5,3,3,1,2,2,2,2,1,1,2
1672,2,4,1,3,2,5,9,3,3,1,2,3,2,2,1,0,2
1673,2,4,1,2,1,5,6,3,4,1,2,4,4,2,2,0,1
1680,2,4,1,3,2,4,1,3,3,1,3,2,2,3,1,3,3
1687,2,3,1,3,1,5,4,3,2,1,3,3,3,4,1,2,1
1688,1,1,2,8,1,4,5,3,3,1,3,4,2,4,1,0,1
1689,2,3,2,6,1,6,5,3,3,1,2,3,2,2,2,1,2
1690,1,4,1,9,1,4,3,3,2,1,3,3,2,4,1,2,2
1691,2,4,1,2,1,9,6,3,3,2,1,3,2,2,2,0,1
1695,1,4,8,3,1,4,8,2,1,1,2,2,2,2,1,0,2
1696,1,2,2,9,1,4,2,3,3,1,2,3,2,3,1,1,4
1698,1,5,1,2,1,4,2,2,2,2,2,3,2,3,1,0,4
1701,2,4,2,8,1,4,5,2,2,1,2,2,2,3,1,0,4
1703,2,0,2,1,1,6,9,2,3,2,4,2,2,1,1,0,1
1704,2,3,1,3,1,6,5,3,3,2,2,3,3,3,1,0,1
1713,1,3,8,3,4,4,5,3,3,1,3,3,3,3,2,0,4
1721,1,4,2,1,1,4,5,3,3,1,2,4,3,2,1,1,4
1728,2,4,4,1,1,3,6,3,3,2,3,2,4,3,1,1,1
1729,1,5,2,6,1,3,4,3,2,1,3,3,3,3,1,0,1
1730,1,3,2,9,1,4,1,2,3,1,2,3,2,2,1,1,4
1731,1,0,3,1,4,4,9,4,5,2,2,5,2,1,1,1,1
1733,1,2,2,8,1,4,3,3,2,2,3,3,2,3,1,2,2
1734,1,3,1,2,1,4,1,2,2,2,3,2,2,3,1,1,3
1735,1,1,1,9,1,4,1,3,4,1,3,3,3,3,1,2,4
1736,1,1,2,5,1,4,5,3,2,1,2,2,2,3,1,1,1
1737,2,3,1,2,1,9,6,3,3,1,3,3,3,3,1,2,2
1738,1,5,8,2,1,4,3,3,3,1,3,3,2,2,1,0,3
1739,1,2,1,2,1,4,6,2,2,2,3,3,3,2,1,1,2
1740,1,4,1,2,1,4,1,3,3,1,3,3,4,3,1,1,3
1742,2,1,6,7,1,4,3,2,2,2,2,2,2,2,1,1,1
1743,2,4,2,1,1,3,6,3,3,1,4,3,4,3,1,1,1
1745,2,2,1,8,1,3,6,3,3,2,2,3,2,1,1,3,2
1748,2,0,2,1,1,4,6,2,3,2,2,3,2,2,1,1,1
1752,2,1,2,6,8,3,5,3,2,1,2,3,3,3,1,1,1
1755,1,1,2,1,1,4,3,3,2,2,3,3,3,2,1,1,2
1756,1,4,3,1,1,4,5,1,1,1,2,1,1,1,2,2,4
1760,2,5,2,1,1,3,4,2,3,1,3,2,2,2,1,0,3
1761,2,5,8,3,1,5,6,2,2,2,2,3,2,2,1,0,4
1767,2,1,1,6,1,3,5,2,2,2,2,3,2,4,2,2,2
1768,2,4,1,8,1,3,6,3,3,2,4,3,4,3,1,1,2
1773,2,1,2,9,1,3,4,3,2,1,3,2,3,2,1,1,1
1776,2,1,2,3,1,4,3,2,2,2,2,2,1,1,1,1,1
1778,2,5,3,7,9,1,3,2,2,2,3,2,3,2,2,1,4
1779,2,4,2,7,1,3,9,2,2,2,3,3,2,3,1,0,4
1780,1,4,5,4,5,4,6,4,3,1,2,3,4,3,1,1,4
1781,1,4,2,3,1,4,3,3,2,1,3,3,3,3,1,1,2
1783,1,0,8,1,1,4,9,3,4,2,3,3,1,1,1,0,4
1790,2,4,1,3,2,6,9,3,4,1,2,3,2,3,1,1,1
1791,1,1,2,1,1,4,6,4,4,2,1,2,4,3,2,1,4
1792,2,4,1,7,1,4,9,3,3,1,2,3,3,3,1,0,3
1793,1,0,8,5,1,4,5,2,2,1,2,4,2,2,1,2,4
1795,1,5,2,3,1,4,3,3,3,1,3,2,4,3,1,1,1
1797,1,4,1,8,1,6,4,3,4,1,2,4,3,2,2,1,2
1798,2,1,6,2,4,1,3,3,3,1,2,4,3,3,1,1,1
1801,1,4,8,3,1,4,3,2,2,1,3,2,2,2,1,0,4
1802,1,0,6,8,6,4,3,3,3,1,3,3,3,2,1,0,4
1806,1,3,1,2,1,3,4,2,2,1,3,3,2,3,1,1,1
1810,2,5,2,6,1,3,2,3,3,1,3,3,4,3,1,0,2
1814,2,4,2,1,1,6,3,1,1,2,2,2,1,2,1,1,2
1816,1,4,4,5,1,3,8,4,3,1,2,3,3,3,1,1,3
1822,1,4,2,8,1,4,3,3,3,2,2,3,2,2,2,3,2
1823,1,1,1,8,3,4,3,3,2,1,3,3,2,3,1,1,2
1826,1,1,8,2,9,9,4,3,3,2,2,3,3,3,1,0,3
1827,1,4,9,2,6,4,5,2,2,1,3,2,2,3,1,3,1
1828,2,1,6,1,4,1,6,3,2,2,3,3,4,3,1,1,1
1830,1,0,6,10,2,4,1,4,4,3,3,3,3,3,1,0,3
1831,2,0,2,8,1,3,6,3,4,1,3,4,3,3,1,1,1
1832,2,0,1,2,1,5,6,3,3,1,2,3,2,1,1,1,1
1834,1,4,1,8,1,3,6,3,3,3,2,5,3,2,1,0,4
1835,1,4,1,2,2,4,1,3,2,2,3,4,2,4,1,1,4
1836,1,4,2,6,1,4,5,4,3,1,2,4,4,2,1,1,3
1837,1,4,1,3,2,3,4,3,3,1,2,3,3,3,1,2,3
1840,1,4,3,8,1,4,5,2,2,2,2,3,2,2,1,1,2
1842,1,3,8,4,1,4,3,3,3,2,2,3,3,3,1,2,2
1845,1,4,2,8,1,4,1,3,3,1,4,3,3,3,1,0,2
1846,1,3,1,3,1,4,5,3,1,1,2,4,3,2,1,1,3
1852,2,0,1,7,3,3,5,2,2,1,3,2,2,3,1,1,2
1853,2,4,2,8,1,4,9,3,3,1,2,4,4,5,1,2,3
1860,2,4,3,1,2,1,3,3,3,2,2,2,2,3,1,1,3
1861,2,5,2,6,1,3,4,3,3,1,3,3,3,4,1,2,1
1864,2,1,2,8,1,6,3,3,2,1,3,3,2,3,1,1,2
1871,1,1,8,6,1,4,1,4,4,2,3,3,3,4,1,1,1
1872,1,4,1,7,1,6,4,3,3,2,2,3,3,3,1,0,2
1873,1,4,1,8,1,4,3,2,2,2,2,3,3,3,1,2,4
1875,2,4,8,4,3,3,4,2,2,1,2,2,3,3,1,1,1
1876,2,3,1,2,1,3,1,3,4,1,3,4,3,4,1,2,3
1877,1,4,8,6,5,4,5,3,3,1,3,4,3,4,1,2,1
1879,1,4,3,1,2,5,4,3,3,1,3,3,2,2,2,1,4
1880,2,1,10,4,5,6,1,3,3,1,2,4,3,4,1,2,3
1882,1,4,1,3,1,3,1,2,2,2,2,2,3,2,1,0,3
1883,2,4,1,8,4,5,2,3,2,1,3,3,2,3,1,1,1
1884,1,5,1,8,1,1,4,2,2,1,3,4,3,3,1,1,3
1886,2,4,2,8,1,9,2,3,2,1,3,3,2,2,1,0,3
1890,2,1,2,1,1,3,1,3,3,1,2,4,3,3,1,2,2
1892,2,5,1,4,1,4,6,3,3,2,3,3,4,3,1,1,1
1894,2,5,10,2,5,5,4,2,2,2,3,3,3,3,1,0,1
1897,2,1,2,3,1,4,5,3,3,1,2,3,2,2,1,1,4
1899,1,4,3,7,1,4,6,3,3,2,3,3,1,3,1,1,3
1902,2,1,2,6,1,5,4,3,3,1,3,4,3,3,1,1,3
1904,1,3,6,9,4,7,4,4,3,1,4,5,3,4,1,1,3
1905,2,4,1,8,6,6,9,3,2,1,3,2,2,2,1,0,1
1906,1,4,3,5,2,6,4,1,1,1,2,3,1,1,2,0,3
1911,1,0,1,2,1,2,3,2,1,1,3,2,2,2,2,0,2
1912,1,0,2,3,1,3,6,3,3,2,3,3,2,2,1,0,1
1916,1,4,1,3,2,4,3,3,3,1,3,3,3,2,1,1,4
1919,2,3,8,10,1,1,9,3,3,1,3,3,2,2,1,1,2
1922,1,4,1,3,1,4,6,3,4,2,3,3,3,2,1,2,2
1923,2,1,2,6,1,6,9,3,3,2,3,2,3,3,1,0,2
1924,1,0,3,8,1,4,3,2,2,2,1,2,2,2,2,3,4
1925,1,4,8,3,1,4,6,2,2,2,3,2,3,2,1,0,3
1926,1,1,3,1,3,3,1,4,4,1,3,3,2,2,1,1,3
1927,1,4,3,8,9,9,6,3,2,3,2,1,2,3,1,0,1
1928,2,0,1,7,2,1,9,3,3,2,3,3,3,3,1,3,1
1931,2,1,8,2,1,4,3,3,4,2,3,2,2,1,1,0,1
1933,1,4,1,2,3,6,3,3,3,1,3,3,2,2,1,0,1
1935,2,4,8,1,1,5,1,3,3,2,3,2,4,1,1,0,1
1937,1,4,2,1,1,3,5,2,1,2,2,3,2,4,1,2,2
1941,1,1,1,6,1,4,1,3,2,1,2,3,2,2,1,1,4
1942,1,2,2,1,1,4,1,3,2,1,3,4,4,3,1,1,3
1946,2,4,1,8,1,5,3,2,2,2,3,3,2,3,1,2,4
1947,2,4,3,1,2,3,5,4,3,1,3,4,2,4,1,2,1
1949,1,3,9,7,4,4,3,3,3,1,3,3,3,2,1,1,3
1950,2,4,2,6,1,1,6,3,2,1,3,3,3,3,1,1,1
1951,1,1,1,3,1,1,6,4,4,1,3,3,3,3,1,0,4
1952,1,3,2,8,1,4,3,3,3,1,2,4,3,3,2,2,2
1954,1,1,1,3,2,6,1,3,3,1,3,3,4,3,1,1,1
1957,2,4,1,2,1,9,6,2,2,1,2,3,2,3,1,0,1
1958,2,0,2,3,1,5,9,3,4,1,2,3,2,2,1,1,3
1960,1,3,3,1,2,4,1,3,3,2,3,4,4,3,1,2,3
1964,2,5,8,10,1,9,6,2,2,1,3,2,2,2,1,1,1
1966,2,5,2,5,1,1,5,3,2,1,3,2,3,1,1,1,1
1976,1,2,1,6,1,4,6,3,2,2,3,5,4,2,1,0,1
1977,1,1,2,1,2,4,3,3,3,1,3,3,3,3,1,2,1
1983,2,5,8,1,1,6,3,3,3,2,3,3,2,2,1,1,2
1985,1,4,9,8,6,4,1,3,2,2,2,2,2,2,1,0,2
1993,2,3,3,2,2,3,9,3,4,1,2,3,3,3,1,1,1
1997,1,4,2,10,1,4,5,2,1,2,3,2,3,2,1,1,4
1999,1,4,2,7,1,4,1,3,3,1,3,2,3,2,1,0,2
2002,1,5,1,6,1,4,3,3,3,1,2,3,4,3,1,1,2
2007,1,4,2,6,1,4,3,2,2,2,3,2,2,2,2,0,4
2008,2,4,10,2,5,4,3,3,3,1,3,3,2,3,1,0,1
2010,2,4,3,6,3,4,5,3,2,1,1,4,3,3,1,1,3
2012,1,4,1,3,2,4,1,2,2,1,2,2,2,2,1,1,4
2013,2,1,4,2,1,6,4,3,3,1,3,3,3,4,1,1,1
2018,1,3,3,1,3,4,5,3,3,2,2,3,3,3,1,2,3
2021,2,5,1,3,1,1,5,3,3,1,3,3,3,3,1,1,1
2022,1,3,3,1,3,4,6,2,2,2,3,3,2,3,1,1,2
2024,1,0,2,6,1,4,6,2,2,1,3,3,2,2,2,1,4
2030,2,4,1,6,1,4,1,3,4,2,3,4,2,3,1,3,1
2031,2,0,2,7,1,3,4,3,2,2,2,4,4,4,1,1,1
2033,2,0,2,1,1,9,4,3,2,1,2,3,2,3,1,1,3
2037,1,3,1,2,1,6,9,3,3,1,3,3,3,4,1,0,3
2038,1,4,1,2,1,4,3,3,2,1,3,4,2,3,1,3,1
2042,1,3,2,1,1,6,9,2,2,1,3,3,3,3,1,1,2
2044,1,1,3,1,1,4,3,2,1,1,2,2,2,3,1,1,1
2047,1,1,8,1,1,4,3,2,2,1,3,2,2,2,1,1,4
2052,1,0,2,1,1,6,3,4,4,1,2,4,2,4,1,3,4
2054,1,1,8,3,1,3,4,3,3,1,3,3,2,3,1,1,3
2059,2,2,6,1,1,3,4,4,4,1,2,3,4,3,2,2,1
2060,2,4,8,1,1,5,4,3,2,1,3,2,2,2,1,1,1
2064,1,4,6,9,1,3,4,3,2,1,3,4,2,2,1,0,3
2065,1,4,1,8,3,4,6,2,2,2,2,2,1,1,1,0,1
2067,2,0,1,9,9,4,5,2,2,1,2,3,2,3,1,0,3
2070,1,1,2,1,1,4,1,3,3,1,3,2,2,3,1,1,1
2071,2,1,6,3,2,3,6,3,4,1,2,3,4,1,1,3,2
2074,1,3,2,8,1,4,3,3,3,1,3,3,2,3,1,1,1
2075,2,2,2,3,1,6,4,2,3,2,2,2,3,2,1,1,3
2076,2,4,2,3,1,6,9,3,3,1,3,2,2,3,1,0,1
2078,2,4,2,9,1,1,9,3,3,1,3,2,4,2,1,1,3
2080,2,5,3,1,2,6,1,2,1,3,2,3,2,1,1,1,3
2083,1,1,1,3,1,4,6,3,3,1,3,2,3,2,1,0,2
2084,1,3,8,3,4,4,5,3,3,1,3,3,2,3,1,1,1
2086,1,3,2,10,1,4,3,3,2,1,2,2,3,3,1,2,2
2089,1,4,6,9,1,1,4,2,2,2,2,2,3,1,1,1,2
2092,2,1,2,1,1,6,9,2,2,2,2,3,2,2,2,2,2
2093,1,4,1,6,1,5,4,3,3,2,3,3,2,1,1,0,3
2094,1,4,2,6,2,3,5,3,3,1,2,4,3,4,1,1,3
2097,2,1,2,7,1,3,4,3,3,1,2,2,2,3,1,0,1
2098,1,1,1,2,1,1,6,4,3,1,2,4,4,5,1,0,1
2099,1,3,8,5,2,6,7,2,1,2,2,3,3,4,1,1,1
2100,1,4,9,2,6,4,3,3,2,2,4,2,3,1,1,0,4
2101,2,4,8,9,1,3,5,3,4,2,3,2,4,2,1,3,4
2108,2,4,2,6,1,1,4,2,2,2,3,4,3,4,1,0,2
2109,2,4,2,1,3,4,3,3,3,2,2,2,3,3,1,1,2
2118,1,1,1,9,1,4,3,3,3,1,2,3,3,2,1,1,1
2121,1,5,8,10,4,4,3,3,3,2,2,2,1,1,1,0,2
2122,2,4,2,1,1,9,5,3,4,1,2,3,3,1,1,0,3
2128,1,4,8,3,4,4,5,3,3,1,3,4,2,2,1,2,4
2129,2,5,2,1,2,5,3,2,3,2,2,2,2,3,1,0,4
2130,1,4,9,8,1,4,5,3,4,1,3,3,3,4,1,2,3
2133,2,1,2,8,1,4,5,3,2,1,2,4,3,3,1,2,3
2134,2,4,2,1,1,3,4,2,2,2,3,2,3,2,1,1,3
2135,1,2,1,8,2,4,6,2,2,1,3,2,2,2,1,1,3
2136,2,5,1,3,1,6,5,3,3,1,2,2,2,2,1,1,3
2137,1,1,1,3,1,4,3,2,2,2,2,3,3,3,1,2,2
2139,1,4,1,2,2,6,3,2,3,1,3,4,1,1,1,1,2
2140,2,0,4,2,1,1,4,3,4,2,3,4,2,1,1,1,3
2146,2,4,1,6,3,1,9,3,4,2,3,3,3,3,1,0,1
2148,1,4,9,3,3,4,3,2,2,1,2,3,2,2,2,3,2
2149,1,4,8,2,1,3,4,2,2,1,3,3,2,3,2,0,3
2153,2,5,1,2,1,3,2,3,4,1,4,3,3,2,1,1,1
2154,1,4,1,3,4,3,4,2,2,2,2,2,2,3,1,2,1
2156,1,4,2,9,1,4,5,2,1,1,3,3,4,2,2,1,3
2157,2,1,1,6,1,3,1,3,2,2,3,3,3,3,1,2,1
2158,2,1,2,1,1,3,1,2,2,2,3,3,2,2,1,2,1
2159,1,4,8,1,1,6,4,2,3,1,3,2,2,1,1,0,4
2162,1,1,2,1,1,4,1,3,4,2,4,3,2,3,1,0,1
2165,2,5,3,1,2,4,5,3,2,3,3,2,3,2,1,1,1
2166,2,0,2,6,1,3,4,3,3,1,3,3,2,2,1,0,4
2167,1,4,1,9,3,1,4,2,3,2,2,3,3,3,1,2,1
2168,2,3,2,1,1,4,5,3,3,1,2,4,4,3,1,0,2
2172,2,5,1,7,1,6,3,2,2,2,2,2,3,1,1,1,2
2173,1,4,7,9,1,4,3,2,1,1,2,3,3,3,2,2,2
2174,2,1,1,2,1,5,1,3,2,2,3,2,2,2,1,0,1
2176,2,5,2,1,1,6,1,3,3,2,2,2,2,3,2,1,2
2179,1,4,1,8,2,3,6,3,5,2,3,3,3,3,1,0,4
2181,2,2,8,10,1,3,1,3,2,1,3,4,3,4,1,2,1
2183,2,3,1,2,1,5,6,3,3,1,3,3,2,2,1,1,1
2191,1,4,3,9,3,9,3,2,2,1,2,3,2,2,1,1,2
2193,2,4,2,7,6,3,1,3,3,1,2,2,3,2,1,1,1
2194,1,2,6,1,8,4,1,2,2,2,2,2,3,3,1,1,2
2198,2,0,2,3,2,1,9,2,3,2,2,3,3,3,1,2,3
2200,1,2,9,8,1,4,3,3,3,1,2,4,2,2,2,0,4
2201,2,3,1,8,3,4,5,3,2,2,2,1,2,2,1,1,1
2202,2,4,1,5,1,3,6,3,2,1,2,4,5,5,1,0,3
2203,2,0,8,2,1,9,6,2,1,1,3,4,2,2,1,0,4
2206,2,1,8,6,1,6,5,4,4,1,3,4,4,4,1,2,4
2210,1,1,8,9,3,6,5,2,2,2,2,2,2,2,1,1,2
2215,1,1,1,3,4,9,6,3,3,1,3,3,3,3,1,0,3
2216,1,4,2,1,3,1,4,3,2,1,3,3,3,3,1,1,3
2217,2,5,2,1,1,2,1,3,3,2,3,2,3,2,1,0,4
2218,2,3,2,6,1,4,2,3,3,1,2,3,4,2,1,1,1
2219,2,1,1,2,2,5,7,2,2,1,3,2,2,2,2,1,4
2221,1,2,3,9,3,4,5,2,2,2,2,2,2,2,1,1,1
2224,1,4,1,2,2,3,6,3,3,1,3,4,3,3,1,0,1
2225,1,4,2,1,1,4,3,3,3,2,2,3,3,3,1,2,1
2227,2,4,8,6,3,4,2,3,2,2,2,2,4,3,1,1,4
2228,1,3,1,2,1,4,3,3,2,1,3,3,2,4,2,2,3
2231,2,1,6,1,7,3,1,2,3,1,3,3,2,2,1,1,3
2232,2,1,2,3,8,6,9,3,2,1,3,2,3,3,1,1,3
2233,1,4,1,2,1,4,3,3,3,2,3,4,3,2,1,1,2
2234,1,4,1,8,1,1,4,3,3,2,3,3,3,3,1,1,4
2238,1,4,2,3,2,4,3,2,2,1,2,2,3,2,1,2,3
2246,2,1,2,7,1,5,9,3,3,2,2,3,3,2,1,1,1
2248,2,4,1,2,1,5,4,3,3,1,2,2,2,2,1,0,1
2250,2,4,3,1,3,5,3,3,2,1,3,3,3,3,1,1,1
2251,2,1,1,6,1,3,5,3,3,1,2,2,3,3,1,3,1
2253,2,4,6,2,1,6,4,3,3,1,3,3,3,3,1,0,3
2254,2,3,6,9,4,3,1,3,3,1,3,3,3,4,1,2,1
2255,1,4,2,8,1,4,6,2,2,2,2,3,3,2,1,1,2
2256,1,3,7,1,8,4,1,3,3,1,4,3,3,2,1,2,3
2257,1,5,1,3,1,4,6,4,4,1,3,4,4,3,1,1,3
2258,1,4,4,10,1,3,4,3,3,1,2,3,3,3,2,2,4
2260,1,2,1,8,2,4,3,3,2,1,3,3,3,3,2,2,2
2263,2,4,2,8,1,5,4,3,2,2,3,3,2,3,1,2,2
2266,2,4,3,9,2,9,1,3,3,2,3,2,2,2,1,0,2
2271,1,0,1,2,1,5,4,3,2,1,3,2,2,4,1,2,1
2276,2,1,1,7,1,6,1,2,2,2,3,2,2,1,1,0,2
2277,2,4,10,5,1,5,8,3,3,2,2,2,3,3,1,2,3
2279,2,4,2,3,1,6,3,3,3,2,2,3,2,2,2,0,1
2280,2,4,2,6,1,3,1,4,4,1,4,3,3,4,1,1,1
2281,1,5,1,2,2,4,1,3,2,1,3,1,2,5,1,2,2
2283,1,1,8,1,6,4,5,2,2,2,2,3,3,3,1,2,4
2286,1,0,6,2,1,4,1,3,2,1,2,4,3,3,1,1,1
2288,1,1,1,2,1,4,5,2,2,1,3,3,2,3,1,0,4
2290,1,4,2,10,1,4,1,2,1,2,2,1,3,1,1,3,2
2292,2,1,2,3,1,6,9,2,2,1,2,3,3,3,1,0,4
2294,2,4,1,2,1,4,5,3,3,1,4,3,4,3,1,1,2
2295,1,4,6,3,1,4,1,2,2,1,3,2,3,3,1,1,3
2296,1,1,4,1,1,4,1,4,3,2,2,3,4,3,1,2,1
2297,2,1,2,1,1,4,2,3,2,1,2,3,3,2,1,1,3
2298,1,1,1,8,1,4,1,3,2,3,2,4,4,4,1,0,2
2305,1,5,2,3,2,4,5,2,3,1,2,3,2,2,2,0,4
2309,1,1,1,6,1,4,5,2,2,2,3,3,2,2,1,0,4
2310,1,4,1,8,1,4,6,2,1,1,3,3,2,2,1,3,4
2311,1,4,1,3,2,4,3,2,2,2,2,3,2,3,1,0,4
2313,1,1,2,6,1,4,6,2,1,2,4,4,2,4,1,0,1
2315,2,5,1,8,1,3,2,3,3,2,3,2,3,3,1,1,1
2316,1,4,1,10,1,8,4,3,4,1,3,4,3,2,1,1,3
2321,2,1,2,10,1,6,5,4,4,1,2,4,3,2,1,1,1
2326,1,3,8,2,1,4,1,2,1,2,2,1,3,2,1,1,2
2327,2,2,2,8,1,9,6,3,3,2,3,3,3,2,1,0,2
2329,1,1,5,1,4,4,1,3,3,1,2,3,3,4,1,0,3
2331,1,5,1,8,1,4,3,2,2,2,3,2,2,2,1,0,1
2332,2,1,1,6,1,9,5,3,4,2,2,4,2,4,1,2,4
2335,1,4,1,8,5,4,2,2,2,1,3,3,2,2,2,0,2
2337,2,4,2,6,1,3,4,3,3,1,3,4,3,3,1,3,2
2342,2,4,7,2,1,6,3,3,3,2,2,3,2,2,1,3,1
2347,1,5,8,6,1,4,5,3,3,1,2,2,3,3,1,1,2
2349,2,2,2,1,1,6,3,3,3,1,2,3,3,1,1,1,2
2351,1,1,3,2,6,4,5,3,3,2,2,3,2,2,1,0,4
2354,2,4,1,8,1,1,6,3,2,1,2,2,2,2,2,0,3
2355,2,3,8,9,1,5,6,3,2,1,3,3,3,3,1,1,1
2356,2,5,2,8,1,3,1,3,3,2,3,3,2,2,1,1,4
2357,2,4,1,2,1,5,4,3,3,2,2,2,3,3,1,3,1
2361,1,4,1,3,2,4,3,3,3,2,2,2,2,3,1,2,2
2372,2,1,2,1,1,3,6,3,4,2,2,2,2,2,1,1,2
2378,1,1,8,1,2,4,3,3,2,1,2,3,2,4,1,1,2
2380,1,3,3,8,3,4,1,3,3,1,2,3,3,2,1,0,1
2382,1,1,2,8,4,4,5,3,3,1,3,3,3,2,1,1,1
2385,1,4,2,10,1,4,1,2,2,2,3,2,3,3,1,3,2
2387,2,4,1,8,3,5,9,3,2,1,2,3,3,3,1,2,3
2388,1,5,2,1,1,6,1,3,4,2,3,4,3,4,1,0,3
2389,2,1,2,4,1,8,2,3,4,2,2,3,3,3,1,1,2
2391,2,3,2,9,1,6,9,3,4,2,2,4,4,3,1,2,2
2393,2,4,1,8,1,5,6,3,3,1,3,3,3,2,1,1,1
2398,2,0,6,2,1,5,2,3,2,2,3,2,3,2,1,1,2
2399,2,2,3,2,1,3,5,2,2,1,3,2,2,3,1,2,4
2400,2,0,6,10,7,1,6,3,3,1,2,3,3,3,1,1,4
2402,1,4,3,8,2,9,6,3,4,2,2,2,3,2,2,3,2
2404,1,4,5,8,1,4,6,2,3,2,3,3,3,3,1,0,2
2405,1,2,2,1,1,3,7,3,3,1,3,3,3,3,1,2,1
2407,1,5,6,10,1,4,3,2,1,2,1,2,2,3,1,1,4
2408,2,0,2,8,1,3,4,3,3,2,3,5,3,3,1,0,3
2410,1,3,1,2,7,4,5,3,3,1,2,3,4,3,1,1,4
2416,2,4,1,2,1,6,3,2,2,2,1,2,2,2,1,1,2
2418,2,4,2,8,1,5,9,2,2,2,3,3,2,1,1,0,4
2419,2,1,8,6,1,3,4,4,4,1,3,4,4,3,1,1,3
2421,2,4,1,8,1,2,9,2,3,1,3,3,3,2,1,0,3
2422,2,5,2,9,1,5,3,3,2,3,2,2,3,2,1,1,1
2425,2,4,1,2,1,3,4,3,3,1,2,2,3,3,1,1,1
2429,2,4,1,3,1,9,5,3,2,1,2,2,2,1,1,0,1
2430,2,4,3,1,2,6,4,3,3,1,2,3,2,2,1,3,3
2436,1,5,8,2,3,4,1,3,3,1,2,3,4,4,1,2,3
2437,1,4,1,8,1,4,1,4,3,1,3,4,2,2,1,3,1
2439,1,3,3,1,2,9,6,3,4,1,2,3,2,3,1,0,4
2440,2,5,6,2,2,1,5,3,2,2,2,2,3,3,1,1,1
2441,1,3,2,10,1,4,3,3,2,1,3,3,3,4,1,0,3
2443,1,4,1,3,6,4,3,3,2,1,2,2,2,3,1,0,1
2449,1,4,8,3,1,4,5,2,2,1,3,3,2,2,1,0,3
2450,1,4,2,8,1,4,3,2,2,2,3,3,3,2,2,0,2
2452,1,3,1,8,1,4,3,3,3,2,3,4,2,2,1,1,1
2453,1,4,1,8,1,4,1,4,4,1,3,3,3,3,1,1,2
2454,1,2,1,8,1,4,6,3,3,2,3,2,2,1,1,1,1
2458,1,1,1,2,1,4,3,3,2,1,3,3,4,2,1,2,2
2459,1,1,1,7,3,4,5,2,2,1,3,1,2,2,1,0,3
2460,1,1,8,9,4,4,6,3,4,1,2,2,2,3,1,2,2
2462,1,4,1,4,1,4,3,3,3,2,3,4,3,1,1,1,3
2468,2,0,1,2,1,9,6,3,3,1,3,2,3,1,1,1,1
2470,1,4,1,8,8,4,5,3,2,1,3,4,4,2,1,2,2
2475,1,1,8,3,7,4,3,3,4,1,5,3,3,3,1,1,3
2476,1,4,9,6,1,4,5,2,2,1,2,3,3,3,2,2,4
2481,1,1,1,6,1,6,4,3,3,2,3,2,3,3,1,0,2
2483,1,1,1,3,1,4,5,2,3,2,3,3,3,2,1,2,1
2485,2,5,8,2,1,1,3,3,2,1,2,3,3,2,1,1,3
2487,2,0,2,1,1,4,5,3,2,1,2,3,2,2,1,0,2
2488,2,1,3,6,8,1,6,3,2,2,2,2,3,3,1,1,1
2489,2,3,1,6,1,6,3,4,3,1,3,4,3,3,1,1,3
2490,2,1,1,2,1,4,3,2,2,2,3,3,3,2,1,1,4
2491,2,3,2,1,1,6,4,3,3,2,4,3,3,4,1,0,4
2492,2,4,2,3,1,3,5,2,2,1,2,3,2,1,1,3,2
2495,1,1,2,10,1,4,3,2,3,1,3,3,2,3,1,0,4
2497,1,3,1,9,2,4,5,2,2,2,2,3,2,2,1,0,2
2499,1,3,7,1,1,4,5,3,3,2,3,3,2,4,1,0,3
2507,1,3,3,6,1,3,4,2,2,1,3,2,2,2,1,0,4
2508,1,3,2,8,1,9,4,3,3,1,4,3,3,3,1,2,1
2511,1,1,1,8,1,3,4,3,3,2,2,3,3,2,1,1,2
2512,1,1,4,1,5,4,3,2,1,1,2,2,2,3,1,3,1
2517,1,5,3,2,2,4,3,3,4,1,2,4,3,5,1,1,1
2519,2,2,9,1,1,3,6,3,3,1,3,2,3,4,1,2,3
2525,1,4,1,3,1,4,3,3,3,1,2,4,4,2,1,3,4
2526,2,5,2,9,3,5,9,3,3,2,2,2,3,2,1,1,2
2528,1,4,2,9,1,4,3,3,2,2,3,3,2,2,1,0,4
2529,2,0,2,3,2,1,4,3,3,1,2,3,2,3,1,0,3
2530,2,3,2,1,1,1,4,4,4,2,2,2,3,3,1,2,2
2532,1,3,8,2,1,9,6,3,3,1,2,2,1,2,1,0,1
2533,1,4,1,2,1,4,6,3,3,1,3,3,2,2,1,1,4
2535,1,1,2,1,1,4,5,3,2,1,3,2,3,2,1,0,2
2537,2,4,1,9,6,4,5,3,3,1,3,3,2,2,2,0,2
2540,2,0,6,8,7,1,3,2,2,2,2,3,4,2,1,1,1
2541,2,1,1,9,1,3,6,2,2,2,3,2,1,1,2,0,2
2542,2,0,2,3,1,6,5,3,3,2,2,2,3,2,1,1,4
2543,2,3,2,3,1,9,1,3,3,1,3,3,3,1,1,1,1
2544,2,4,3,9,2,6,9,2,2,2,2,2,1,3,2,0,1
2545,2,1,1,8,1,4,3,2,2,1,2,2,2,3,1,0,4
2546,1,4,1,3,1,4,6,2,2,2,2,2,2,2,2,1,2
2548,2,1,2,1,1,5,3,3,2,1,3,3,2,3,1,2,1
2549,1,5,6,3,4,4,6,3,4,2,3,3,3,2,1,1,3
2552,2,5,1,3,1,6,9,3,4,3,2,3,3,3,1,2,1
2554,2,1,8,2,1,3,5,4,4,1,1,4,3,4,1,2,1
2557,1,1,4,10,1,1,4,3,3,1,2,3,3,3,1,1,2
2559,2,4,8,9,1,3,5,3,3,1,3,3,3,3,1,1,2
2560,2,4,1,6,3,6,4,3,3,2,3,1,2,4,1,0,1
2562,1,0,1,3,1,4,3,2,2,1,2,2,2,3,1,1,2
2566,2,4,2,6,1,1,5,3,3,2,3,2,2,2,1,0,1
2570,2,0,6,1,1,6,4,3,3,2,3,3,2,2,1,0,2
2574,1,0,2,3,6,3,4,3,4,2,3,3,2,2,1,0,1
2575,2,2,1,6,3,6,3,3,2,1,2,2,3,2,1,1,2
2577,1,2,8,7,4,4,2,3,3,1,3,3,2,2,1,2,3
2580,2,1,2,1,1,4,1,3,3,1,3,3,3,3,1,2,1
2582,2,1,1,3,1,6,4,4,5,2,3,1,3,2,1,1,4
2584,1,5,8,2,1,4,3,2,1,1,3,2,2,1,1,3,3
2585,2,4,3,1,7,6,1,3,3,2,2,3,2,3,1,2,3
2586,2,0,8,1,1,9,6,3,3,1,3,4,2,3,1,0,3
2587,1,4,4,2,5,4,3,3,3,1,2,2,3,2,1,0,4
2590,2,1,6,2,4,3,9,3,4,1,3,4,2,1,1,1,2
2591,1,4,8,2,1,4,5,2,2,2,3,3,3,2,1,0,1
2592,1,4,2,3,1,1,4,4,3,1,3,3,4,4,1,3,3
2594,2,1,2,6,1,3,6,3,3,1,3,2,3,4,1,2,3
2596,1,4,3,1,1,4,1,1,1,2,2,3,2,1,1,0,2
2598,1,2,2,10,1,4,3,3,3,1,2,2,3,2,1,1,2
2599,2,5,1,2,1,3,5,3,3,1,3,3,3,2,1,1,1
2600,2,1,1,2,1,4,6,3,4,1,3,3,3,3,1,1,1
2602,1,4,2,1,1,4,3,3,2,1,2,3,3,4,1,2,1
2606,2,3,9,2,6,4,6,3,2,2,3,3,4,3,1,1,2
2611,1,5,1,8,1,4,1,3,3,2,2,4,3,4,1,0,3
2613,1,5,8,1,1,4,5,2,2,2,2,2,2,2,1,0,4
2615,2,4,6,2,1,5,1,2,2,2,3,3,2,1,2,0,1
2617,1,3,2,1,1,4,3,2,2,2,3,2,2,3,1,1,2
2619,1,4,2,1,1,4,6,3,3,1,3,3,4,3,1,1,2
2625,1,4,2,1,1,4,3,2,3,2,2,2,1,2,1,0,1
2631,2,0,3,9,1,4,5,3,3,1,3,3,2,4,1,3,1
2632,1,3,1,3,2,1,5,3,3,2,2,3,3,3,1,2,3
2636,2,5,2,1,1,6,3,3,2,2,2,3,2,3,1,1,1
2637,1,4,8,1,1,4,3,3,2,2,4,3,3,3,1,0,2
2638,1,4,3,2,2,4,5,3,3,1,3,3,3,3,1,1,2
2639,1,4,1,3,2,4,9,3,3,1,3,4,2,2,1,0,2
2643,2,4,2,1,4,5,2,3,3,1,3,4,3,4,1,0,1
2644,1,4,3,9,1,4,5,3,2,2,2,3,3,2,1,1,3
2645,2,0,1,2,8,4,2,2,1,2,2,2,2,1,1,0,4
2646,2,1,3,6,1,5,9,4,4,1,2,3,3,4,1,2,1
2647,2,4,8,2,1,3,2,2,1,1,3,2,2,2,1,0,3
2649,1,1,1,3,1,4,5,3,4,2,2,5,1,1,2,0,3
2651,2,4,3,10,2,2,4,3,2,2,3,4,2,3,2,1,2
2653,1,0,3,8,1,4,6,3,2,3,3,3,2,3,1,0,2
2655,2,4,2,6,1,4,4,3,3,1,2,2,3,3,1,2,1
2656,1,3,3,1,1,4,5,3,3,1,3,3,3,2,1,1,4
2662,2,4,2,1,1,3,5,2,3,1,3,2,2,1,1,0,2
2668,1,1,3,5,1,5,4,3,3,1,2,4,3,3,1,2,2
2671,2,5,2,1,1,5,9,2,2,2,3,3,3,2,2,0,1
2673,1,0,4,1,1,4,3,4,5,1,3,5,4,2,1,0,2
2674,2,3,2,1,1,5,4,2,3,2,2,2,2,2,1,1,1
2675,1,4,1,8,1,4,5,3,3,1,3,3,2,3,2,2,2
2678,2,0,2,1,1,9,5,3,3,1,4,3,3,3,1,3,1
2680,2,4,1,8,3,5,9,3,3,2,3,2,2,4,1,2,2
2681,2,5,8,2,1,4,9,3,2,2,3,3,3,3,1,2,2
2684,1,1,7,3,1,3,4,3,2,1,3,3,2,3,1,0,4
2687,2,1,1,9,1,9,3,3,2,2,3,3,3,3,1,1,2
2691,2,4,1,9,1,4,5,3,3,2,3,2,2,2,2,0,1
2693,1,4,1,3,1,4,5,3,3,1,3,2,2,3,1,0,2
2694,2,4,1,8,2,6,3,3,2,2,2,3,4,3,2,1,2
2697,2,1,6,9,4,7,1,3,3,2,1,3,4,3,1,1,1
2700,2,4,6,2,4,3,4,3,2,2,4,3,2,3,1,2,1
2701,2,1,1,2,1,3,1,3,3,1,2,2,3,2,1,1,3
2702,1,0,3,1,2,4,7,3,3,2,2,3,4,3,1,1,1
2704,2,5,1,2,1,6,9,3,3,2,3,3,3,3,1,0,1
2705,2,5,2,9,2,3,2,3,2,2,2,2,2,3,1,1,1
2707,2,4,4,8,1,6,4,3,2,1,3,3,2,3,1,0,1
2708,1,4,3,8,1,2,5,3,3,2,2,2,3,4,1,2,1
2711,2,1,1,7,1,1,3,3,3,1,3,3,3,2,1,1,1
2716,2,0,1,2,2,5,1,3,3,1,2,3,2,2,1,0,3
2717,2,1,6,8,1,3,6,3,3,2,2,2,2,3,1,0,2
2719,1,0,9,2,2,4,3,2,1,2,3,2,3,3,1,1,2
2720,1,4,1,2,1,1,4,3,3,1,2,3,2,3,1,2,2
2726,1,4,8,5,1,3,4,3,2,1,2,3,3,3,1,2,1
2728,2,4,2,8,1,3,4,3,2,1,3,3,2,2,2,0,4
2729,2,4,1,8,4,5,4,3,2,2,3,2,2,2,1,1,1
2733,2,2,8,1,1,1,4,3,4,2,3,3,2,2,1,1,1
2737,1,2,6,1,1,4,1,3,3,2,2,3,3,2,1,0,1
2738,1,4,1,4,1,4,3,3,3,1,3,3,3,2,1,1,1
2739,1,4,3,5,1,4,5,3,3,1,3,4,2,2,1,0,2
2740,1,5,2,9,6,4,3,2,1,1,3,4,3,3,1,1,2
2741,2,4,1,10,1,1,3,3,3,2,2,3,3,3,1,1,1
2742,2,4,3,9,1,1,5,2,1,2,3,2,2,3,1,2,4
2743,1,4,1,2,1,4,2,3,3,1,3,3,3,3,1,1,2
2744,2,4,8,2,1,1,3,4,4,1,3,4,3,4,1,2,1
2749,2,1,9,3,1,6,3,3,3,2,2,2,3,2,1,0,3
2752,2,4,1,8,1,1,3,3,2,1,3,2,2,3,1,1,1
2755,2,0,2,6,1,4,3,2,2,2,2,2,2,2,1,0,4
2760,2,4,1,7,3,5,3,2,2,1,2,2,2,3,1,2,2
2761,1,4,1,2,1,1,3,3,3,2,3,3,2,3,1,0,4
2762,2,4,1,3,2,9,1,3,3,1,3,4,3,3,1,1,1
2764,2,4,2,1,1,5,4,3,3,2,3,3,2,1,1,0,4
2765,1,4,2,1,1,4,6,3,3,1,3,2,3,3,1,2,2
2766,1,4,1,8,1,3,4,3,4,1,3,4,3,2,1,3,1
2767,1,3,2,3,1,4,1,4,3,2,2,5,3,2,1,1,3
2768,1,4,1,2,1,5,6,3,4,1,2,2,2,2,1,0,4
2771,2,4,6,10,1,3,6,3,2,2,2,2,2,2,2,0,3
2772,2,5,2,3,1,5,4,3,2,1,2,3,3,3,1,1,4
2773,1,4,3,1,2,4,5,2,2,1,4,2,2,2,1,0,4
2774,1,2,1,7,7,4,1,3,3,2,3,3,3,2,1,0,2
2779,1,4,2,5,1,1,4,3,3,1,4,3,3,4,1,2,1
2780,2,4,3,8,1,4,7,2,2,1,3,3,2,2,1,0,4
2784,2,5,1,2,1,5,6,3,3,1,3,2,2,3,1,1,1
2788,1,4,1,3,1,4,7,2,2,2,3,2,1,2,1,3,2
2794,1,1,2,1,3,4,2,3,3,1,3,4,4,4,1,1,2
2797,2,4,2,1,1,3,6,3,3,2,2,3,2,2,1,1,1
2800,2,1,2,5,1,4,1,3,3,1,2,3,4,3,1,1,1
2801,2,3,3,5,2,3,2,3,3,1,3,3,3,3,1,2,3
2805,2,0,2,3,1,4,3,3,3,2,2,3,3,2,1,0,1
2809,1,1,1,2,1,4,5,3,3,1,3,4,2,3,1,2,2
2810,2,4,2,6,1,9,1,3,3,2,2,4,4,3,1,1,3
2811,1,1,1,2,1,4,6,3,3,1,3,3,3,3,1,0,2
2812,2,4,8,1,3,1,5,2,2,1,2,2,2,2,1,2,1
2817,2,4,2,1,1,5,4,3,3,1,2,3,3,3,1,2,3
2822,2,4,3,2,3,5,1,2,2,2,2,2,2,3,1,2,2
2827,2,1,2,8,1,1,4,3,3,1,3,4,2,2,1,0,1
2832,2,0,2,8,1,9,4,3,4,2,3,2,2,1,1,0,3
2833,1,1,2,8,3,4,1,3,2,1,2,2,4,3,1,1,3
2834,1,1,3,2,2,4,3,2,1,1,2,4,2,2,2,0,4
2836,2,1,1,8,1,5,4,3,3,1,2,2,4,2,1,1,1
2837,1,4,2,10,1,4,1,3,2,2,3,3,2,3,1,0,4
2838,1,4,3,1,1,4,1,3,3,2,2,3,2,2,2,0,2
2839,2,4,1,4,1,1,3,3,3,2,4,3,3,2,1,0,3
2840,1,1,1,2,1,4,1,3,3,1,3,4,4,4,1,1,1
2841,2,2,5,2,7,4,6,4,4,1,3,3,3,3,1,0,3
2842,1,4,8,10,1,4,6,3,2,2,3,2,2,3,1,1,4
2844,2,4,1,9,3,5,1,3,3,1,3,3,3,3,1,1,2
2847,2,1,1,2,1,2,5,3,3,1,2,3,2,2,1,0,1
2849,2,1,2,1,1,5,6,4,4,1,3,4,3,2,1,1,1
2850,2,4,1,10,1,5,4,3,3,1,3,2,3,2,1,0,1
2851,2,0,2,8,1,4,2,3,4,1,2,3,3,3,1,1,3
2857,1,5,2,9,1,3,6,2,2,2,2,2,3,2,1,0,3
2861,1,4,2,3,1,4,1,3,2,1,2,2,2,4,1,0,4
2865,1,4,2,8,1,4,2,2,2,2,2,2,2,2,2,0,4
2869,2,4,1,6,1,6,3,2,2,2,3,2,2,1,1,0,4
2875,1,4,6,3,4,1,4,3,2,1,2,3,3,4,1,2,2
2876,2,5,2,6,1,5,1,3,4,2,3,3,4,2,1,1,2
2878,1,4,2,8,1,1,4,2,1,1,3,2,3,2,1,1,4
2880,2,4,3,9,1,5,6,2,3,2,1,2,2,2,1,0,1
2883,2,1,2,6,1,5,1,3,3,1,2,3,3,3,1,2,1
2884,1,3,8,1,1,4,5,3,2,1,3,3,3,3,1,2,1
2885,1,4,3,1,3,4,3,3,2,1,3,3,3,3,1,2,2
2888,2,4,8,10,7,6,3,3,3,1,3,3,3,3,1,1,2
2889,2,5,1,3,1,1,5,2,3,2,2,2,4,4,1,1,1
2891,2,4,1,3,9,6,1,3,3,1,2,3,3,4,2,2,4
2892,1,4,2,1,1,4,1,3,4,2,3,4,4,3,1,1,2
2899,2,4,1,2,1,1,3,3,3,2,2,2,4,2,1,1,1
2900,1,0,9,8,1,4,3,3,3,1,3,4,2,2,1,0,4
2903,2,5,2,5,1,5,4,3,3,2,2,2,2,2,1,0,1
2906,1,4,1,2,1,4,1,3,3,1,3,4,2,2,1,1,3
2908,2,4,2,3,3,2,4,3,3,1,3,3,4,3,1,2,2
2911,2,4,1,8,1,6,3,3,2,2,3,2,2,2,1,1,1
2914,1,4,1,8,1,4,3,2,2,1,2,3,2,2,1,1,1
2915,1,4,6,2,1,4,5,2,2,2,3,2,2,2,1,1,1
2918,2,4,1,2,1,1,5,3,3,1,3,4,4,4,1,1,3
2921,2,1,1,2,1,1,2,3,3,1,1,2,3,3,1,1,1
2924,2,5,3,8,1,1,5,2,2,1,2,3,2,2,1,2,2
2927,1,4,8,7,1,4,3,4,4,1,2,3,2,3,1,1,3
2930,1,3,3,6,1,4,5,2,2,2,2,3,3,1,1,0,3
2931,1,0,1,4,1,4,8,2,3,1,3,2,2,2,1,0,1
2932,1,4,2,9,1,4,1,2,2,2,2,2,2,3,2,2,3
2937,2,3,1,2,1,5,4,2,1,2,2,2,2,2,1,1,3
2940,2,1,8,2,1,3,5,3,4,1,3,3,4,3,1,3,1
2941,2,4,6,2,1,3,9,3,3,2,3,1,2,2,1,1,1
2942,2,4,2,9,1,1,3,3,2,2,2,3,3,3,1,1,4
2943,2,4,1,3,1,3,4,3,3,1,3,3,3,2,1,1,2
2944,2,2,1,3,1,6,2,3,3,1,1,3,2,2,1,3,2
2949,2,2,1,6,1,5,1,3,2,2,3,2,2,3,1,1,2
2958,2,4,1,8,4,5,4,3,3,1,3,2,3,2,1,1,2
2959,2,5,2,1,1,5,6,3,5,2,2,4,1,2,1,0,4
2960,2,5,2,1,1,3,4,2,3,2,2,3,4,2,1,1,3
2961,1,0,1,6,1,4,1,2,2,1,3,3,3,3,1,0,4
2962,1,4,1,8,1,4,5,3,4,2,2,3,3,3,1,1,1
2964,2,4,6,1,1,2,6,3,2,1,2,2,2,2,2,1,1
2965,2,4,1,3,1,6,9,3,4,2,3,3,2,2,1,1,2
2970,1,0,8,2,1,4,9,3,2,1,2,3,2,3,1,1,1
2971,1,4,1,8,1,4,6,3,2,1,4,2,2,4,1,2,1
2973,2,4,2,8,1,5,9,2,1,1,2,2,1,1,2,1,1
2975,1,2,8,3,9,4,3,3,4,2,3,2,2,2,1,0,2
2976,2,4,2,9,1,3,1,3,2,1,2,2,1,2,1,2,4
2978,2,3,2,6,1,1,3,3,3,1,2,2,3,3,1,0,1
2980,2,4,3,1,2,5,1,2,2,1,2,3,3,2,1,0,1
2986,2,4,8,1,2,9,5,3,4,2,2,3,2,2,1,0,1
2988,1,1,1,6,1,4,6,3,3,2,2,3,3,2,1,0,3
2992,2,1,1,2,1,4,1,3,2,2,3,3,3,3,1,1,1
2996,2,4,1,2,3,3,6,3,2,2,3,3,3,2,1,1,1
2998,2,5,2,1,1,3,5,3,4,1,3,3,2,2,1,1,1
3000,2,1,1,3,1,5,3,3,3,3,3,2,3,5,1,2,1
