BYSID,father_job,col_major,BYS22001,BYS22002,BYS23002,BYS04008,BYS04009,selfConcept_cate,lifeSelfConfidence_cate,emotionalStability_cate,schFacilSatisfi_cate,careerSelfEfficacy_cate,liberalArts_cate,naturalSciences_cate,AT_05,GENDER,teacherRel_cate,J007C
5002,3,5,1,3,2,1,2,2,2,2,4,2,3,2,1,2,1,6
5005,3,4,1,7,8,1,4,3,3,2,3,4,2,3,2,1,1,8
5009,4,7,1,6,1,2,1,4,4,2,2,3,3,2,1,2,1,5
5010,4,3,2,1,1,1,5,3,2,1,2,3,3,2,1,2,1,2
5014,2,0,2,6,1,1,3,3,2,1,2,3,3,2,1,2,1,2
5015,1,2,1,9,1,1,4,4,4,2,2,4,3,3,0,1,2,6
5018,4,2,2,5,1,1,3,2,2,2,3,2,2,3,1,1,2,6
5020,4,5,8,2,3,1,2,2,2,2,3,2,2,2,2,2,1,8
5025,4,4,1,2,1,6,1,3,3,1,2,3,3,2,2,1,1,5
5026,4,5,2,3,1,4,3,2,2,1,2,3,2,3,2,1,1,8
5028,4,2,6,7,1,2,1,3,4,2,3,4,3,1,1,2,1,2
5031,3,2,8,1,1,1,5,2,2,1,2,3,2,3,0,2,1,1
5032,4,6,8,7,1,1,5,3,3,1,3,2,3,3,2,2,1,6
5033,3,7,2,3,8,1,4,3,4,1,3,3,2,2,0,1,1,6
5034,1,0,1,8,3,3,4,3,3,1,3,3,3,2,1,1,1,1
5035,1,5,1,3,1,4,1,3,3,2,3,4,2,3,2,1,1,6
5036,4,2,1,3,1,3,4,3,3,2,4,3,2,3,2,1,1,8
5037,4,2,1,8,3,1,3,2,2,2,2,3,3,2,1,1,1,6
5041,0,0,2,1,1,4,1,3,3,3,3,4,3,4,1,1,1,5
5046,0,5,2,6,1,1,5,4,5,1,4,4,3,3,2,2,1,2
5047,5,7,1,2,1,4,1,2,2,2,1,2,2,1,1,1,1,5
5052,4,2,6,3,4,1,4,3,3,1,2,3,3,2,1,2,1,6
5054,2,0,8,10,3,3,1,2,2,1,4,2,2,2,1,2,1,2
5055,5,4,1,2,1,4,3,3,3,1,4,4,2,3,2,1,1,5
5056,0,0,1,2,1,4,5,3,3,1,3,3,1,2,0,1,1,8
5058,1,0,9,2,6,1,3,4,3,1,1,4,3,3,1,2,1,2
5059,0,7,2,7,1,2,1,3,3,2,3,3,3,3,0,2,1,5
5060,1,0,1,2,1,4,3,3,2,2,3,3,3,2,2,1,1,5
5064,1,2,2,3,1,3,1,2,2,2,3,2,3,2,1,2,1,6
5065,5,5,3,9,3,1,4,2,1,1,3,3,1,3,2,1,1,1
5068,1,3,9,2,1,6,3,4,4,1,3,3,4,1,1,1,1,2
5069,1,2,3,2,2,3,1,3,3,2,2,3,3,1,1,1,1,6
5070,1,0,6,2,4,4,1,2,1,1,3,3,3,1,1,2,1,1
5071,3,0,3,1,2,1,4,3,3,2,1,3,2,1,1,1,1,5
5072,2,0,8,1,1,9,1,3,3,1,3,3,3,2,1,2,2,6
5073,5,2,3,1,3,3,4,3,2,2,2,2,3,1,1,1,1,8
5074,1,5,2,1,1,1,9,3,4,1,2,3,3,2,1,2,1,1
5075,1,2,3,2,3,4,1,3,3,1,2,2,2,2,1,2,1,6
5078,4,0,2,1,3,4,1,3,4,1,2,3,3,3,1,2,1,5
5080,4,0,2,8,1,4,6,2,3,1,2,3,2,1,0,1,1,8
5081,1,4,6,2,1,3,4,3,3,1,3,4,2,3,0,1,1,8
5083,4,5,1,3,2,6,1,3,3,2,4,3,2,3,2,2,1,6
5088,1,2,1,9,1,4,1,2,2,2,2,2,3,2,1,1,1,6
5092,2,5,2,9,1,5,2,3,2,1,3,3,2,1,1,2,1,5
5094,4,2,1,8,1,4,3,2,2,2,3,2,3,2,1,1,1,6
5097,1,2,2,3,3,4,1,3,2,1,2,2,2,2,1,1,1,6
5105,5,4,1,3,6,4,5,3,3,1,2,3,3,3,1,1,1,8
5106,1,4,2,1,1,5,1,3,3,2,3,3,3,3,2,1,1,2
5108,0,4,1,2,1,4,1,2,2,2,3,3,2,3,2,1,1,6
5109,4,4,1,7,1,1,5,2,1,2,1,3,2,3,2,1,1,8
5120,4,7,2,3,1,1,7,3,3,2,2,4,2,2,1,2,1,1
5121,4,2,8,6,1,1,4,3,3,1,3,2,3,2,1,1,1,5
5122,1,4,1,2,1,4,1,3,3,2,2,2,1,4,2,1,1,5
5126,4,2,8,2,3,3,4,3,3,1,2,3,3,1,1,2,1,1
5127,4,2,3,1,2,2,4,2,3,2,3,3,2,2,2,1,1,8
5129,2,4,1,9,1,1,4,3,3,2,2,3,1,3,2,1,1,2
5130,3,2,2,7,3,3,1,2,2,2,3,2,2,2,2,2,1,8
5131,1,2,2,6,1,3,6,3,3,1,3,2,2,1,1,2,1,1
5144,5,2,6,1,1,1,4,4,3,1,3,3,3,2,1,2,1,2
5146,3,2,2,7,1,8,2,2,2,3,3,2,3,3,2,2,2,5
5148,1,7,3,1,2,9,1,3,3,1,2,3,2,1,1,1,1,2
5151,3,2,1,3,2,1,3,3,3,2,3,2,3,1,1,2,1,5
5153,4,7,6,2,1,6,9,2,3,1,3,3,2,1,1,2,1,5
5154,4,1,1,2,1,4,6,3,2,1,3,3,3,1,1,1,1,1
5157,1,0,2,10,1,1,3,3,2,1,2,3,2,3,2,2,1,1
5158,1,1,2,1,1,1,5,3,2,1,2,2,4,1,1,2,1,2
5160,0,0,3,10,2,1,4,3,3,2,4,3,3,3,1,1,1,1
5161,3,5,8,2,7,1,2,3,2,1,3,3,3,3,2,2,1,5
5164,4,4,3,1,2,4,5,3,3,1,2,3,3,2,2,1,1,1
5174,3,0,3,1,2,4,5,4,4,1,2,2,1,3,2,1,1,1
5177,4,4,1,3,2,6,1,4,4,2,3,4,3,3,1,1,1,5
5178,4,4,1,2,1,3,4,3,3,2,3,4,2,3,2,1,1,5
5181,4,0,1,3,2,3,1,2,2,1,3,3,2,2,1,2,1,6
5183,4,0,2,1,1,3,1,3,2,1,3,3,3,2,1,2,1,6
5189,5,7,3,5,1,8,1,4,5,2,2,4,3,3,0,1,1,1
5190,5,2,2,1,1,5,1,3,3,1,3,3,2,2,1,2,1,1
5195,4,4,8,10,1,4,6,3,2,2,3,3,2,4,0,1,1,8
5196,0,0,2,1,1,4,5,3,4,2,3,4,1,2,0,1,1,8
5198,4,0,1,10,9,1,3,3,3,1,2,3,3,3,1,1,1,5
5199,4,4,1,2,1,7,1,2,3,1,2,3,2,2,2,1,1,5
5200,3,4,8,9,3,3,1,3,3,1,3,3,1,2,2,1,1,6
5203,1,0,6,2,1,1,4,3,3,1,2,2,3,4,2,2,1,2
5204,4,0,1,8,7,1,4,3,3,2,1,4,2,3,2,1,1,2
5206,0,0,1,8,3,1,2,3,3,1,3,1,3,1,1,1,1,6
5211,4,4,1,10,1,1,4,3,3,2,3,3,3,3,0,1,1,8
5213,5,7,3,6,2,6,1,3,3,2,3,3,2,2,1,1,1,5
5215,1,1,1,3,3,4,3,2,2,1,3,2,3,1,1,1,1,5
5219,0,0,1,8,1,6,3,3,4,2,3,4,2,1,1,1,1,5
5220,4,0,1,2,1,4,3,3,3,1,2,4,1,4,2,1,1,5
5223,1,0,1,3,1,4,9,3,4,1,3,3,3,1,1,1,1,6
5225,0,4,2,1,1,3,4,2,2,1,2,2,2,4,2,1,1,8
5226,1,5,2,1,1,6,1,3,3,2,3,3,2,4,2,2,1,6
5233,4,4,2,6,1,1,4,4,5,1,4,5,3,4,2,2,1,1
5236,4,0,2,3,1,2,1,2,1,2,3,2,2,3,2,2,2,5
5237,5,1,6,2,1,5,1,1,1,2,2,1,3,1,1,1,1,5
5244,0,4,1,3,1,6,3,3,1,2,4,2,2,4,2,2,1,5
5245,1,0,1,2,3,3,1,3,3,2,3,2,3,3,1,2,1,2
5246,0,0,1,3,1,9,4,3,4,2,2,3,3,1,0,1,1,6
5251,1,1,2,6,4,3,1,3,4,2,3,3,4,2,1,2,1,2
5252,4,2,2,9,1,1,3,3,2,1,3,3,2,2,2,2,1,1
5255,5,2,2,1,1,3,9,3,3,1,3,3,2,3,2,2,1,1
5258,4,2,2,1,1,3,1,2,1,2,3,2,3,1,1,2,2,1
5259,2,2,1,3,3,1,6,3,3,1,3,4,4,4,1,1,1,2
5260,0,4,1,8,3,4,6,3,2,2,2,2,1,3,0,1,1,1
5261,4,0,1,2,1,4,5,2,2,2,2,3,3,2,2,1,2,1
5263,4,5,1,9,1,4,1,3,3,1,3,4,2,3,2,1,1,6
5268,0,2,1,9,6,1,6,4,4,2,2,4,3,3,1,1,1,1
5269,1,4,5,1,5,6,4,3,2,1,3,4,3,3,2,1,1,5
5270,5,4,8,1,1,1,4,3,2,1,4,3,3,2,0,1,1,8
5275,2,0,3,6,2,9,4,3,3,2,3,3,2,1,1,2,1,5
5276,5,0,1,6,1,1,4,3,1,2,2,3,3,2,1,2,1,5
5277,3,2,2,3,1,1,3,3,3,1,3,3,3,2,1,2,1,6
5278,4,7,6,3,1,1,6,3,4,2,2,4,3,1,1,2,1,1
5279,1,5,2,3,4,1,3,3,4,1,3,4,3,2,2,2,1,5
5283,3,0,2,9,1,4,8,3,3,2,3,3,2,1,1,1,1,6
5284,0,5,2,1,1,9,3,2,2,2,2,5,2,1,1,1,2,5
5285,1,7,9,3,2,5,4,3,3,1,2,3,2,1,1,1,1,5
5286,4,2,3,1,3,4,5,2,2,1,2,2,3,1,1,2,1,1
5288,2,1,2,8,1,1,5,3,4,1,3,2,3,2,1,2,1,1
5289,5,2,2,6,1,1,3,2,3,2,3,3,3,2,0,1,1,5
5291,0,0,1,2,3,3,5,3,3,1,3,3,3,1,1,2,1,5
5293,1,0,1,5,1,1,4,3,3,2,3,3,3,3,2,1,1,1
5296,4,4,1,8,1,3,6,3,3,2,2,3,3,3,1,1,1,8
5298,1,2,1,8,1,4,6,2,2,1,2,3,2,2,0,1,1,1
5302,4,2,2,1,1,1,4,3,4,1,3,3,3,2,1,1,1,1
5303,0,0,1,7,1,4,5,2,3,1,3,3,1,2,0,1,1,5
5305,4,7,2,1,1,9,6,3,3,2,3,5,3,1,0,2,1,6
5307,1,4,1,8,1,4,3,2,2,1,3,2,3,2,2,2,1,1
5308,4,4,3,8,2,5,4,3,3,2,2,2,2,2,2,1,2,6
5313,1,4,1,3,1,4,9,3,3,2,3,3,3,2,2,1,1,6
5316,4,7,3,2,2,9,6,2,3,2,2,3,1,3,2,2,1,5
5317,5,4,8,1,2,4,5,3,3,1,3,2,3,1,1,1,1,8
5318,1,2,2,3,1,1,2,3,3,2,3,3,4,3,1,2,1,6
5322,5,4,2,1,3,3,4,2,2,2,3,3,3,1,1,1,1,2
5323,1,1,1,3,1,4,1,3,3,1,3,3,3,2,1,1,1,1
5324,4,0,2,1,1,1,5,3,2,1,3,3,3,2,1,1,1,5
5326,4,4,8,1,3,1,3,3,2,1,2,2,1,2,2,1,1,6
5329,4,4,1,3,1,3,4,4,4,2,2,2,2,4,0,1,1,8
5330,4,2,6,10,4,3,5,3,3,1,3,3,2,1,1,2,1,5
5331,4,2,1,2,1,4,1,3,3,2,3,3,2,1,1,1,1,6
5332,3,0,1,4,3,1,5,3,3,2,2,3,2,3,1,1,1,1
5335,0,7,4,1,1,1,4,3,3,1,3,2,3,2,1,2,1,8
5338,4,1,1,2,4,9,3,3,3,2,3,2,3,1,1,2,1,6
5339,4,2,2,1,1,3,1,3,1,2,2,3,2,2,1,2,1,6
5341,4,1,2,8,1,5,3,2,2,1,2,2,2,2,1,2,1,5
5342,5,5,1,6,8,1,4,3,3,2,3,3,2,3,1,1,1,8
5346,3,0,2,5,1,1,5,3,3,1,3,2,3,3,1,2,1,1
5348,0,2,1,9,1,4,9,2,2,1,2,2,3,3,1,2,1,6
5349,2,4,2,3,1,1,4,2,2,2,4,2,2,3,2,2,1,6
5354,5,7,1,2,1,2,3,3,3,1,2,4,3,1,0,1,2,5
5355,0,7,1,2,2,6,5,4,5,1,3,5,3,1,1,2,1,5
5356,4,7,2,3,1,5,3,3,5,2,4,2,2,3,2,2,1,2
5357,3,3,3,2,3,3,1,3,2,1,4,2,3,2,1,2,1,2
5358,1,0,8,1,3,3,4,2,2,1,2,3,2,3,2,1,1,2
5360,1,2,1,3,1,1,4,3,3,1,3,3,2,1,1,1,1,8
5361,5,7,1,2,1,1,3,3,4,1,3,3,3,2,1,1,1,6
5362,0,2,1,2,1,5,6,2,3,2,3,2,2,1,1,2,1,5
5363,5,4,4,6,1,2,9,3,2,1,3,4,2,2,2,2,1,8
5364,4,7,2,1,1,9,6,3,4,1,2,3,2,3,0,2,1,6
5367,4,5,6,1,1,5,3,3,2,2,4,4,3,4,2,2,1,6
5369,1,7,2,6,8,4,1,3,3,2,3,2,3,2,1,2,1,2
5372,1,0,2,9,1,4,1,3,2,1,3,3,3,1,1,2,1,5
5374,4,1,4,2,1,1,2,3,3,1,2,3,2,2,0,2,1,2
5376,0,2,8,10,9,5,1,3,3,2,3,2,2,2,1,2,1,2
5378,4,0,2,1,1,1,3,3,3,1,2,3,3,3,2,1,1,2
5382,1,1,6,2,2,4,1,3,4,1,2,2,3,2,1,1,1,1
5383,3,4,8,1,6,4,1,2,3,1,2,3,1,2,2,1,1,1
5384,4,2,1,7,3,1,4,2,1,2,2,2,2,1,1,1,1,1
5386,4,2,2,3,1,3,1,3,2,1,1,4,3,2,1,1,1,2
5391,0,4,2,3,1,4,1,3,3,1,3,3,3,3,1,1,1,8
5392,1,7,1,3,1,9,1,3,3,1,2,3,1,1,0,2,1,6
5396,4,0,2,1,1,4,3,2,2,2,2,3,3,1,1,1,1,5
5401,1,4,1,2,1,4,3,3,3,1,4,1,2,3,2,1,1,6
5404,0,4,3,2,2,3,4,2,2,1,3,2,2,1,1,1,2,6
5408,1,2,2,6,1,3,1,3,3,1,2,3,3,1,0,2,1,6
5409,1,1,3,8,1,5,1,3,4,1,3,2,4,1,1,2,1,6
5410,1,0,3,1,2,6,1,3,4,2,3,2,3,2,1,2,1,6
5412,4,3,2,1,1,2,1,2,2,2,3,2,3,2,1,2,1,4
5413,1,5,8,1,3,3,2,3,2,2,4,3,2,3,2,2,1,6
5414,3,7,6,3,1,5,9,3,4,1,3,4,3,2,0,2,1,2
5417,1,0,1,2,2,9,4,4,4,1,2,3,3,3,2,1,1,5
5420,1,4,2,5,1,4,3,3,2,1,3,3,2,2,2,2,1,5
5428,4,2,1,3,1,1,3,2,2,2,4,3,3,1,1,2,1,1
5429,3,0,1,10,1,6,1,3,3,2,2,3,2,4,2,1,1,5
5431,4,4,2,8,1,1,3,2,1,2,3,2,3,2,1,1,1,2
5434,4,4,8,3,3,1,6,3,3,2,2,2,3,1,1,1,1,5
5435,4,4,1,3,1,4,6,2,3,2,2,2,1,2,2,1,1,8
5437,4,4,2,1,1,1,6,3,3,1,3,3,1,3,2,1,1,4
5439,0,7,1,2,1,4,6,3,3,1,2,3,2,3,1,1,1,5
5441,4,7,1,9,2,1,3,3,4,2,3,3,2,3,2,1,1,2
5442,0,7,2,6,1,5,4,2,1,2,2,3,3,1,1,2,2,6
5444,4,0,3,8,2,9,5,3,4,2,4,3,2,2,0,1,1,8
5449,4,0,1,3,9,3,1,3,3,2,3,3,3,4,1,1,1,5
5450,5,4,1,3,1,5,6,3,2,1,2,4,2,1,0,1,1,8
5452,4,0,3,1,1,4,9,3,4,2,2,3,4,2,2,1,1,6
5456,3,5,5,10,1,1,4,3,2,1,3,2,3,4,2,1,1,5
5461,0,2,1,8,1,5,4,3,5,2,2,1,1,1,0,1,1,8
5466,1,4,1,3,2,1,4,4,4,1,2,4,2,3,0,1,1,8
5467,4,5,2,9,1,4,3,3,3,1,3,3,2,3,2,1,1,2
5469,1,1,6,9,2,1,7,3,3,1,2,4,4,4,1,1,1,2
5477,4,5,2,3,8,5,4,3,3,2,3,2,3,1,1,1,1,8
5478,4,2,1,2,1,4,1,3,3,1,3,4,3,3,0,1,1,6
5481,5,2,3,1,2,5,1,3,4,1,3,1,2,1,1,2,2,6
5483,0,7,1,7,1,5,3,3,3,1,3,3,2,2,1,2,1,8
5484,4,5,6,2,1,4,1,2,2,1,3,3,3,3,2,2,1,6
5485,3,2,1,6,1,5,1,4,3,2,3,3,3,4,0,2,1,1
5491,4,7,1,7,3,6,1,3,3,1,2,3,3,2,0,2,1,6
5493,1,5,2,8,2,3,1,2,2,2,2,3,2,2,1,2,1,6
5494,1,0,2,1,1,1,6,3,2,2,4,2,3,3,1,2,1,8
5495,4,2,2,6,1,4,1,3,3,1,3,3,3,3,2,1,1,6
5498,0,5,1,3,1,6,1,2,2,2,3,2,2,3,2,2,1,1
5500,1,7,2,3,6,1,5,4,4,1,2,4,4,1,1,1,1,6
5501,4,4,2,1,1,2,9,2,3,2,3,3,2,2,1,2,1,5
5503,5,4,10,1,1,3,5,3,3,1,3,4,2,4,2,1,1,1
5505,1,4,8,2,1,4,1,3,3,2,3,3,2,5,2,1,1,8
5506,4,7,1,2,1,3,1,3,2,1,4,3,2,2,1,2,1,2
5507,0,0,1,2,1,3,4,3,4,2,5,3,3,4,2,1,1,8
5508,4,6,1,3,1,9,6,3,3,2,2,3,2,2,2,1,1,8
5511,1,0,1,10,1,1,4,4,4,1,2,4,2,4,2,1,1,2
5512,4,3,2,1,1,3,1,2,1,1,2,3,2,4,1,2,1,2
5513,4,4,8,6,2,4,3,2,2,1,2,2,2,2,2,1,1,8
5514,5,4,2,3,1,3,1,4,4,1,4,4,2,4,2,1,1,8
5517,3,0,1,7,1,3,6,3,2,2,3,2,3,1,1,1,1,5
5523,4,4,3,1,1,3,4,3,3,1,3,2,2,2,0,1,2,5
5525,1,4,1,3,2,1,5,3,3,2,3,3,3,3,2,1,1,8
5529,0,4,6,8,1,1,4,3,2,2,3,3,3,2,1,1,1,8
5533,4,7,2,1,1,1,3,3,3,2,3,3,2,4,2,1,1,1
5535,4,4,2,8,1,1,9,2,2,1,2,2,3,2,1,2,1,6
5536,1,4,2,3,1,4,1,3,2,1,3,3,2,3,2,1,1,6
5538,5,4,1,3,1,4,1,3,3,2,4,3,2,4,0,1,1,1
5540,4,4,3,1,1,5,4,3,4,1,3,3,3,1,1,1,1,1
5542,3,4,8,2,1,1,5,3,4,1,3,4,2,3,2,1,2,5
5545,5,4,2,1,1,4,1,3,2,2,3,3,2,3,2,1,1,8
5547,1,3,1,9,1,4,6,3,3,1,3,3,4,1,1,1,1,2
5550,4,0,9,1,8,4,1,3,3,2,3,2,3,3,2,1,1,2
5552,1,3,2,9,1,1,3,3,2,1,2,3,2,4,2,2,1,2
5555,1,5,3,2,1,3,1,3,2,2,3,4,3,1,1,2,1,2
5557,4,0,6,2,1,1,3,3,3,2,3,2,3,2,1,2,1,5
5560,1,0,1,3,9,1,4,2,1,2,1,1,3,2,1,1,1,8
5561,1,0,4,2,1,4,6,3,4,1,1,3,2,2,2,1,1,6
5565,3,4,1,8,2,1,6,3,2,1,1,3,2,3,2,1,1,8
5567,4,0,2,7,3,1,6,3,3,2,2,3,3,1,0,1,1,8
5568,5,5,3,1,3,4,5,2,2,1,1,3,2,1,1,2,2,2
5569,4,7,2,1,1,3,1,2,1,1,3,2,1,2,0,2,1,6
5570,4,7,1,3,1,3,6,2,2,2,3,2,2,3,1,2,1,1
5573,4,1,1,7,3,3,5,2,3,2,3,3,2,2,2,2,1,5
5577,1,1,2,9,8,1,4,3,3,2,2,3,4,1,1,2,2,5
5579,4,4,3,6,2,1,2,2,2,1,2,3,2,3,2,1,2,6
5582,2,4,3,8,2,4,3,3,3,2,3,3,3,4,0,1,1,1
5583,3,4,1,8,1,6,9,3,3,1,3,3,3,4,2,1,1,6
5584,3,6,2,1,3,1,4,3,2,1,3,3,2,3,1,1,1,1
5585,4,2,2,3,2,4,6,3,4,2,3,3,3,3,1,1,1,6
5588,4,1,2,1,1,5,3,3,3,1,3,4,4,3,0,2,1,1
5590,4,2,1,9,3,4,6,3,3,1,3,4,3,1,1,1,1,2
5596,5,2,1,8,1,4,7,3,3,1,2,4,3,2,1,1,1,1
5599,4,7,1,3,1,3,6,3,4,1,3,4,2,2,2,2,1,1
5600,1,7,3,2,1,5,6,3,4,1,2,2,3,3,1,1,1,5
5602,1,4,8,6,8,4,5,4,4,2,2,3,2,3,2,1,1,1
5609,1,2,6,8,4,1,6,3,4,2,3,4,3,3,0,2,1,1
5610,5,0,1,6,1,1,6,3,3,2,2,3,2,1,1,1,1,6
5611,1,2,1,3,2,4,1,3,4,2,2,3,3,3,1,1,1,1
5613,2,6,2,1,1,9,5,3,3,1,3,3,2,2,1,2,1,2
5614,3,2,1,2,1,1,4,3,2,1,3,3,3,2,1,1,1,1
5615,3,2,1,8,2,1,4,3,2,1,3,3,3,1,1,1,1,6
5618,1,5,2,6,1,1,6,4,4,1,3,4,4,3,1,2,1,5
5619,3,1,2,5,1,4,7,3,3,1,2,4,3,2,1,1,1,8
5620,0,0,2,8,1,3,1,3,2,1,4,3,2,4,2,2,1,2
5621,2,1,3,1,1,4,6,2,2,2,3,3,3,1,1,1,1,6
5624,2,4,2,9,1,4,6,3,4,2,1,3,1,2,0,1,1,8
5626,1,7,2,1,1,6,9,3,3,1,3,2,3,2,1,2,1,5
5627,4,0,2,6,1,1,3,2,3,1,3,3,3,3,1,2,2,5
5629,3,5,3,1,2,3,5,3,3,2,3,3,3,3,2,1,1,2
5632,4,5,2,1,1,1,3,3,4,2,3,3,2,4,1,2,1,2
5635,4,5,3,2,1,5,1,3,3,1,3,4,1,3,2,2,1,6
5636,1,4,2,1,1,1,3,3,3,1,3,3,2,3,1,2,1,1
5637,1,0,1,9,9,4,6,4,3,1,2,2,4,3,1,2,1,2
5638,4,2,2,9,4,1,4,3,3,1,2,4,3,2,1,1,1,1
5641,1,3,2,1,1,1,3,3,2,1,3,4,2,5,2,1,1,2
5645,1,1,1,2,7,1,3,3,3,2,3,4,3,1,1,1,1,8
5647,4,2,3,1,2,1,6,2,4,2,3,3,1,1,1,1,1,8
5648,2,1,2,9,1,3,4,3,3,1,3,2,3,2,1,2,1,2
5649,1,4,7,10,4,1,4,4,4,2,4,3,3,3,2,1,1,8
5650,5,0,2,1,1,5,4,3,4,1,2,3,2,3,1,1,1,5
5653,4,5,8,1,3,1,6,2,2,2,2,2,2,2,1,2,1,5
5654,1,1,2,6,1,4,8,2,2,1,2,3,3,1,1,1,1,5
5656,1,2,1,2,1,1,3,4,4,1,3,4,3,3,1,1,1,1
5660,1,4,8,1,1,1,4,3,3,2,2,3,3,3,2,1,1,5
5661,0,6,8,9,3,1,5,2,2,2,3,4,3,2,2,2,1,2
5663,1,4,1,8,1,1,4,2,2,2,3,2,1,3,2,1,2,2
5664,4,7,3,1,2,1,6,3,4,1,2,4,2,4,2,1,1,6
5666,1,5,1,3,1,3,4,3,2,2,3,2,3,4,1,1,1,6
5668,3,0,8,1,3,4,1,2,2,1,3,3,3,2,1,1,1,5
5673,1,3,1,9,3,4,3,2,2,1,2,3,3,3,1,1,1,2
5674,5,3,1,2,3,4,3,3,3,1,4,3,2,3,2,1,1,2
5676,1,0,8,3,8,3,1,3,3,1,3,4,3,2,1,1,1,2
5677,4,4,2,1,1,4,1,3,2,1,3,2,2,3,2,1,1,1
5678,4,0,3,1,1,1,4,2,2,2,2,2,2,2,1,1,1,6
5680,3,4,2,1,1,1,4,3,3,1,4,3,3,3,0,2,1,1
5681,4,4,2,8,1,4,1,3,3,2,3,4,2,4,2,1,1,8
5682,1,0,1,3,4,1,6,3,3,2,3,2,2,2,1,1,1,6
5683,4,7,6,2,1,1,4,3,3,2,2,2,3,1,1,2,1,5
5686,3,2,9,8,6,1,3,3,4,1,2,3,3,3,1,1,1,8
5687,4,4,3,1,1,4,1,3,3,2,3,3,2,2,0,1,1,8
5690,4,4,2,6,1,1,4,3,2,1,4,3,3,3,0,1,1,8
5692,0,2,8,1,3,3,1,2,2,2,2,2,2,2,1,2,1,1
5693,4,2,2,6,1,3,2,3,3,1,4,5,4,3,1,2,1,2
5695,1,4,1,2,1,4,3,4,4,1,3,4,4,3,1,1,1,6
5696,5,5,1,8,1,1,5,3,3,1,3,2,2,2,1,2,1,1
5698,1,5,2,1,1,3,5,3,3,1,4,4,3,1,1,2,1,8
5699,4,7,3,1,2,4,1,2,2,2,2,2,1,2,1,2,2,1
5704,4,0,2,3,1,4,8,2,2,1,3,3,2,1,1,1,1,6
5712,4,2,1,3,1,1,3,3,3,1,3,3,2,3,2,2,1,5
5714,1,4,6,1,4,3,1,3,3,1,4,5,4,3,2,2,1,2
5716,4,0,5,9,5,3,4,3,4,3,2,3,4,1,1,1,1,6
5717,0,4,2,9,1,4,3,2,2,2,2,2,1,3,2,1,1,6
5719,4,4,1,7,1,1,9,3,3,2,2,2,3,1,1,1,1,1
5720,4,6,3,1,2,6,3,3,3,1,4,2,2,3,1,2,1,1
5722,4,3,8,1,3,3,1,3,3,1,3,3,3,1,1,2,1,2
5723,4,5,10,2,1,3,6,3,3,1,4,2,2,2,1,2,1,6
5724,3,2,2,6,1,1,4,3,2,2,2,4,4,3,1,2,1,1
5726,3,1,1,9,3,1,6,4,4,1,2,3,3,4,1,2,1,1
5730,1,4,1,2,1,1,6,3,3,2,2,3,2,2,0,1,2,5
5738,1,0,6,8,6,6,1,2,2,1,2,2,3,3,1,2,2,2
5739,1,1,2,8,1,1,5,4,4,1,2,4,4,2,1,2,1,1
5741,4,4,1,6,1,1,4,3,2,2,2,3,1,4,2,1,1,6
5744,0,0,1,2,1,3,5,3,3,1,1,3,2,3,2,1,1,5
5745,4,2,2,1,1,1,5,4,4,2,2,3,1,2,1,2,1,1
5749,0,6,1,2,3,1,5,3,3,2,3,2,2,2,2,2,1,5
5756,5,2,3,1,3,3,2,2,2,2,3,3,3,2,1,2,2,1
5758,5,2,9,3,1,4,5,3,3,2,1,4,3,3,1,1,1,1
5763,0,2,1,8,1,6,5,3,4,1,3,4,3,3,1,1,1,5
5768,4,1,1,8,1,4,1,3,2,2,2,3,2,3,1,2,1,6
5770,3,5,2,1,1,1,4,3,2,1,3,2,3,3,2,1,1,2
5773,4,4,1,2,1,3,1,3,3,2,2,3,3,1,1,1,1,1
5775,1,0,1,2,1,3,1,3,4,2,2,5,3,3,2,1,1,2
5778,4,5,1,2,1,4,1,2,2,2,2,3,3,1,1,1,1,8
5781,5,0,2,3,1,4,3,4,4,1,2,2,4,3,2,1,1,6
5782,1,5,8,3,1,1,4,2,2,2,2,3,1,4,2,1,1,8
5784,5,3,3,1,1,5,4,3,3,1,3,4,2,1,1,2,1,2
5785,1,1,1,6,1,1,4,3,3,1,3,4,3,1,1,2,1,1
5786,1,4,2,3,1,4,1,3,3,2,3,3,2,3,2,1,1,5
5790,1,0,2,1,1,4,6,3,4,1,3,3,3,4,2,1,1,6
5794,1,3,3,5,1,4,1,3,4,1,2,3,3,3,1,1,1,2
5796,1,2,1,2,1,6,1,3,3,1,3,3,3,1,1,2,1,1
5797,1,7,6,2,1,3,1,2,2,2,2,3,3,2,1,2,1,1
5799,4,2,2,9,1,5,2,3,3,1,3,2,2,1,1,2,1,1
5801,0,2,6,2,1,1,5,3,3,1,3,3,4,2,1,2,1,4
5804,1,0,2,1,1,1,7,4,5,2,3,4,3,2,1,1,1,6
5805,3,6,8,1,1,4,3,3,3,1,3,3,2,4,2,1,1,5
5807,0,0,3,1,9,3,1,3,3,2,2,4,3,4,2,1,1,6
5808,3,4,2,1,1,1,4,3,2,1,3,2,2,3,2,1,1,5
5811,4,7,2,3,1,3,1,2,2,1,2,2,2,1,1,2,1,1
5816,5,0,8,2,1,4,3,2,1,1,2,3,2,2,0,1,1,6
5819,1,2,1,8,1,4,1,2,3,2,2,3,2,2,1,1,1,8
5821,1,2,1,3,1,1,3,4,4,2,4,3,4,3,1,2,1,1
5822,1,3,1,3,2,5,4,3,3,2,2,4,3,1,1,2,1,2
5823,1,0,1,9,2,4,6,3,3,1,2,4,3,1,1,1,1,6
5828,1,3,9,4,1,4,3,2,2,2,3,2,2,3,0,2,1,2
5831,0,4,6,8,1,3,4,3,4,1,2,3,2,1,2,1,1,1
5834,1,4,1,3,2,6,1,4,4,1,3,3,3,3,2,1,1,5
5835,1,5,8,2,1,4,1,3,3,1,2,4,2,1,1,2,1,1
5836,2,2,1,2,1,1,5,2,2,1,2,2,2,2,1,1,1,5
5842,4,4,1,2,1,4,3,3,3,1,3,3,2,3,2,1,1,6
5843,0,4,2,3,2,4,1,3,3,1,3,4,2,3,2,1,1,5
5845,0,2,8,1,1,1,6,3,4,1,3,4,3,2,1,2,1,5
5846,2,4,8,2,1,4,6,3,3,2,2,3,2,3,2,1,1,5
5853,1,4,3,2,3,4,3,1,1,2,2,2,2,1,0,1,2,6
5854,5,5,5,1,5,4,1,3,3,1,2,4,3,2,2,1,1,1
5855,1,2,1,2,1,4,9,3,3,1,2,3,3,2,1,1,1,6
5856,0,2,2,9,1,4,3,3,2,1,3,3,4,2,0,2,1,1
5857,2,0,2,8,1,5,3,3,4,2,2,4,2,1,1,2,1,5
5858,2,7,2,6,1,3,1,3,3,1,3,4,3,1,1,2,1,5
5859,4,0,1,2,1,3,1,3,4,1,3,2,1,2,1,2,1,6
5860,1,7,1,3,1,4,2,2,2,2,3,3,2,1,1,1,1,5
5861,0,2,6,3,1,3,1,3,2,2,3,1,3,3,1,1,1,6
5864,0,4,6,1,8,4,1,3,3,1,4,3,3,4,2,1,1,1
5866,4,1,1,8,1,6,3,2,2,2,3,2,3,1,1,2,1,1
5867,4,4,2,6,1,1,4,3,3,1,4,4,3,4,2,2,1,8
5871,1,4,2,1,1,3,1,3,2,2,2,3,2,3,2,1,1,1
5873,4,2,1,9,2,4,9,3,4,2,3,4,3,1,1,1,1,6
5874,4,4,2,6,1,1,3,4,3,1,4,4,2,1,1,1,1,5
5878,5,2,8,2,1,1,2,3,3,1,2,4,3,3,1,1,1,1
5880,0,3,2,1,1,3,1,2,2,1,2,2,3,3,1,2,1,2
5881,5,2,2,1,1,1,2,3,3,2,2,3,2,2,1,2,1,1
5882,0,2,2,6,1,3,1,3,2,1,3,4,3,3,1,2,1,6
5883,2,0,1,2,1,9,4,2,3,2,3,3,1,2,0,2,1,6
5886,4,5,2,7,1,6,2,3,3,2,3,3,2,4,2,2,1,1
5887,4,0,1,6,2,5,1,3,3,1,4,4,3,2,2,1,1,6
5888,5,0,8,2,1,3,1,2,3,1,3,3,3,1,1,2,1,6
5889,4,5,2,1,1,5,2,3,3,2,2,2,3,2,1,2,1,1
5892,4,4,1,4,3,4,1,3,3,1,3,3,2,1,0,1,1,2
5894,4,2,3,1,1,1,9,3,4,2,3,3,3,1,0,1,2,8
5895,3,7,3,10,1,3,4,2,2,2,3,3,3,2,1,1,1,6
5902,3,2,1,2,1,4,5,4,4,2,2,4,3,3,0,1,1,5
5905,1,0,1,6,9,4,6,3,3,2,2,2,3,1,1,1,2,6
5906,3,0,8,1,3,1,4,3,3,1,3,4,2,2,1,2,1,6
5908,3,2,2,1,3,1,6,3,3,2,2,3,2,2,1,2,1,5
5912,1,5,2,8,1,1,7,3,2,1,2,3,2,4,2,2,1,2
5915,0,5,2,1,1,3,5,2,2,1,3,1,2,3,2,2,1,5
5917,4,2,3,1,3,6,1,3,2,2,3,2,3,1,1,1,1,5
5918,0,4,1,2,1,4,1,3,3,2,2,3,3,1,1,1,1,1
5919,4,4,8,1,1,1,6,3,3,2,2,4,3,3,1,2,1,2
5921,4,5,3,2,3,5,1,3,2,2,3,4,1,3,2,2,1,2
5924,3,0,4,7,5,3,1,3,3,2,3,3,3,2,1,2,1,5
5927,0,2,3,8,3,5,1,3,4,2,2,3,3,2,2,1,1,1
5928,2,5,3,7,1,4,6,3,3,1,2,3,1,1,1,1,2,5
5930,2,4,3,1,1,4,1,3,3,2,4,4,2,1,0,1,1,5
5932,3,1,1,9,1,4,5,2,3,1,2,3,2,1,1,1,2,1
5935,4,1,2,3,1,4,3,3,3,2,4,3,3,2,1,1,1,1
5936,1,1,2,8,4,3,1,3,2,1,2,2,3,2,1,2,1,6
5938,3,4,1,9,1,4,3,2,2,2,3,2,2,3,2,1,2,8
5939,2,5,1,3,1,1,5,3,3,2,2,4,2,3,2,2,1,2
5942,3,4,2,1,1,1,6,3,4,2,2,3,3,2,0,1,1,2
5950,1,4,1,3,1,4,1,3,3,1,3,2,2,4,2,1,1,2
5953,1,7,9,2,6,2,1,3,3,1,3,3,2,2,1,1,1,5
5958,5,4,1,8,1,6,5,3,2,1,3,3,3,3,0,1,1,6
5966,4,0,6,3,2,3,4,3,3,2,2,3,3,2,2,1,2,6
5967,3,1,2,1,1,3,1,3,3,2,2,2,2,3,2,2,1,5
5968,1,2,2,9,1,4,1,3,2,1,3,4,3,2,1,1,1,5
5970,5,7,3,9,8,3,9,3,2,1,2,2,2,2,0,2,1,8
5973,4,0,3,8,2,6,1,3,3,2,2,2,2,1,1,2,1,5
5975,1,4,1,2,3,1,4,3,2,1,3,2,2,2,2,1,1,6
5978,3,2,2,9,1,1,5,2,2,2,2,2,4,1,1,2,1,1
5982,5,4,1,2,1,6,1,3,3,3,3,3,3,3,0,2,2,2
5983,0,7,2,8,1,1,3,3,3,1,4,3,3,3,1,2,1,5
5985,4,0,4,10,1,1,4,4,4,1,2,3,3,2,1,1,1,1
5988,4,0,2,1,1,9,1,3,3,2,3,2,2,1,1,2,1,5
5991,1,4,1,2,1,6,5,3,4,1,3,3,3,3,2,1,1,8
5992,5,2,1,3,1,5,9,2,2,2,2,3,2,1,1,2,2,5
5994,0,7,6,1,1,5,9,2,2,1,2,3,2,2,2,2,1,1
5999,1,4,3,1,3,1,7,3,3,2,2,2,2,4,2,1,1,8
6004,1,6,1,3,1,1,4,3,2,1,2,2,3,2,2,1,2,8
6005,1,4,1,7,2,6,4,4,4,2,1,4,4,2,1,1,1,6
6006,1,4,2,9,1,4,3,3,2,1,2,4,4,4,2,1,1,5
6007,3,5,1,6,1,3,1,3,2,2,4,3,3,1,1,2,1,5
6008,0,0,1,3,2,3,6,2,3,1,3,2,3,2,1,1,1,5
6009,1,1,2,9,1,4,5,4,4,1,3,5,4,4,1,2,1,6
6010,3,7,1,2,1,3,6,3,3,1,3,3,2,2,0,2,1,5
6011,4,5,1,2,3,4,1,3,2,2,3,3,2,4,2,1,1,6
6012,5,0,8,3,3,3,2,3,2,1,4,2,3,3,1,2,1,1
6015,1,7,2,6,1,3,1,3,3,1,2,2,3,3,2,2,1,1
6017,0,4,1,6,1,4,3,3,3,2,4,3,2,4,2,1,1,1
6020,1,0,1,2,1,6,1,3,3,1,2,4,3,2,1,1,1,2
6021,4,7,6,8,4,1,4,3,2,1,3,2,3,3,1,1,1,6
6023,1,4,1,7,2,3,1,3,3,1,3,3,2,2,2,1,2,8
6026,4,2,2,6,1,1,4,3,3,1,3,3,3,3,0,2,1,5
6027,0,2,1,9,2,1,9,2,2,2,4,2,3,1,1,2,1,1
6028,4,2,2,1,1,1,6,3,3,1,3,3,4,2,1,1,1,5
6029,2,3,2,1,1,3,1,2,2,2,3,3,2,4,2,2,1,2
6035,4,2,2,1,1,1,6,3,3,1,3,3,2,2,1,2,1,1
6039,4,4,3,1,1,4,3,3,2,1,2,3,2,3,1,1,1,8
6042,3,0,8,3,4,5,4,3,2,1,4,2,4,2,1,2,1,6
6043,4,1,2,1,1,6,4,3,3,2,3,3,3,2,0,1,1,8
6045,3,2,3,2,1,9,1,3,2,2,2,3,2,3,2,2,1,1
6047,1,4,9,4,2,2,7,2,1,2,3,3,1,4,2,2,1,5
6049,1,0,1,3,3,1,5,3,3,1,2,4,2,4,2,1,1,6
6050,1,2,8,5,2,4,1,2,2,1,2,3,4,4,1,1,1,2
6052,3,1,2,1,1,1,6,3,3,2,3,3,3,2,0,1,1,6
6053,5,2,4,1,4,3,8,3,4,1,2,2,3,2,1,1,1,6
6055,4,0,1,9,1,4,6,2,3,2,3,3,1,3,2,1,1,8
6057,2,5,9,6,4,1,2,3,4,2,2,3,4,4,2,2,1,2
6058,4,4,2,3,1,4,1,3,3,2,3,3,2,2,2,1,1,8
6060,5,7,2,1,1,3,4,3,3,1,3,2,2,2,1,2,1,2
6062,1,4,3,1,2,4,3,3,3,1,2,2,3,3,2,1,1,8
6063,1,0,4,1,1,1,4,3,3,1,3,4,4,2,1,1,1,2
6067,5,2,1,3,2,3,4,4,3,2,3,3,3,3,1,1,1,1
6068,4,7,2,1,1,4,3,3,3,2,2,2,3,2,1,1,1,5
6073,1,0,6,8,6,1,6,3,2,1,3,2,3,2,1,2,1,5
6076,1,0,1,2,1,5,4,4,5,1,2,4,3,3,2,1,1,8
6079,4,7,2,9,1,2,6,2,2,3,2,2,1,2,2,2,2,6
6081,1,0,2,9,1,4,1,3,2,1,3,3,3,2,1,1,1,5
6084,1,4,1,9,3,4,1,2,2,2,3,3,3,3,2,1,1,2
6085,2,4,1,3,1,1,6,3,4,1,2,4,2,4,2,2,1,6
6086,1,2,2,10,4,1,4,3,4,2,2,3,3,2,1,2,1,1
6087,3,0,1,2,1,4,3,2,2,1,3,2,2,2,1,1,1,8
6092,1,3,1,2,2,3,1,2,2,1,4,2,3,1,1,2,1,6
6093,5,6,9,2,2,1,4,2,2,2,3,2,3,1,0,1,2,8
6094,5,2,1,2,1,3,4,4,4,2,4,5,1,2,0,1,1,1
6097,4,2,2,1,1,3,1,3,3,2,2,4,1,1,0,1,1,1
6099,3,0,1,7,2,4,1,4,4,1,2,3,4,2,1,1,1,1
6100,1,1,2,1,1,4,1,3,2,1,2,4,3,2,1,1,1,5
6106,0,0,2,8,1,5,1,2,2,2,3,2,2,2,2,2,1,6
6108,4,5,2,8,1,1,3,3,2,1,1,2,3,2,1,2,1,8
6114,0,2,8,1,2,1,5,3,2,2,3,4,2,3,1,2,1,1
6115,1,4,1,2,2,4,3,3,3,2,4,2,2,2,1,1,1,1
6116,1,4,1,9,1,4,1,2,2,2,3,3,3,2,2,1,1,6
6122,4,4,2,1,1,4,5,3,2,3,3,3,3,2,1,1,1,2
6124,0,0,1,9,1,4,3,2,2,3,2,2,2,1,1,1,1,6
6125,4,4,1,9,3,4,1,3,2,1,3,3,1,3,2,1,1,5
6127,3,4,2,1,1,1,4,3,3,2,3,2,3,1,1,1,1,8
6128,4,7,1,3,2,4,1,3,2,1,2,2,3,3,1,1,1,5
6129,1,4,6,2,1,3,1,2,3,1,3,5,3,4,2,2,1,2
6137,1,1,2,1,1,1,6,4,4,1,3,5,3,2,1,2,1,1
6142,4,4,1,9,2,1,4,3,3,2,3,3,1,3,2,1,1,1
6147,4,4,1,8,2,3,1,3,2,2,2,3,2,1,1,1,1,8
6148,4,5,10,2,1,1,3,3,2,1,4,3,3,4,2,2,1,2
6156,3,2,1,9,1,4,6,3,4,1,2,3,3,2,1,1,1,2
6159,1,5,2,1,1,4,1,2,2,2,2,1,1,2,2,1,2,8
6162,3,0,1,2,1,4,3,2,3,2,3,2,3,2,1,1,1,5
6165,5,4,2,1,1,4,1,3,3,1,2,3,3,2,0,1,1,5
6167,0,1,8,2,1,5,1,3,3,1,3,3,4,2,1,2,1,1
6169,1,0,2,4,4,1,3,3,3,2,3,3,3,4,1,2,1,6
3001,5,4,9,8,1,4,3,2,2,1,2,3,2,2,2,1,1,1
3003,1,4,2,4,1,3,6,3,3,1,2,4,3,3,0,2,1,5
3005,4,4,3,6,4,4,2,2,2,2,3,2,2,2,3,1,1,8
3006,2,4,1,3,1,1,4,3,3,2,3,3,3,3,3,1,1,6
3012,4,7,3,1,1,1,5,3,4,2,2,4,3,2,0,1,1,5
3013,4,5,2,6,4,4,5,3,3,1,3,4,2,4,0,1,1,8
3015,0,0,8,1,1,4,9,2,2,1,3,3,1,2,0,1,1,6
3016,5,0,2,1,1,3,6,3,3,1,2,3,1,1,0,2,1,8
3017,5,7,2,3,1,6,5,3,2,2,3,2,1,1,0,2,1,6
3018,4,4,3,1,4,4,1,3,3,2,1,2,2,2,0,1,1,6
3019,1,4,9,1,1,4,1,2,2,1,2,4,2,1,0,1,1,5
3020,5,4,1,2,1,1,4,3,3,1,3,3,3,1,3,1,1,2
3021,4,4,8,1,2,6,9,3,3,2,2,3,2,1,0,2,2,6
3022,4,0,1,2,1,3,5,3,3,2,2,4,2,1,0,2,1,8
3023,0,4,1,2,1,6,4,3,3,1,2,3,2,2,0,1,1,5
3024,1,5,1,2,1,4,1,2,2,2,3,2,2,1,0,1,1,8
3025,4,0,8,2,1,3,4,3,3,2,2,2,3,2,0,1,1,8
3026,4,0,1,2,1,6,2,3,3,2,3,3,2,2,0,2,1,5
3027,4,0,1,3,2,4,3,3,2,1,3,3,2,3,0,1,1,8
3030,1,2,2,6,1,4,5,3,2,2,2,2,3,3,1,2,1,6
3035,4,0,2,10,4,4,3,3,3,1,3,3,3,2,0,1,1,8
3036,1,2,3,9,2,3,1,3,4,1,2,3,4,2,3,1,1,6
3039,1,0,3,1,2,9,6,4,4,2,3,2,2,2,0,2,1,8
3043,4,0,10,1,3,9,1,3,3,2,4,3,3,2,3,2,1,1
3044,4,5,6,1,1,1,3,3,3,1,3,3,3,2,3,2,1,6
3046,0,0,1,2,1,4,5,3,2,2,2,2,2,1,0,2,1,5
3049,4,7,9,2,3,3,4,2,2,2,2,3,3,4,3,2,1,1
3051,4,7,3,6,1,1,4,4,4,2,1,4,3,3,3,1,1,5
3053,4,7,2,1,1,1,6,3,3,2,1,5,1,1,0,2,1,5
3056,0,5,3,2,4,4,1,4,4,1,2,4,1,1,0,1,1,5
3061,5,0,1,6,1,5,4,3,3,1,3,3,3,3,0,2,1,8
3066,4,3,3,6,1,3,5,3,3,1,2,2,2,3,0,2,1,1
3068,4,7,2,1,4,1,9,3,2,1,3,3,2,2,3,2,1,6
3069,5,0,6,8,2,5,9,2,2,2,3,3,2,2,0,2,1,8
3070,2,4,1,8,1,4,5,2,2,2,2,2,2,2,3,1,2,8
3071,4,5,1,7,4,6,1,3,3,2,2,3,2,2,0,1,2,6
3073,4,5,1,2,4,4,9,2,2,2,3,2,2,2,0,1,1,8
3076,1,2,1,3,2,9,6,3,3,2,2,4,2,2,3,2,1,6
3078,4,2,1,3,1,6,1,3,2,1,3,3,3,1,3,2,1,1
3080,4,0,1,8,2,1,5,3,2,2,3,2,2,2,0,2,1,5
3081,4,4,1,2,1,4,3,2,2,1,3,3,2,2,0,1,1,5
3085,4,4,2,9,3,4,2,2,2,2,2,2,2,2,0,2,1,1
3087,4,2,1,3,1,4,6,3,3,2,3,3,2,4,0,2,2,6
3089,4,2,1,9,9,6,1,3,3,2,3,2,2,3,0,2,1,4
3092,0,0,2,1,1,1,2,3,4,1,3,3,2,1,0,1,1,1
3096,5,0,2,3,1,3,4,3,2,1,3,3,3,1,0,1,1,5
3098,0,2,1,8,1,1,4,3,3,2,2,3,3,2,0,1,1,6
3099,2,2,7,3,4,3,4,2,3,2,3,3,2,1,0,1,2,6
3102,3,2,6,3,1,6,3,2,2,3,3,3,1,2,0,1,2,5
3103,4,0,3,8,2,4,6,3,3,1,4,3,2,1,0,1,2,6
3106,0,0,8,2,4,5,3,3,3,2,2,3,2,2,0,2,1,8
3109,1,2,1,3,1,6,1,3,2,2,3,2,3,1,3,2,1,1
3110,4,5,2,3,1,3,2,3,3,1,3,3,2,2,0,2,1,8
3112,4,4,1,6,1,4,3,3,3,1,3,3,2,1,0,1,1,6
3115,0,0,2,6,1,4,3,2,2,1,2,3,2,1,0,1,2,6
3116,0,4,1,4,1,1,4,4,4,1,3,3,3,1,0,1,1,8
3119,1,0,3,8,2,6,4,2,2,2,3,2,1,2,0,1,1,8
3121,2,2,10,1,5,1,6,3,2,2,2,2,2,3,0,1,1,2
3124,0,0,2,8,1,4,5,2,2,1,3,3,2,2,3,1,1,8
3126,4,4,2,1,4,4,5,3,4,1,2,4,2,2,0,1,1,6
3127,5,5,2,6,4,4,1,3,2,1,3,3,2,3,0,1,2,1
3129,3,0,2,1,1,1,3,3,3,1,3,3,2,1,0,2,1,1
3132,5,4,2,6,1,4,5,3,2,2,2,3,1,1,0,1,1,8
3133,0,0,3,2,2,1,4,3,2,1,3,3,3,2,0,2,1,5
3136,4,0,1,3,1,6,4,2,1,1,1,1,1,1,0,1,1,6
3139,5,4,1,3,3,4,1,2,2,2,2,3,1,2,0,1,2,6
3141,4,2,3,2,2,4,1,3,1,2,2,3,3,3,0,1,2,6
3147,1,1,2,3,1,4,3,3,3,1,3,3,3,2,3,1,1,5
3150,4,0,1,2,1,1,6,3,3,1,2,2,2,2,0,2,1,8
3151,0,0,1,8,2,1,5,3,3,2,3,3,2,3,0,2,1,8
3153,4,2,9,2,1,4,9,2,4,1,3,3,3,1,3,1,2,5
3155,5,0,1,3,3,5,6,3,2,2,4,3,1,1,0,1,1,8
3161,5,5,1,3,6,6,1,3,4,2,3,4,2,2,0,1,1,5
3162,0,0,1,8,1,6,9,2,2,2,3,2,2,2,0,1,1,8
3163,1,1,3,2,1,4,6,2,3,1,1,2,2,2,0,1,2,8
3165,0,4,5,8,4,4,7,3,2,2,2,4,4,2,1,1,1,6
3167,0,4,3,1,2,4,3,3,2,2,2,3,3,3,2,1,1,8
3170,5,0,2,1,2,6,9,3,4,2,3,3,2,2,0,2,1,6
3172,0,4,2,8,7,1,2,2,2,1,3,3,2,2,3,2,1,6
3179,3,4,1,9,1,4,6,3,3,1,3,4,3,3,0,1,1,6
3180,4,4,1,8,1,1,4,2,1,2,3,4,3,3,0,1,1,8
3181,0,0,3,1,2,4,1,2,3,1,3,3,3,1,0,1,1,6
3185,0,2,8,2,1,3,4,2,2,1,3,2,1,2,0,1,1,6
3187,3,1,2,8,1,4,3,2,1,1,2,4,1,2,0,1,1,2
3188,4,4,1,9,1,3,4,3,2,1,2,3,3,1,0,1,1,5
3189,5,4,1,7,7,4,6,2,2,2,2,2,2,2,0,1,1,1
3192,4,4,1,6,2,4,9,3,3,1,2,4,2,1,2,1,1,5
3193,0,0,2,3,1,6,4,3,3,1,3,3,2,2,0,1,1,5
3195,2,4,1,6,4,4,5,3,3,1,2,3,2,1,0,1,2,8
3196,1,4,2,3,1,1,3,3,2,2,3,3,3,4,3,1,1,8
3200,0,0,1,3,2,2,3,3,3,1,3,3,2,2,0,2,1,8
3201,0,7,2,3,1,6,4,3,4,1,3,4,2,1,0,1,1,5
3204,1,4,1,2,1,4,6,3,4,1,2,4,1,3,0,1,1,6
3205,5,0,2,1,3,3,9,3,3,1,4,4,2,2,0,2,1,8
3206,5,6,3,1,3,4,5,2,2,1,2,3,2,1,0,1,1,6
3213,4,2,6,8,4,1,4,2,3,2,2,3,4,4,0,1,1,8
3214,4,0,2,1,1,3,6,2,2,2,3,2,1,3,0,2,1,8
3215,1,7,1,2,4,1,6,3,3,2,2,3,2,3,3,2,2,6
3218,5,5,1,4,4,3,6,3,2,1,2,3,1,1,3,2,1,5
3219,5,2,8,2,1,6,3,4,4,1,4,4,3,3,3,2,1,1
3221,3,1,2,1,1,1,6,3,3,1,3,3,2,1,0,2,1,5
3226,4,2,2,8,2,3,9,3,4,1,2,4,2,2,0,1,1,8
3231,3,5,1,9,1,9,3,3,3,1,3,3,3,2,0,2,1,5
3232,4,4,8,1,1,4,3,3,2,1,3,2,2,1,0,1,2,5
3233,4,2,3,7,1,6,9,3,2,2,2,3,2,2,0,1,2,6
3236,4,4,2,1,1,1,4,3,3,2,3,3,2,2,0,1,1,8
3238,4,7,2,6,1,4,1,3,3,1,2,3,3,1,3,1,1,1
3240,1,4,1,3,1,4,9,3,4,1,2,4,2,2,0,1,1,6
3243,5,0,8,2,4,6,4,3,4,1,3,3,2,2,0,1,1,8
3245,4,0,1,3,3,9,2,2,4,2,3,3,1,1,0,2,1,8
3246,1,2,2,3,4,4,3,3,2,1,3,4,2,1,0,1,1,1
3247,0,2,2,1,1,6,4,3,3,1,2,3,2,2,3,1,1,5
3248,1,4,1,4,1,4,1,3,4,1,3,3,2,4,3,1,1,1
3255,4,1,2,1,1,1,9,3,4,1,3,3,3,3,0,2,1,5
3258,4,2,6,1,1,1,3,2,3,2,3,2,2,1,0,2,1,6
3260,0,0,8,3,2,4,3,3,3,1,3,3,2,2,0,1,1,8
3261,0,6,1,3,6,6,4,3,4,1,4,3,3,3,0,1,1,1
3262,5,4,8,3,6,4,8,2,2,2,3,3,1,2,3,1,1,6
3263,3,7,1,3,1,4,6,3,2,1,3,2,2,2,0,2,1,5
3264,1,2,2,1,1,4,5,3,3,1,1,4,3,1,0,1,1,5
3266,2,4,1,7,3,4,1,3,3,2,3,1,2,1,0,1,1,8
3269,4,0,1,3,1,4,1,3,4,1,2,4,3,4,3,1,1,5
3271,4,0,6,2,1,6,5,3,4,1,2,3,1,1,0,1,1,6
3273,0,0,1,6,1,4,1,3,4,1,3,4,3,1,1,1,1,6
3279,4,0,2,6,7,3,6,2,3,1,3,3,2,1,0,2,1,5
3292,0,7,1,8,1,1,5,3,3,2,3,3,2,2,1,2,1,5
3293,5,2,2,6,4,6,4,2,2,1,2,3,1,2,0,1,1,1
3300,4,5,8,3,2,4,6,2,2,2,2,3,2,1,3,2,1,6
3302,1,5,2,10,1,9,6,3,2,1,3,4,2,3,3,2,1,6
3307,1,3,8,6,1,6,4,3,2,2,2,2,2,1,0,2,1,2
3308,5,2,8,6,8,1,6,3,4,2,3,3,3,2,3,2,1,6
3309,4,0,1,8,1,3,6,3,4,1,3,3,3,3,0,1,1,8
3314,0,2,2,9,8,6,3,3,3,2,3,4,2,1,3,2,1,6
3316,4,0,2,7,1,4,1,3,3,1,3,4,2,2,0,2,1,8
3319,5,6,3,1,1,6,9,2,2,2,2,3,1,2,0,2,1,1
3320,0,0,6,2,4,2,4,2,2,2,2,3,2,2,0,2,1,8
3323,3,2,1,2,1,3,4,3,3,1,2,3,2,2,0,1,1,1
3324,1,5,1,8,1,4,9,2,2,1,3,3,2,2,0,1,1,6
3325,4,0,2,6,1,3,6,3,3,1,3,3,2,2,0,2,1,6
3330,4,4,5,8,1,4,3,2,2,1,3,2,1,1,0,1,1,8
3331,1,0,7,1,4,9,6,3,3,2,2,3,2,1,0,2,1,6
3332,1,7,1,8,1,3,6,3,2,1,3,3,2,2,0,2,1,5
3333,2,1,6,3,1,6,3,4,4,1,3,3,2,1,0,2,1,5
3334,0,2,1,3,1,6,3,3,3,1,1,3,3,2,0,2,1,1
3343,4,4,1,3,2,3,4,3,2,1,3,4,1,1,3,1,1,8
3346,5,0,2,8,2,1,3,3,3,1,3,3,3,1,0,2,1,8
3347,4,2,1,2,1,3,6,3,4,2,3,4,3,2,0,1,1,5
3354,4,5,1,3,3,3,6,3,2,2,4,2,2,1,0,2,1,6
3355,4,0,1,2,2,6,4,2,2,1,2,2,1,1,0,1,1,5
3358,4,4,2,1,1,4,9,4,3,2,3,4,4,2,0,1,1,8
3359,0,0,8,1,1,4,3,3,3,2,3,2,2,2,0,2,1,1
3360,4,4,1,3,1,1,2,3,2,2,2,3,1,2,3,2,1,8
3363,4,4,2,1,1,4,1,2,2,2,2,3,1,2,0,1,1,5
3366,4,0,3,2,6,4,5,3,2,1,2,2,2,2,0,1,1,8
3369,0,0,1,2,4,6,4,3,3,1,2,3,1,1,0,1,1,5
3370,4,0,1,2,1,4,6,3,4,1,3,3,3,1,0,1,1,8
3371,0,3,1,2,2,4,9,2,2,1,1,2,2,2,0,2,2,6
3374,5,3,6,1,1,1,6,3,3,1,3,3,2,2,3,2,1,2
3376,5,4,2,8,1,4,5,3,2,1,2,3,2,1,3,1,1,8
3378,4,5,1,8,1,4,3,2,3,1,3,3,1,2,0,1,1,5
3384,1,2,1,3,1,4,1,3,2,1,3,3,3,2,0,1,1,5
3389,3,0,1,6,1,4,1,3,3,1,4,4,2,2,0,2,1,8
3390,0,0,1,3,2,1,6,3,3,1,2,2,3,2,0,2,2,8
3392,4,0,6,1,2,4,3,3,4,2,2,3,3,2,0,2,1,8
3393,4,4,3,1,2,1,6,3,2,1,2,2,2,3,0,1,1,2
3395,4,0,1,3,1,3,1,3,2,2,4,3,2,1,0,2,1,1
3396,5,6,8,1,1,9,6,3,3,1,2,3,2,1,3,2,1,1
3398,3,4,9,2,6,5,9,2,2,2,2,2,2,1,3,2,1,8
3399,5,0,4,1,1,9,3,3,4,1,4,2,1,2,0,2,1,8
3407,5,0,8,9,2,6,1,3,4,1,2,3,2,1,0,2,2,8
3409,1,3,2,1,1,6,3,3,3,1,2,4,2,3,0,2,1,1
3410,2,5,2,1,2,9,3,4,4,1,1,2,2,2,0,2,1,5
3419,0,5,1,2,1,1,4,2,2,1,2,2,2,1,0,1,1,5
3420,3,4,8,1,2,4,5,3,3,1,4,4,3,2,0,1,1,8
3422,4,2,1,2,1,4,1,3,2,1,3,2,3,2,0,1,1,1
3425,0,0,1,2,1,1,6,3,3,2,3,3,3,3,0,1,1,5
3431,0,0,3,2,1,4,3,2,3,1,2,2,2,2,0,1,1,6
3438,0,0,1,2,1,6,2,3,3,2,2,3,2,2,0,2,1,1
3440,4,2,1,3,1,4,9,3,2,1,2,2,3,3,1,1,2,1
3441,4,0,1,2,4,1,6,2,2,1,2,3,3,3,0,2,1,6
3445,3,2,1,2,1,1,2,3,2,1,3,2,3,2,3,2,1,5
3447,1,7,8,2,1,6,1,2,2,1,3,3,3,2,0,2,1,2
3449,2,2,2,3,1,5,4,3,3,1,4,2,2,1,3,2,1,1
3450,5,0,1,8,3,1,6,3,3,1,3,3,3,2,0,2,1,6
3451,4,0,8,1,3,6,3,3,3,2,3,3,3,2,0,2,1,8
3453,1,0,1,4,1,3,4,3,3,2,2,4,2,2,0,1,1,6
3458,5,4,1,3,2,4,5,3,3,2,3,3,3,2,0,1,1,8
3460,4,4,1,2,1,4,9,3,4,2,2,3,1,2,3,1,1,2
3461,2,7,6,1,1,6,4,3,4,1,2,4,2,2,0,1,1,6
3467,5,0,2,8,1,4,1,3,2,1,3,3,2,3,0,1,1,1
3468,0,2,1,3,1,5,6,3,4,2,3,4,3,3,0,1,1,8
3469,3,2,6,9,1,1,5,3,3,1,2,3,3,2,0,2,1,1
3470,4,5,1,3,4,1,2,4,5,2,3,4,2,1,3,1,1,8
3474,0,0,6,5,1,1,6,3,2,2,3,3,2,4,0,1,1,8
3478,4,7,3,1,2,4,6,3,3,1,2,4,3,3,0,1,1,5
3479,5,2,1,3,1,4,6,2,2,2,3,5,2,1,3,1,1,5
3481,2,0,2,6,1,4,6,3,3,2,2,3,3,1,0,1,2,5
3484,5,0,3,2,3,5,4,2,1,1,3,3,2,3,0,2,1,5
3487,5,7,2,6,1,5,3,4,4,1,2,5,2,1,0,2,1,5
3488,4,0,1,8,4,3,6,3,2,2,3,2,3,3,0,2,1,1
3494,0,0,3,1,2,4,3,2,1,2,3,3,2,3,0,1,1,5
3496,3,4,9,2,4,4,6,3,3,1,1,2,2,1,0,1,1,8
3498,4,7,4,8,1,3,4,3,4,1,3,3,3,3,0,2,1,5
3499,0,2,2,3,1,1,3,3,4,2,4,4,3,2,3,2,1,5
3500,5,0,1,6,4,3,5,3,3,1,3,3,2,2,0,2,1,5
3502,4,2,2,3,1,6,1,3,2,2,2,2,2,2,0,2,1,5
3503,1,0,3,2,1,6,4,3,3,1,2,2,2,1,0,2,1,5
3504,5,0,2,1,7,1,2,2,2,1,3,2,3,3,0,2,1,8
3507,4,0,1,3,4,3,6,3,3,1,2,3,3,2,0,1,1,5
3508,0,4,1,2,1,6,1,3,3,2,2,4,2,1,3,1,1,5
3511,0,0,8,2,1,5,1,2,2,2,3,2,2,2,0,2,2,8
3514,3,5,3,2,1,6,4,2,2,2,2,1,1,1,0,2,1,8
3515,2,1,2,1,1,3,4,3,2,2,3,2,2,2,0,2,1,1
3517,4,0,2,8,1,4,6,3,3,1,3,4,2,3,0,2,1,1
3518,4,0,1,8,7,4,5,3,3,1,4,3,3,2,3,1,1,5
3520,0,6,3,1,2,4,5,3,3,2,3,3,2,2,0,1,1,1
3526,2,4,2,1,1,4,6,2,2,2,3,2,2,2,0,1,1,8
3527,3,2,1,3,2,6,4,3,3,2,2,3,3,2,0,1,1,5
3531,4,5,8,1,1,4,3,2,3,2,3,3,2,1,0,1,1,6
3532,5,1,2,9,1,4,1,2,2,1,3,2,1,1,0,1,1,5
3533,4,4,1,9,2,4,5,3,4,1,4,4,2,2,3,1,1,1
3535,2,5,2,3,1,3,4,4,3,1,3,5,3,2,0,1,1,8
3536,0,0,1,8,1,4,6,2,3,1,2,2,2,3,0,1,1,5
3543,3,5,2,8,1,9,6,3,2,2,3,3,2,1,0,2,1,1
3544,0,4,1,2,3,3,4,3,2,2,3,2,2,2,3,2,1,8
3547,3,7,4,2,1,1,4,3,2,2,3,3,2,1,3,2,1,5
3551,1,4,1,2,3,4,2,3,2,1,3,3,2,2,0,1,1,8
3553,0,0,2,3,1,1,3,3,2,2,3,3,1,1,0,2,1,6
3557,4,4,3,6,2,6,9,2,2,1,3,3,1,2,3,1,1,6
3559,5,4,3,1,1,6,4,3,3,1,3,3,2,2,0,1,1,6
3566,4,4,7,1,1,4,1,2,2,1,3,2,2,3,0,1,1,8
3568,0,0,8,9,1,4,5,2,2,2,3,3,1,4,0,1,1,6
3571,4,2,1,3,2,2,1,3,3,1,3,3,2,1,0,2,1,6
3577,1,2,1,3,2,9,6,3,3,2,4,2,2,1,0,2,1,1
3578,4,7,2,1,1,6,1,3,2,2,4,2,1,3,3,2,1,6
3579,1,2,6,3,2,5,1,3,3,2,3,2,2,1,3,2,1,1
3580,4,1,1,7,3,4,1,2,2,1,1,2,2,1,0,2,2,1
3588,4,4,9,1,2,6,1,2,3,2,3,2,3,1,0,1,1,5
3590,2,0,2,3,1,3,4,2,2,2,2,2,3,2,3,2,1,5
3594,5,2,6,8,4,4,1,3,3,2,3,3,3,2,3,2,1,1
3595,0,0,1,6,1,4,3,2,2,2,4,2,1,2,0,2,2,8
3597,4,3,1,8,1,2,6,3,3,2,2,2,3,2,0,2,1,8
3598,2,5,1,3,1,4,5,2,3,1,2,3,2,2,0,1,1,8
3599,4,4,2,1,1,4,5,2,2,1,2,3,2,2,0,1,2,5
3601,4,7,8,1,4,9,2,3,3,2,2,3,3,1,0,2,1,6
3602,2,0,1,3,2,4,1,3,2,1,2,4,3,1,0,1,1,6
3604,0,4,8,1,3,4,3,2,2,1,3,3,2,1,0,1,2,8
3605,4,0,3,5,2,1,4,3,4,2,3,3,4,2,0,1,1,8
3609,4,0,8,1,1,4,6,3,3,1,2,4,1,2,0,1,1,8
3617,5,4,1,9,1,1,6,2,1,1,3,3,2,1,0,1,1,1
3618,0,0,8,3,1,5,4,3,3,2,2,3,1,2,0,1,2,6
3619,4,4,1,7,1,5,6,3,2,1,3,3,2,2,0,2,1,5
3622,5,4,1,6,1,4,6,2,2,2,2,2,1,1,0,1,1,8
3623,0,0,6,10,1,4,3,3,3,1,3,3,2,2,0,2,1,8
3626,4,0,8,3,1,6,2,3,2,1,3,3,3,2,0,1,1,8
3627,0,0,1,2,1,4,6,1,1,2,3,2,1,1,0,1,1,5
3629,3,4,2,8,2,4,3,3,3,1,3,3,2,2,3,1,1,8
3632,4,2,3,1,2,4,6,3,3,1,3,3,3,3,3,2,1,1
3633,4,7,2,3,1,6,3,3,3,2,3,2,3,1,0,2,1,5
3634,1,4,2,1,7,4,3,3,3,1,3,3,2,2,0,1,2,8
3635,5,0,3,8,6,1,9,3,2,1,2,2,1,3,0,2,1,5
3637,4,5,2,1,1,1,4,3,3,1,3,3,3,3,3,1,1,5
3639,4,0,6,3,2,4,1,3,3,1,3,3,2,2,0,2,1,6
3645,0,0,8,1,1,6,2,2,3,2,3,3,2,1,3,2,1,1
3646,4,0,1,2,1,3,5,3,4,1,3,4,3,1,0,2,1,8
3648,5,0,3,8,2,1,6,3,3,1,3,3,2,2,0,1,1,6
3653,4,7,7,1,1,4,3,2,2,1,2,4,2,2,3,1,1,5
3655,5,0,5,8,2,3,5,2,3,2,3,2,2,1,0,2,1,8
3656,4,2,6,2,1,6,5,4,4,1,2,4,4,2,0,1,1,5
3657,4,4,2,1,3,4,3,3,3,2,2,4,3,3,3,1,1,5
3658,4,0,2,6,4,3,1,3,2,1,3,3,2,3,0,1,1,8
3660,4,4,3,2,2,4,3,3,3,2,2,4,3,3,0,1,1,1
3662,3,5,9,1,1,5,4,3,3,1,2,3,3,2,0,2,1,5
3665,1,6,1,7,3,1,6,3,3,2,4,4,3,4,0,1,1,8
3666,0,0,2,1,1,3,1,2,2,1,3,3,1,1,0,2,2,8
3667,5,2,8,1,1,1,5,3,3,1,2,3,3,1,1,2,1,1
3671,4,5,1,4,1,4,5,1,1,1,2,1,1,1,0,1,1,6
3672,5,0,2,8,1,5,3,2,2,2,3,3,2,1,0,2,1,8
3676,4,6,1,2,1,1,4,3,2,1,4,3,4,3,3,1,1,2
3677,3,6,6,2,1,6,1,3,4,2,3,3,2,3,0,1,1,5
3678,3,4,1,7,1,9,6,4,4,1,2,3,3,2,0,1,1,8
3683,0,4,2,1,2,4,1,2,2,1,3,2,3,2,1,1,1,6
3684,5,0,2,6,2,3,6,2,2,2,3,2,2,1,0,2,2,8
3685,4,7,2,1,1,4,3,3,3,1,3,3,1,1,0,2,1,6
3687,1,6,8,1,1,1,9,3,3,2,2,3,2,3,0,2,1,1
3688,4,0,6,1,1,5,4,3,3,1,3,3,2,2,0,2,1,8
3689,3,7,2,1,1,4,9,3,3,2,3,3,2,2,0,2,1,5
3690,3,0,1,6,2,6,2,3,3,2,3,3,2,2,3,2,1,1
3695,5,2,1,2,1,6,3,3,4,2,2,3,2,2,0,2,2,1
3697,0,4,3,8,2,4,5,2,2,1,2,2,3,3,3,1,1,1
3699,4,0,1,2,1,1,4,3,4,2,3,5,3,1,1,2,1,6
3700,5,7,1,3,1,5,9,3,3,2,2,3,2,2,0,1,1,5
3703,1,2,2,3,2,5,1,2,1,2,3,2,2,1,0,2,1,1
3707,4,0,1,8,1,1,6,3,3,2,4,3,2,2,0,2,1,5
3708,5,4,2,1,2,4,3,2,2,1,2,1,2,1,0,1,2,8
3709,3,2,1,10,1,4,1,4,4,1,3,4,3,4,3,1,1,6
3712,0,4,3,1,4,4,3,3,4,1,3,4,2,3,0,1,1,8
3714,0,0,9,2,1,4,5,3,3,1,3,4,3,2,0,1,1,5
3715,5,4,2,1,1,4,3,3,2,1,3,2,3,3,0,1,1,8
3717,4,0,1,3,2,3,4,3,3,2,2,2,2,1,0,2,1,8
3721,1,6,3,1,1,9,4,3,3,1,2,3,2,2,0,2,1,1
3722,4,7,6,1,1,1,3,3,4,1,3,4,2,2,1,2,1,5
3723,4,0,3,1,3,4,1,3,3,2,2,3,2,2,0,2,1,1
3732,5,0,1,2,1,4,3,3,3,1,3,4,2,4,0,1,1,8
3736,0,0,3,1,1,6,4,2,3,2,3,3,2,1,0,2,1,5
3740,2,5,1,8,1,1,5,2,2,1,3,2,2,1,0,2,1,5
3746,0,0,2,3,4,4,5,3,4,1,3,4,1,1,0,1,1,8
3747,4,2,6,3,2,2,3,4,4,1,2,4,4,3,0,2,1,5
3748,5,4,8,3,1,4,6,2,2,2,3,2,2,2,0,1,2,5
3750,4,1,9,2,1,4,1,2,2,2,3,2,2,2,0,1,1,5
3752,1,4,8,3,1,4,3,3,3,2,2,3,3,2,0,1,1,2
3753,2,4,2,10,3,4,3,3,3,2,3,3,2,3,3,1,1,6
3754,0,2,8,6,4,1,2,3,2,1,3,3,1,3,0,2,1,8
3755,4,7,1,3,1,9,1,3,3,2,1,3,2,2,0,2,2,5
3756,4,7,7,2,1,1,3,3,3,1,3,4,2,1,1,1,1,6
3758,0,4,6,7,1,1,6,3,2,1,4,2,2,3,3,2,1,1
3763,0,0,2,6,1,3,5,2,2,1,2,3,2,2,0,2,2,8
3765,4,4,1,3,1,5,4,3,3,1,3,3,3,3,0,1,2,5
3766,4,5,1,2,3,4,6,3,3,1,3,3,3,3,0,1,1,6
3768,0,0,2,1,3,4,3,2,2,2,2,2,1,3,0,1,1,8
3769,0,2,1,3,2,6,9,3,3,2,2,3,2,1,0,1,1,5
3770,4,4,6,1,4,1,4,4,4,1,3,3,3,3,3,1,1,6
3771,1,3,8,2,1,1,5,3,2,2,3,3,3,2,3,2,1,1
3772,5,0,3,8,1,3,6,3,4,2,3,3,2,2,0,2,1,5
3779,4,4,8,7,1,6,1,3,2,2,2,3,2,3,0,2,1,1
3781,4,7,2,6,4,1,4,3,4,1,3,2,3,1,1,2,1,5
3782,0,4,3,2,2,4,5,3,2,2,2,4,2,2,0,1,1,8
3784,0,0,1,7,7,1,6,3,3,1,3,2,2,1,0,2,1,1
3787,1,0,2,8,1,4,3,3,3,2,2,3,2,2,0,1,1,6
3795,0,4,2,3,1,4,1,3,3,1,3,3,3,2,3,1,1,4
3796,0,4,10,6,1,4,3,3,3,2,1,4,3,3,0,2,1,1
3798,5,0,1,2,1,3,6,2,2,1,2,2,1,1,0,1,1,8
3807,5,4,1,2,2,6,1,2,2,2,2,3,1,2,0,1,1,5
3808,3,0,1,2,1,3,6,2,2,1,3,2,2,2,0,2,1,8
3809,1,5,6,2,1,1,3,3,3,1,2,3,2,2,0,2,1,6
3811,0,0,4,1,4,1,8,4,5,2,3,4,3,1,0,2,1,5
3817,0,0,8,4,5,4,8,3,2,1,3,3,2,2,0,1,1,6
3822,0,0,3,7,2,4,6,4,5,2,3,3,3,3,0,1,1,6
3827,4,7,1,2,1,4,1,4,3,1,4,4,2,3,3,1,1,5
3828,5,0,3,1,6,1,3,3,3,1,3,3,2,2,0,2,1,8
3832,1,4,9,7,1,1,4,3,3,1,3,4,2,4,0,1,1,8
3833,4,7,3,9,6,4,5,2,3,2,3,3,2,1,0,1,1,6
3834,4,0,2,9,4,9,2,3,2,1,3,3,3,1,0,2,1,8
3835,4,0,2,3,1,1,4,3,3,2,3,3,2,2,0,2,1,6
3839,5,2,1,3,4,6,2,3,4,1,3,2,2,1,0,2,1,6
3842,1,5,1,7,1,4,6,2,3,2,2,3,2,2,0,1,2,8
3844,0,4,1,7,2,4,9,2,3,2,2,3,3,1,0,1,1,8
3845,4,0,8,1,3,4,3,3,3,2,2,3,2,2,0,1,1,1
3848,4,0,3,8,2,6,1,2,2,1,2,2,1,3,0,2,1,8
3849,4,5,1,5,1,4,1,3,3,2,3,3,3,1,0,1,1,6
3850,1,0,1,6,1,4,1,3,3,1,3,3,2,2,0,1,2,5
3852,5,4,2,6,1,4,1,2,2,1,2,2,2,2,0,1,1,8
3853,4,3,1,7,3,3,2,2,2,2,2,2,2,1,0,2,1,2
3854,5,0,2,3,8,1,3,3,3,1,3,4,3,3,0,2,1,8
3855,1,7,2,1,1,4,6,3,4,1,3,3,2,1,0,1,1,5
3857,4,2,1,3,2,4,1,2,1,2,3,2,3,2,0,1,1,2
3859,5,4,7,6,1,3,1,4,5,2,3,3,3,3,0,1,1,5
3860,5,0,8,6,1,1,5,3,2,1,3,2,1,2,0,2,1,8
3863,1,7,3,2,4,9,1,2,3,2,2,2,2,1,0,1,2,5
3864,4,4,2,4,1,4,3,2,3,2,3,3,3,2,0,1,1,8
3866,1,7,2,9,1,4,1,3,3,1,2,3,3,2,1,2,1,5
3867,5,0,2,8,1,4,1,2,2,1,3,2,1,1,0,2,2,8
3872,0,4,1,8,2,9,5,2,2,1,3,2,2,1,0,2,1,1
3874,0,0,2,1,1,4,1,3,2,1,2,3,3,2,0,1,1,5
3875,3,6,3,1,2,3,4,2,3,3,2,2,2,2,0,1,1,1
3876,0,4,1,3,2,4,3,3,3,2,2,4,2,2,0,1,1,1
3879,0,0,2,6,1,6,9,3,4,1,3,4,2,3,0,1,1,6
3881,4,4,2,8,1,1,4,2,2,1,2,3,2,3,0,1,1,5
3882,4,4,1,3,1,9,6,3,4,1,3,3,2,2,3,1,1,1
3888,0,0,2,9,1,4,1,3,3,2,2,2,3,3,0,1,1,8
3889,4,0,1,8,2,2,3,2,3,1,3,3,1,1,0,2,2,5
3892,5,7,1,9,8,4,6,3,3,1,3,4,3,3,3,1,1,1
3893,4,0,1,2,4,4,9,3,3,2,2,4,3,1,0,2,1,1
3895,4,4,2,1,1,4,3,3,3,1,3,3,3,2,0,1,1,8
3896,1,4,2,6,1,4,6,3,4,2,3,3,3,2,3,1,1,5
3897,0,5,2,1,1,4,3,2,2,1,2,2,3,2,0,1,2,5
3899,0,0,1,6,2,9,1,3,3,1,3,3,2,2,0,2,1,8
3900,4,7,1,3,1,4,6,3,2,1,3,2,1,2,0,1,2,5
3901,4,4,1,3,1,6,9,2,2,1,2,2,2,2,3,2,1,6
3902,0,0,1,2,1,1,4,3,3,1,3,3,1,1,0,2,1,1
3903,4,0,1,2,1,1,4,4,4,2,3,3,3,3,0,1,1,6
3904,4,4,1,3,1,2,4,3,3,2,3,4,2,2,0,1,1,8
3906,5,0,1,6,1,4,6,3,2,2,3,3,3,3,0,1,1,8
3907,1,0,1,8,1,4,9,3,3,2,3,3,2,2,0,1,1,5
3908,4,4,2,1,1,4,3,3,3,2,2,2,3,1,3,1,2,5
3909,4,5,4,8,1,3,1,2,2,1,3,2,3,1,3,1,1,2
3910,4,7,2,1,1,4,1,4,3,1,1,4,3,4,0,1,2,6
3911,0,4,6,8,3,4,9,3,3,1,4,3,3,2,0,1,1,6
3913,0,0,3,6,1,9,6,3,3,2,3,3,2,2,0,2,1,8
3919,4,4,1,6,2,4,9,4,4,1,5,4,3,3,3,1,1,8
3920,0,0,3,2,1,3,4,2,2,1,2,2,1,1,1,2,1,1
3923,5,2,9,3,1,4,1,3,3,2,2,4,3,2,3,1,1,6
3925,0,0,8,1,1,9,1,3,3,1,3,5,3,2,0,1,1,5
3926,1,0,2,9,1,1,4,3,2,2,4,3,2,2,1,1,1,5
3927,0,2,1,4,2,1,6,3,3,2,3,3,3,3,0,2,1,5
3929,0,0,3,8,1,5,6,3,3,1,3,1,1,1,0,2,2,8
3931,1,0,2,1,1,1,3,3,3,1,4,3,2,1,0,2,1,8
3937,4,4,1,2,1,3,1,3,2,1,3,3,3,3,0,1,1,8
3939,4,4,1,2,1,4,3,2,2,2,3,2,2,2,0,1,1,1
3945,5,0,8,2,1,9,6,3,3,2,2,3,2,3,0,2,2,8
3948,3,0,6,1,2,3,1,3,3,1,3,3,1,1,0,2,1,8
3949,0,0,6,2,9,3,1,3,3,1,2,2,3,2,0,2,1,1
3950,1,2,1,9,3,1,6,3,2,2,3,4,3,3,3,2,1,1
3951,4,0,3,1,2,5,6,3,4,1,3,4,3,3,0,2,1,1
3952,0,4,1,2,1,4,1,3,3,2,3,2,2,2,3,1,1,6
3954,5,4,1,8,1,4,6,3,3,2,2,4,2,2,0,1,1,8
3955,5,7,1,2,3,4,1,3,2,1,2,3,2,2,0,1,1,1
3956,5,3,1,8,1,6,3,2,1,2,2,3,2,1,0,2,1,8
3957,4,2,1,2,1,1,2,4,5,1,1,4,1,2,3,1,1,6
3958,4,0,1,2,2,4,3,3,4,2,2,2,2,1,0,2,1,8
3959,0,0,6,1,4,6,9,3,4,2,2,3,2,1,0,2,2,6
3960,0,0,3,2,1,1,4,3,2,1,3,3,1,1,0,1,1,8
3962,5,4,8,1,2,4,2,3,3,1,2,3,2,2,0,1,1,5
3963,0,2,1,8,5,4,1,3,3,2,3,2,3,2,0,1,1,6
3964,5,4,2,1,2,4,1,3,2,1,3,2,2,3,3,1,1,1
3968,4,0,1,3,2,5,4,2,3,1,3,2,2,2,0,2,1,8
3969,1,4,3,2,1,4,6,2,2,1,3,3,2,2,0,2,1,1
3971,1,5,2,3,1,1,3,3,2,1,3,4,3,1,3,2,1,5
3973,0,0,8,2,1,4,5,3,3,1,2,3,2,2,0,1,1,1
3974,5,4,2,6,1,3,1,3,2,1,3,3,3,3,0,1,1,6
3976,4,6,2,1,1,4,3,3,3,1,2,3,2,2,0,1,1,1
3983,4,5,1,2,1,1,6,3,2,1,3,2,2,3,3,2,1,5
3985,4,0,1,10,2,6,4,3,4,1,3,3,2,2,0,2,1,5
3986,4,0,3,6,1,1,4,2,1,1,3,3,1,1,3,1,1,5
3990,3,4,3,1,1,6,4,3,3,2,4,3,1,1,0,1,1,5
3991,1,5,2,8,1,4,3,2,2,1,2,3,1,2,3,1,1,6
3992,4,2,1,6,1,3,6,3,3,1,2,3,2,1,3,2,1,6
3993,0,7,2,1,2,4,5,3,2,1,3,2,2,1,0,1,1,5
3994,0,0,1,8,2,6,3,3,3,1,3,3,2,2,0,2,1,1
3998,0,4,2,1,1,4,5,2,2,2,3,3,2,2,0,1,1,8
3999,0,6,3,1,2,4,1,3,2,2,3,2,2,1,0,1,1,8
4005,0,7,2,1,1,3,1,3,4,1,3,3,2,2,1,2,1,6
4006,3,4,3,2,2,6,5,3,3,1,2,2,2,2,0,2,2,1
4008,5,2,1,6,6,4,1,3,3,2,3,2,3,3,3,2,1,8
4016,0,0,1,4,1,4,5,3,3,1,3,1,3,1,0,2,1,1
4018,5,0,2,1,2,4,3,3,3,1,2,3,3,2,0,1,1,8
4019,4,0,8,2,2,1,3,3,3,1,3,3,4,3,0,2,1,1
4022,4,4,3,1,2,4,1,3,3,2,3,3,3,2,0,1,1,5
4023,5,2,1,8,1,7,4,3,3,1,3,3,3,3,0,1,1,8
4024,5,4,2,9,1,4,1,2,1,1,3,2,3,3,0,1,1,8
4027,1,0,1,7,8,5,1,3,3,1,2,2,2,3,0,1,1,8
4028,5,4,1,3,1,4,1,3,3,2,1,3,1,1,0,1,1,6
4030,1,5,1,3,1,1,9,2,2,2,2,2,2,2,0,1,1,5
4032,4,7,1,3,1,9,5,2,2,1,2,2,1,2,0,1,1,6
4035,4,0,1,2,1,4,1,2,1,2,4,3,3,2,3,1,1,5
4038,0,0,8,3,1,4,6,3,4,2,2,4,1,1,0,1,2,8
4041,4,5,6,1,4,6,1,2,2,2,2,3,3,3,0,1,1,6
4043,5,2,2,8,4,1,9,2,2,1,3,3,1,2,3,2,1,1
4044,0,0,1,3,1,5,7,3,3,1,3,3,2,3,0,2,1,8
4045,5,0,8,1,3,6,5,2,1,2,3,3,1,1,0,2,2,8
4048,3,7,1,2,1,3,6,2,2,2,2,3,2,2,0,2,2,6
4049,1,7,2,1,1,4,5,3,3,1,3,3,2,2,0,1,1,8
4053,4,2,1,9,7,4,3,3,3,2,3,2,2,2,0,1,1,6
4056,1,4,1,8,1,6,3,3,4,1,3,3,2,2,0,1,1,6
4057,0,4,2,6,1,1,4,3,2,1,4,3,3,2,3,2,1,6
4058,4,0,1,8,7,9,3,3,3,2,4,4,3,2,0,2,1,8
4059,2,0,1,9,2,6,9,3,2,2,1,2,1,1,0,2,1,1
4060,4,0,1,3,2,4,3,3,3,2,2,3,3,1,0,1,1,6
4061,4,4,2,8,1,4,1,3,2,2,2,3,2,2,3,1,1,8
4064,0,0,1,2,1,1,6,4,4,1,3,3,3,2,0,2,1,8
4068,4,2,8,9,2,1,3,3,3,2,3,2,1,2,0,2,1,1
4069,4,4,1,3,1,1,4,2,1,2,3,3,2,2,0,1,2,8
4071,5,5,2,1,1,4,1,3,2,2,2,2,2,2,3,1,1,6
4073,4,3,9,1,2,9,3,3,3,1,2,3,3,2,0,2,1,6
4076,0,0,10,1,6,1,3,2,3,2,3,5,1,2,0,2,1,8
4079,5,2,8,2,1,1,3,3,3,2,3,2,2,1,3,2,1,1
4080,0,0,1,2,1,3,4,2,2,2,3,3,2,2,0,2,1,8
4081,3,4,3,6,3,4,5,2,1,1,2,3,2,2,0,1,1,6
4082,0,5,3,8,1,4,9,2,1,2,2,3,1,2,0,2,2,6
4085,0,0,1,8,2,6,9,3,3,2,3,4,2,2,0,2,1,6
4088,4,0,2,1,1,4,1,3,3,2,3,1,1,2,0,2,1,5
4092,3,6,3,2,1,1,4,3,2,1,3,3,2,1,0,1,1,5
4096,5,0,1,6,1,3,4,3,2,1,3,3,3,3,0,1,1,8
4100,5,0,2,8,1,6,4,3,3,1,3,3,3,3,0,1,1,8
4102,1,0,2,3,8,6,4,4,4,1,2,3,3,2,0,1,1,5
4103,4,0,3,1,1,4,5,3,2,1,3,3,2,2,0,1,1,6
4104,1,7,8,1,1,6,2,3,4,2,3,4,2,2,0,2,1,1
4112,4,0,6,2,1,1,5,3,3,2,3,3,4,3,0,2,1,8
4113,4,2,8,1,2,1,2,2,2,1,3,2,2,2,0,2,1,5
4119,0,0,1,3,1,4,1,3,2,1,4,5,3,4,0,1,1,8
4120,4,0,8,2,1,4,6,2,2,2,1,2,2,1,0,2,1,5
4125,0,7,2,3,1,3,6,1,1,1,3,3,2,1,3,2,1,1
4129,4,0,1,7,1,1,4,3,3,1,3,3,3,4,1,1,1,5
4130,1,4,6,1,1,4,9,3,3,2,2,3,2,2,1,1,1,5
4133,4,4,3,1,2,3,4,2,2,1,3,2,4,3,0,1,1,8
4135,4,0,1,3,1,3,1,3,2,2,2,3,3,3,0,2,1,1
4140,4,2,2,1,1,1,3,3,2,2,3,2,2,3,3,2,1,1
4145,1,1,3,2,1,1,3,3,3,1,3,2,2,2,1,2,1,1
4148,1,1,2,1,7,4,6,3,2,1,2,3,2,1,3,1,1,5
4149,0,4,1,2,3,1,4,3,3,1,3,2,2,1,0,1,1,6
4151,5,2,1,3,2,5,6,3,3,2,3,2,1,2,0,2,1,8
4153,4,0,2,1,1,6,3,3,3,1,3,3,3,2,0,2,1,6
4154,3,0,3,8,1,6,9,2,3,2,2,2,2,2,0,2,1,8
4155,4,2,1,2,3,1,6,3,4,2,3,4,4,2,3,1,1,6
4160,2,2,2,6,1,1,2,3,3,2,3,3,3,1,0,2,1,5
4166,4,2,1,7,3,4,5,2,2,1,2,3,2,2,0,1,2,5
4168,4,0,6,2,1,2,9,3,3,1,3,2,2,3,0,2,1,8
4169,4,0,1,2,2,6,4,3,3,1,3,3,3,4,0,1,1,1
4171,5,5,1,7,1,4,3,3,2,1,3,3,2,2,0,1,1,6
4172,4,4,2,8,1,4,3,3,2,1,3,3,2,3,0,1,1,8
4173,4,7,6,2,1,1,3,3,3,2,1,4,4,1,1,2,2,1
4183,3,7,6,3,1,1,6,3,3,2,3,3,3,2,3,2,1,1
4189,1,0,1,3,2,9,6,2,1,3,3,2,2,2,3,1,1,5
4190,5,5,6,10,1,5,4,2,2,1,2,3,3,2,0,2,2,8
4191,1,5,8,1,3,4,5,3,3,1,3,3,2,2,3,1,2,2
4192,0,5,2,8,1,4,3,2,2,1,3,3,2,2,3,1,1,8
4193,0,0,1,10,1,6,1,2,2,2,3,3,3,2,0,2,1,6
4198,3,2,8,2,3,1,4,2,2,2,3,3,2,2,1,1,1,1
4200,0,5,1,2,1,4,1,3,2,1,3,3,2,2,0,1,1,5
4202,1,7,2,8,1,9,6,3,2,1,3,2,2,2,3,2,1,2
4203,0,2,9,2,1,4,7,1,2,2,2,3,3,2,0,1,1,8
4204,4,4,2,6,1,4,3,3,3,1,3,3,2,2,0,1,1,8
4207,4,0,1,8,2,4,6,3,3,1,3,3,2,2,0,1,1,5
4208,4,0,1,2,7,2,4,3,2,2,2,2,2,2,0,2,1,8
4210,0,7,1,2,1,4,5,4,4,1,2,5,4,3,1,1,1,6
4211,4,7,1,6,1,9,6,3,3,1,2,4,3,1,1,1,2,5
4213,0,7,3,8,4,3,1,3,4,3,2,2,3,2,0,1,1,5
4215,2,4,1,8,2,4,6,3,3,1,3,3,3,2,0,2,1,8
4217,3,2,8,1,4,1,3,4,3,1,3,4,4,4,3,2,1,6
4219,0,4,8,6,2,6,4,1,1,1,2,3,1,1,0,1,1,5
4221,4,4,2,1,1,4,3,3,2,1,3,2,2,2,0,1,1,8
4223,4,2,2,9,1,9,4,3,3,1,2,3,2,1,3,2,2,6
4225,5,0,2,6,1,1,5,2,2,1,3,3,1,1,0,2,1,8
4226,2,0,2,3,2,5,6,3,3,2,3,3,2,2,0,2,1,8
4229,1,0,2,3,1,1,4,3,4,1,3,4,2,3,1,1,1,1
4234,0,7,1,8,1,5,9,2,2,2,2,3,1,1,0,1,1,8
4240,0,0,1,2,1,4,1,3,2,2,3,3,2,1,0,1,1,1
4241,5,6,2,8,1,1,4,2,2,2,3,2,2,1,0,1,1,8
4242,1,4,8,1,1,4,6,3,3,1,2,3,3,3,3,1,1,8
4245,4,4,3,1,2,4,6,3,3,1,2,3,3,2,0,1,1,8
4249,4,0,1,2,1,4,1,3,2,1,3,3,3,2,0,1,1,8
4251,0,0,3,1,1,4,2,3,3,1,2,3,1,2,0,1,1,5
4254,4,0,3,2,1,4,3,3,2,1,2,2,1,2,0,1,1,8
4255,5,0,3,8,1,4,6,2,2,1,2,3,1,1,3,1,2,8
4256,0,2,1,3,2,1,4,3,3,2,3,3,1,1,0,1,1,8
4257,5,4,1,2,3,4,1,3,3,1,3,3,4,1,3,1,1,6
4258,4,4,1,2,9,6,4,3,3,1,3,2,2,2,0,1,1,6
4259,4,4,8,1,1,4,1,3,3,1,3,3,2,2,0,1,1,1
4260,1,2,1,2,1,4,1,3,3,2,3,2,2,2,3,2,1,1
4264,0,2,3,2,1,9,4,3,4,2,3,3,2,2,0,1,2,1
4265,4,0,3,10,2,4,1,2,1,1,2,3,2,1,0,1,2,5
4267,1,4,3,1,1,3,4,3,3,1,2,4,2,3,3,2,1,1
4271,1,0,1,2,1,4,5,3,4,1,3,3,3,2,0,1,1,5
4273,4,0,6,3,1,1,2,3,3,2,3,3,2,2,0,2,1,8
4274,1,0,2,6,1,4,9,3,3,2,2,3,3,2,0,1,1,5
4275,0,4,1,2,2,4,5,2,2,1,3,3,2,2,0,1,1,5
4276,4,0,1,6,1,4,3,3,2,2,3,3,2,2,0,2,1,8
4278,0,0,1,8,8,4,3,4,5,1,2,5,2,2,0,1,1,6
4279,0,0,1,2,1,3,1,3,3,2,2,5,2,2,0,1,1,8
4282,1,4,1,6,2,4,1,3,3,2,3,2,3,5,2,1,1,5
4283,0,4,3,1,2,4,1,3,3,2,3,3,3,1,0,1,1,6
4284,1,2,2,7,1,4,1,4,4,1,2,4,2,2,0,1,1,5
4286,0,4,1,3,2,4,1,2,2,2,3,2,3,3,0,1,1,8
4291,5,0,2,1,1,4,1,2,2,2,2,2,3,2,0,1,2,5
4293,0,5,4,1,1,6,1,3,2,1,1,4,3,1,0,2,2,1
4294,4,4,3,6,1,4,3,3,2,2,2,3,2,2,0,1,1,8
4295,4,2,3,2,2,9,1,3,3,2,2,3,2,3,0,2,1,6
4296,1,0,3,6,4,4,7,3,4,1,2,4,2,2,3,1,2,6
4297,0,2,1,2,1,6,3,3,3,1,3,3,2,2,0,1,1,8
4298,4,4,1,3,1,3,4,3,3,1,2,2,1,1,3,1,1,8
4299,5,0,2,3,1,3,6,3,3,1,3,3,2,2,0,1,1,5
4305,5,2,2,1,1,4,1,3,2,2,3,3,3,2,0,1,1,5
4306,0,2,6,2,1,4,1,2,1,1,3,2,3,2,0,1,1,6
4307,5,4,3,9,1,1,4,2,1,1,3,2,2,2,0,1,2,8
4310,4,4,2,1,1,4,6,4,4,3,3,4,4,2,0,1,1,8
4312,4,4,6,9,1,4,5,3,3,2,3,2,2,2,0,1,1,5
4318,3,2,2,1,1,6,5,3,3,2,3,3,3,2,0,2,1,6
4319,4,0,2,1,4,3,4,3,3,1,4,3,2,4,1,2,1,6
4323,4,0,2,3,2,5,4,2,3,2,2,2,1,1,0,2,1,6
4324,5,0,6,1,1,6,7,3,3,1,3,3,1,1,0,2,1,6
4327,2,4,3,8,2,4,3,3,3,2,3,4,3,2,0,1,1,6
4331,5,0,2,1,2,4,6,2,2,1,3,3,2,1,0,2,2,8
4337,0,0,1,6,1,4,1,2,3,1,2,2,2,2,0,1,1,8
4339,4,5,8,9,6,4,5,3,3,1,3,3,2,3,0,1,1,8
4340,4,0,10,2,6,4,3,3,4,1,3,4,1,2,0,1,1,8
4349,4,4,1,2,3,4,5,3,3,1,2,2,2,1,0,1,1,8
4351,2,5,1,7,1,4,6,3,3,1,3,4,2,4,0,1,1,5
4354,3,6,2,1,1,4,5,3,3,2,2,2,1,1,0,1,1,5
4355,4,2,8,1,3,4,3,3,2,1,2,3,2,2,0,1,1,5
4356,5,4,3,10,1,4,5,2,1,1,3,2,2,2,0,1,1,8
4364,0,1,1,2,1,4,9,3,4,2,3,2,2,1,0,2,1,1
4367,4,0,2,8,1,3,1,3,2,1,2,3,4,3,0,2,1,1
4372,4,0,9,1,2,6,4,3,4,1,2,3,2,3,0,1,1,8
4375,5,6,1,7,1,4,6,3,4,1,3,3,1,2,0,1,1,8
4378,0,2,1,2,3,1,4,3,2,2,3,3,4,1,3,1,1,6
4379,1,4,3,9,4,4,6,3,2,2,2,3,1,1,0,1,1,8
4382,4,2,6,8,4,1,3,3,2,2,3,3,3,2,0,2,1,5
4385,4,5,3,8,2,6,3,2,2,2,2,2,2,2,0,2,2,5
4389,4,2,7,2,1,3,2,3,3,2,3,2,2,2,0,1,1,6
4393,5,0,6,9,1,5,4,3,2,2,2,2,2,2,0,2,1,6
4394,2,3,7,1,1,5,4,3,3,2,3,3,2,2,3,2,1,4
4395,4,2,2,1,1,4,1,2,2,1,2,3,2,2,0,2,1,1
4398,5,0,2,1,1,1,5,3,2,1,3,3,3,2,0,2,1,8
4399,4,4,3,1,1,3,9,3,4,1,3,4,2,2,0,1,1,8
4400,4,4,1,3,1,6,4,4,4,1,4,2,2,1,0,1,1,8
4402,4,4,1,2,1,4,3,3,1,1,3,3,2,3,0,1,1,8
4407,4,2,1,5,1,3,1,3,4,1,4,3,2,3,0,2,1,1
4408,4,0,2,6,1,4,1,3,4,1,3,4,3,2,0,2,1,5
4410,5,4,2,3,1,4,1,3,2,1,3,4,2,2,3,1,1,5
4413,0,0,3,1,3,1,6,2,3,2,2,2,2,2,0,2,1,6
4421,5,4,1,7,2,1,4,4,3,2,3,5,4,4,0,1,1,6
4423,1,2,10,1,1,1,3,3,3,1,3,2,2,2,1,2,2,6
4424,5,0,1,2,9,6,1,3,3,2,3,3,3,2,0,1,1,8
4426,0,0,8,1,2,6,9,2,2,2,3,3,2,1,0,2,1,1
4432,4,7,2,6,1,5,6,2,2,1,2,3,1,1,0,2,1,6
4436,4,0,1,2,1,5,6,2,2,1,3,3,3,3,0,2,1,5
4440,4,7,2,1,1,2,1,3,3,1,2,3,3,2,0,2,1,1
4441,0,0,3,2,3,6,9,3,3,2,2,3,2,2,0,2,1,8
4447,5,2,9,2,1,4,5,3,3,1,2,2,2,2,0,2,1,1
4455,4,4,1,8,3,4,5,3,3,2,1,5,2,2,0,1,1,1
4456,4,4,1,7,1,4,1,3,3,1,3,4,2,2,0,1,1,8
4463,1,2,2,1,1,3,6,3,3,1,2,3,3,2,0,1,1,1
4465,5,4,8,3,1,4,1,3,2,1,2,3,3,3,0,1,1,6
4469,4,2,2,3,1,1,3,3,3,1,3,3,3,1,3,2,1,5
4471,0,6,1,2,4,1,3,2,2,2,2,2,2,2,0,2,2,5
4473,4,2,3,8,2,3,4,2,1,1,3,4,3,2,3,1,1,8
4474,4,4,8,1,2,1,8,3,3,2,4,3,4,3,0,1,1,8
4475,1,4,8,1,1,4,6,3,2,2,2,4,2,3,3,1,1,8
4476,4,0,2,1,1,1,4,3,5,2,3,4,2,1,0,1,1,5
4478,4,0,2,8,2,1,4,2,2,2,3,3,1,1,0,1,1,5
4479,1,2,1,2,1,1,2,4,4,2,3,3,3,2,1,2,1,5
4483,2,4,9,3,1,6,5,3,3,2,1,4,1,1,3,1,1,5
4486,5,2,1,6,3,1,6,3,2,2,3,3,2,3,0,2,1,1
4488,4,0,1,2,2,3,6,3,4,2,3,4,3,2,3,1,1,8
4490,5,0,1,3,2,6,9,3,4,1,4,4,2,2,0,2,1,6
4491,3,4,7,8,1,4,6,3,4,2,3,2,3,2,0,1,1,6
4494,4,4,6,1,2,4,3,3,3,2,3,3,2,2,0,1,1,8
4496,5,0,8,2,1,3,6,3,4,1,2,4,3,2,1,1,1,5
4500,4,0,1,7,1,6,2,3,2,1,3,2,1,1,0,2,2,8
4501,0,5,1,2,3,6,3,2,2,2,3,3,2,2,0,2,2,1
4505,4,2,9,1,1,6,1,2,1,2,2,4,3,1,3,2,2,5
4506,4,2,1,6,1,6,2,3,3,1,2,3,2,3,3,2,1,5
4508,4,0,2,9,1,2,3,3,3,1,3,4,3,1,0,2,1,8
4510,1,4,2,5,1,4,1,3,3,1,3,4,3,3,0,1,1,6
4516,4,0,8,1,1,3,9,3,3,2,3,3,2,2,3,2,1,8
4521,4,4,3,1,2,4,6,3,3,1,2,4,2,3,1,1,1,5
4522,0,0,1,6,1,9,4,3,4,1,3,3,3,2,0,1,1,6
4523,5,4,2,1,3,6,4,3,4,1,3,2,3,2,3,1,1,5
4526,4,7,2,3,1,4,8,2,3,2,2,3,2,2,1,1,1,5
4530,4,4,1,2,1,4,3,2,2,1,3,3,2,2,0,1,1,6
4531,4,4,2,1,1,1,4,3,2,1,3,2,2,3,0,2,1,8
4533,0,2,8,1,1,1,5,3,2,2,2,1,3,3,0,2,1,1
4534,0,0,2,1,1,4,3,3,2,1,3,2,2,1,0,1,1,8
4536,4,0,1,2,1,4,3,3,2,1,3,2,2,3,0,1,1,8
4537,4,4,1,2,1,4,1,3,4,2,2,4,2,2,0,1,1,8
4540,1,0,1,3,1,6,9,3,3,1,2,3,3,3,0,2,1,1
4541,4,0,3,1,1,4,6,2,3,2,2,2,1,1,0,2,1,8
4546,4,3,8,2,1,1,4,4,4,2,2,4,4,2,0,2,1,6
4547,3,2,1,8,2,3,9,3,3,1,2,3,2,1,0,2,1,1
4549,0,0,2,8,2,4,2,2,2,1,3,3,3,2,0,1,1,5
4550,4,0,10,8,1,1,4,2,2,2,1,2,2,2,0,2,1,1
4555,5,4,8,2,2,9,4,2,2,1,2,2,2,3,0,1,1,1
4559,4,0,1,6,1,5,6,4,5,1,4,4,1,1,0,2,1,8
4561,3,4,1,3,1,1,4,2,3,2,3,2,2,2,0,1,1,6
4563,0,0,2,1,1,4,6,2,3,2,3,3,2,2,0,2,1,8
4564,4,4,1,7,1,6,4,3,4,1,2,4,2,2,0,1,1,8
4567,4,1,3,2,1,1,3,3,2,2,3,2,2,2,3,1,1,6
4572,5,4,1,2,1,4,1,3,3,2,3,3,2,3,3,1,1,8
4573,0,4,1,2,5,4,1,3,2,1,3,4,2,2,0,1,1,5
4574,4,4,3,9,1,4,6,3,5,1,3,5,2,1,0,1,1,8
4577,5,0,6,8,1,3,5,3,3,2,2,3,2,1,0,2,1,8
4578,1,4,1,3,2,4,5,2,2,2,2,2,1,1,3,1,1,8
4579,2,4,1,2,2,4,1,3,3,1,2,3,2,1,3,1,1,8
4581,4,1,2,1,1,1,3,3,2,1,2,3,1,1,0,2,1,2
4583,0,0,1,7,1,8,3,3,4,2,3,3,3,2,0,1,1,6
4584,3,4,1,4,1,9,1,4,4,1,4,2,3,3,3,1,1,5
4586,0,0,2,6,1,3,1,3,3,2,3,3,3,3,0,2,1,5
4587,2,7,2,8,1,1,2,3,3,1,1,4,2,2,0,2,1,5
4588,5,7,6,1,1,3,6,2,2,2,2,2,2,1,3,1,2,5
4590,0,0,1,8,1,5,9,2,2,1,3,3,3,3,0,2,1,1
4592,0,0,1,2,1,4,2,3,4,2,3,3,2,3,0,1,1,8
4593,4,2,3,1,1,5,1,2,1,2,2,3,2,2,3,2,1,1
4594,0,0,1,8,1,3,1,3,2,2,1,4,2,2,0,1,2,5
4598,0,0,2,6,3,4,3,2,3,2,3,2,2,2,0,2,1,1
4604,4,0,2,3,1,1,3,3,3,1,4,3,3,2,0,2,1,8
4605,5,4,3,1,1,4,5,3,3,1,2,3,2,1,0,1,2,6
4608,4,7,1,2,1,4,2,2,2,1,2,4,1,1,0,1,1,5
4609,4,0,3,6,1,6,4,3,4,1,3,3,3,3,0,1,1,8
4610,5,5,1,9,1,3,4,3,3,1,3,2,1,3,3,1,1,5
4613,4,7,1,8,1,4,3,3,3,1,2,2,2,3,3,1,1,6
4614,4,0,1,3,1,5,3,3,3,1,2,3,2,1,0,2,2,8
4615,4,4,3,1,2,4,1,3,3,2,3,3,1,1,0,1,1,5
4621,4,4,6,1,1,4,5,3,3,2,2,2,2,3,2,1,1,8
4622,4,2,2,9,1,2,3,2,2,2,2,3,2,2,3,2,1,1
4627,3,7,2,1,5,1,9,3,3,1,3,3,3,2,1,1,1,6
4631,4,0,6,9,1,4,3,3,3,1,2,4,1,1,0,1,1,8
4633,4,2,2,1,1,1,3,2,3,3,2,1,1,1,0,2,1,4
4634,4,1,6,2,1,1,3,3,3,1,3,3,3,2,0,2,1,1
4636,4,4,1,3,1,4,1,3,2,2,3,2,3,2,0,1,1,8
4641,0,0,2,1,1,6,3,2,3,2,3,3,2,2,0,2,1,6
4646,0,0,8,3,2,3,1,4,3,1,2,5,1,1,0,2,1,8
4649,1,2,6,2,1,1,3,4,3,2,2,2,2,3,3,2,1,8
4650,4,5,1,8,1,1,4,3,3,2,3,2,3,1,0,1,1,2
4653,4,4,1,3,4,1,6,3,3,1,2,2,4,2,0,1,1,6
4660,0,4,1,10,1,4,3,2,2,1,3,3,2,2,0,1,1,8
4663,1,1,1,7,1,4,6,3,3,1,4,3,3,2,0,1,1,5
4664,4,5,1,7,7,1,6,3,4,2,3,2,2,3,0,2,1,1
4666,4,2,2,3,4,1,5,3,2,1,4,2,2,3,3,2,1,8
4669,4,0,2,8,1,4,6,4,4,1,3,4,2,4,3,1,1,6
4671,3,0,1,10,5,5,4,3,4,2,3,5,3,2,0,1,1,8
4672,5,4,2,1,3,4,2,2,1,1,3,2,2,2,3,1,1,6
4674,5,0,2,6,1,1,3,3,2,1,3,4,2,2,0,2,1,8
4675,4,1,1,2,1,4,3,3,3,2,2,3,2,2,0,1,1,6
4676,4,0,1,3,1,9,1,3,4,2,2,3,3,3,0,2,2,8
4688,0,4,1,8,1,5,9,1,1,1,3,3,2,1,0,2,1,6
4690,0,4,8,1,1,4,1,2,1,1,3,3,3,3,0,1,1,6
4691,5,4,6,2,4,3,4,3,3,1,2,3,3,3,0,1,1,8
4692,5,0,6,8,7,4,5,2,2,2,3,2,2,1,0,2,1,8
4693,5,7,1,5,1,1,4,4,3,1,3,4,3,3,0,1,1,5
4699,0,0,1,8,3,1,4,3,3,1,2,4,3,3,3,1,1,2
4701,3,3,1,2,1,3,1,3,3,1,3,3,2,3,3,2,1,4
4703,4,6,1,8,1,4,6,3,3,1,2,3,2,2,0,1,1,2
4704,0,7,2,3,1,6,9,3,5,2,3,3,3,3,3,2,2,6
4707,5,0,3,1,1,4,5,3,3,2,3,3,2,2,0,1,1,8
4709,0,4,9,8,1,1,6,3,3,1,3,3,2,3,0,1,1,6
4710,4,5,1,8,1,1,6,3,3,1,4,4,3,2,0,1,1,1
4711,4,4,3,8,1,4,9,2,2,2,3,2,2,1,0,1,1,8
4714,1,2,9,1,1,4,9,2,2,1,2,2,2,3,0,2,1,1
4715,2,4,1,3,1,9,6,2,3,2,1,2,2,2,0,1,1,6
4720,0,0,3,1,2,4,3,2,1,2,2,2,2,2,0,1,1,8
4721,0,0,5,1,3,6,1,2,4,2,3,2,3,2,0,1,2,8
4722,4,2,3,1,3,6,2,3,3,2,2,3,2,1,0,2,1,1
4727,1,4,3,1,2,4,5,4,4,1,2,3,3,2,0,2,1,1
4728,4,2,1,3,1,6,4,3,5,2,2,3,2,1,0,1,1,5
4731,0,0,8,5,1,1,7,2,1,2,4,4,3,2,0,1,1,8
4732,4,7,3,1,2,9,4,3,4,1,2,3,1,1,0,1,2,6
4733,4,4,8,2,1,5,4,3,3,1,3,4,3,3,0,1,1,8
4737,5,7,1,3,3,6,2,3,3,2,3,3,2,1,0,2,1,5
4741,0,3,2,8,1,2,3,4,5,1,3,4,3,2,0,2,1,1
4743,4,4,1,2,1,4,1,3,3,2,2,2,2,2,3,1,1,6
4745,0,5,1,2,1,1,6,3,2,1,3,3,3,2,3,2,1,5
4756,5,7,2,1,1,1,4,3,3,2,2,4,2,2,1,1,1,6
4759,3,7,2,1,1,3,1,3,3,2,5,3,2,2,0,1,1,8
4762,4,4,1,2,1,1,4,4,4,1,3,4,2,3,0,1,1,5
4765,1,1,1,8,3,4,3,2,2,1,3,3,2,2,0,1,1,6
4768,5,5,1,3,1,4,6,3,3,1,2,3,3,1,0,2,1,6
4772,3,0,3,2,1,1,9,3,4,1,3,4,3,2,0,2,1,1
4773,4,5,2,1,2,4,1,3,1,2,2,4,1,2,0,1,1,5
4777,5,4,2,3,6,4,3,3,2,1,3,3,3,2,0,1,1,8
4779,1,2,1,2,1,9,6,3,3,1,3,3,2,1,0,2,1,5
4785,4,2,5,6,4,6,4,3,3,2,2,3,3,2,0,2,1,1
4786,4,0,1,3,1,9,4,3,4,1,3,3,3,1,0,2,1,8
4787,5,0,3,1,2,5,6,3,3,2,3,3,2,1,0,2,1,8
4789,4,7,2,1,1,1,3,3,3,1,4,2,3,2,3,2,1,6
4790,4,0,6,2,1,5,4,3,2,1,4,3,3,2,0,1,1,8
4791,5,0,2,1,2,4,6,2,2,1,2,3,1,1,0,1,2,5
4792,0,2,1,8,1,2,1,3,4,2,2,3,3,1,1,1,1,1
4793,4,4,3,8,2,4,1,2,2,2,2,4,1,1,0,1,1,5
4796,4,6,1,8,1,4,3,3,2,1,3,2,2,4,0,1,1,6
4797,4,5,8,2,1,4,9,2,2,2,3,3,2,2,0,1,1,6
4799,0,0,2,8,2,4,3,2,1,1,2,2,2,1,0,1,1,6
4801,3,4,2,8,1,4,3,4,5,1,3,4,4,4,3,1,1,8
4802,1,4,3,9,4,6,4,2,3,2,2,2,2,2,0,1,2,2
4803,4,7,6,9,3,1,2,3,3,2,3,3,4,2,3,2,1,5
4804,4,0,8,1,1,1,2,3,3,2,2,3,2,1,0,2,1,5
4806,2,0,8,2,1,4,9,2,2,2,2,2,3,1,3,1,1,5
4808,5,2,1,4,1,1,4,1,1,2,2,2,2,2,3,2,2,1
4810,4,4,1,2,1,4,5,2,2,2,3,2,2,2,0,1,1,6
4812,3,2,1,7,2,1,3,3,3,2,3,3,2,3,3,2,1,5
4817,4,0,1,7,1,4,6,3,3,1,3,3,1,1,0,1,1,8
4820,4,7,1,2,1,1,6,3,3,1,3,4,2,2,0,1,1,8
4823,4,0,6,1,1,4,3,2,2,2,1,2,2,2,0,1,1,6
4825,0,4,2,8,1,4,3,2,1,2,1,1,1,3,0,1,1,8
4828,0,0,3,8,1,1,4,3,3,1,3,3,3,2,0,2,1,1
4829,4,7,1,6,3,1,6,3,3,2,2,4,3,2,0,1,2,5
4830,4,0,3,1,2,4,9,3,3,1,3,4,2,3,0,1,1,6
4833,0,4,8,7,3,8,3,3,2,1,4,3,3,2,0,1,1,6
4837,4,4,1,3,1,4,5,3,3,1,3,3,1,2,0,1,1,8
4840,4,4,1,3,1,4,5,2,3,1,2,2,1,1,0,2,2,8
4845,1,7,1,2,1,6,1,3,3,2,2,3,2,2,0,2,1,5
4846,3,7,2,6,1,4,5,3,3,1,2,2,2,2,0,1,1,5
4849,4,0,2,1,2,4,5,2,2,2,3,3,2,4,0,1,1,6
4857,0,0,7,1,1,3,1,3,3,2,3,3,3,2,0,1,1,8
4860,5,4,3,1,2,1,4,2,2,2,3,2,2,1,3,1,1,2
4862,0,4,1,7,1,6,4,2,4,2,2,2,2,1,0,1,2,8
4866,0,7,2,6,1,6,3,3,2,2,3,3,2,2,0,2,1,6
4868,5,4,1,2,1,5,4,2,2,2,3,3,3,2,0,1,1,8
4869,0,4,1,3,1,4,1,3,3,1,3,4,2,2,0,1,1,8
4872,4,0,8,3,2,3,9,2,3,2,3,2,2,2,0,2,1,1
4874,5,0,1,7,3,4,5,2,2,1,3,2,2,2,0,1,1,8
4879,4,7,10,6,1,4,6,3,1,1,4,4,3,3,0,1,1,5
4881,0,7,7,5,5,4,6,3,3,1,3,3,1,1,0,1,1,6
4884,5,5,2,1,1,4,1,3,3,1,3,2,2,3,0,1,1,6
4888,5,0,1,8,4,3,2,3,2,1,3,3,2,2,0,2,1,1
4890,4,1,1,3,1,5,3,3,2,1,2,3,1,2,0,2,1,1
4895,4,0,3,8,2,1,9,3,4,2,3,4,3,3,0,2,1,1
4903,4,4,5,6,5,9,4,3,3,1,4,3,3,3,0,1,1,2
4904,5,2,1,3,3,6,3,2,2,1,3,4,3,2,3,1,1,6
4907,4,2,1,3,1,3,6,2,1,1,3,3,1,1,0,2,1,5
4908,4,4,1,3,1,3,1,3,3,2,3,4,3,2,3,1,2,6
4909,4,0,2,8,3,1,3,3,3,2,3,2,2,2,0,2,1,1
4910,5,4,2,3,2,4,5,3,2,1,1,2,1,2,0,1,2,6
4913,4,0,3,1,2,1,6,3,3,1,3,3,3,1,0,1,1,8
4917,4,0,2,1,1,4,6,3,3,1,3,3,2,3,0,1,1,8
4918,4,4,2,9,1,4,2,2,1,1,2,1,1,1,0,1,1,8
4919,4,0,2,6,1,1,6,3,3,2,4,3,2,2,0,2,1,1
4927,1,7,8,7,1,1,6,3,4,2,3,2,1,2,1,2,1,5
4928,4,0,1,3,2,1,4,3,2,1,3,2,2,1,0,2,1,1
4930,4,7,4,9,4,3,4,2,1,2,3,4,3,2,0,2,1,1
4934,5,2,8,6,4,3,9,2,2,2,2,3,2,2,0,2,2,1
4937,0,4,3,7,2,4,1,3,3,2,3,3,1,1,3,1,2,8
4939,0,2,2,1,1,1,9,3,3,1,3,3,2,1,0,2,1,5
4945,4,2,1,8,3,5,4,3,3,2,3,2,2,1,0,2,1,5
4950,5,4,3,1,2,3,4,2,1,2,2,2,2,2,3,1,2,8
4953,5,0,1,8,6,3,5,3,3,2,3,3,3,3,0,2,1,8
4954,4,2,2,3,1,1,4,2,2,2,2,2,2,2,0,1,1,6
4955,4,2,8,2,3,4,5,3,3,2,3,3,1,2,0,1,1,5
4956,0,0,1,3,4,4,5,3,3,2,2,3,3,2,0,1,1,5
4957,0,2,1,3,7,6,9,3,3,2,2,4,2,2,0,2,1,1
4960,4,7,6,2,1,7,1,3,3,2,1,3,3,3,0,1,1,6
4962,5,0,8,1,3,1,2,1,1,2,3,1,1,1,0,2,1,8
4964,4,7,6,1,1,3,4,2,2,1,2,3,2,2,0,1,1,2
4968,1,0,1,2,1,1,4,3,3,1,3,3,3,3,0,2,1,1
4969,5,0,1,7,1,3,4,2,2,2,3,4,3,2,0,1,1,5
4971,4,4,2,8,2,1,9,3,3,2,3,4,3,2,3,1,1,8
4972,0,0,4,1,1,1,4,2,2,2,2,4,1,1,0,2,1,5
4974,3,4,3,1,1,4,3,2,1,2,3,3,1,1,0,1,1,5
4976,4,0,2,1,1,1,6,3,4,2,3,3,2,1,0,1,1,6
4977,0,0,2,1,1,4,5,3,3,2,2,3,2,2,0,1,1,8
4980,1,4,2,1,1,4,6,2,1,1,1,3,2,2,0,1,1,6
4981,1,5,2,10,1,1,2,3,3,1,3,3,2,2,0,2,1,1
4984,4,4,1,3,2,6,2,3,3,1,2,3,2,1,0,1,1,5
4986,0,0,1,8,1,3,4,3,3,1,4,3,3,3,0,2,1,8
4989,4,7,1,8,1,6,3,2,1,1,2,4,1,1,0,1,1,5
4991,0,4,1,3,2,4,3,2,2,2,3,3,2,3,0,1,1,8
4993,0,0,8,1,4,6,1,2,3,2,3,3,3,3,0,1,1,8
4994,2,7,2,8,1,4,6,3,3,2,3,3,3,2,0,1,1,5
4999,4,5,1,2,1,6,1,3,3,1,2,3,2,2,0,1,1,5
1001,1,4,6,8,1,4,6,3,3,2,2,3,2,2,3,1,1,8
1004,1,3,1,8,3,4,3,3,3,1,4,3,3,4,1,1,1,2
1007,4,4,1,9,1,4,6,3,4,1,2,2,2,3,2,1,1,5
1008,0,0,9,1,1,4,3,3,3,2,3,4,3,2,2,1,1,6
1010,3,5,1,2,1,2,4,3,3,2,3,3,2,3,1,1,1,1
1012,1,7,4,8,1,2,3,3,3,1,4,4,4,3,1,2,1,2
1014,1,2,2,8,1,3,1,2,2,2,2,3,2,3,1,2,1,6
1015,4,3,2,8,1,5,9,3,3,1,3,3,3,2,1,2,1,6
1019,0,2,1,3,1,4,3,3,3,1,3,3,2,2,1,1,1,6
1020,0,4,1,3,1,4,3,3,3,1,2,2,2,2,3,1,1,5
1021,4,4,2,8,1,4,1,3,3,1,2,3,3,2,0,1,1,1
1023,5,0,1,2,1,5,6,3,3,2,3,2,3,2,0,2,1,8
1025,4,4,6,2,8,5,4,3,3,1,3,2,2,4,2,2,1,6
1026,3,3,1,2,1,3,6,3,3,2,3,3,3,4,2,2,1,1
1029,4,2,2,6,1,4,6,3,3,1,3,3,3,3,0,2,1,5
1032,4,4,8,2,1,4,3,2,2,2,3,2,2,3,0,1,2,5
1034,3,5,1,3,1,3,5,3,2,1,4,3,3,3,1,2,1,1
1039,0,3,1,6,2,3,1,3,3,1,3,4,3,3,1,2,1,6
1040,4,0,3,1,2,6,9,3,3,1,2,3,2,2,0,2,1,5
1046,3,0,2,8,1,5,6,3,3,2,3,2,2,2,1,2,1,1
1047,3,5,10,8,1,4,6,3,3,2,3,3,3,4,2,2,1,5
1048,2,0,9,10,7,4,3,2,1,1,2,3,2,2,1,1,1,5
1056,5,2,2,3,1,5,3,4,5,2,2,2,3,1,1,2,1,5
1058,3,0,8,1,1,4,3,3,2,2,3,2,2,3,0,1,1,8
1059,4,2,1,7,1,3,1,3,3,1,3,3,4,4,1,2,1,6
1060,2,2,3,2,1,5,6,3,3,1,3,3,3,2,2,2,1,5
1061,3,1,2,8,4,6,5,3,3,2,2,2,3,1,0,2,1,5
1068,1,6,1,8,2,3,6,4,4,2,3,3,3,5,2,1,1,2
1071,4,4,2,1,1,4,5,2,2,1,2,3,1,2,2,1,2,8
1076,4,7,1,9,4,4,3,2,2,1,3,3,2,2,0,1,1,6
1078,4,5,2,1,1,4,1,3,3,2,3,2,3,2,0,1,2,6
1081,3,5,1,2,3,3,6,3,3,2,3,2,3,4,2,2,1,5
1084,0,3,2,1,1,2,3,4,5,1,2,3,2,2,0,1,1,5
1085,5,0,2,8,1,4,5,3,3,1,3,4,2,2,0,1,1,6
1087,1,0,1,3,1,1,4,3,3,1,2,3,3,4,1,1,1,1
1091,3,0,2,3,1,9,6,3,3,1,2,3,2,2,0,2,1,5
1095,5,0,8,7,9,4,5,2,2,1,3,2,2,3,0,1,1,8
1104,4,0,2,1,1,5,1,3,2,1,2,3,2,2,0,2,1,6
1107,4,0,2,8,1,3,6,3,3,1,2,3,3,3,1,2,1,6
1109,4,0,6,8,1,4,3,3,4,2,3,3,3,2,1,2,1,6
1110,0,7,1,4,1,2,6,3,4,3,4,3,2,1,0,2,1,6
1113,4,6,2,8,1,5,3,2,2,1,3,2,2,1,0,2,1,1
1114,4,0,7,1,1,4,9,3,4,1,2,4,3,3,0,1,1,2
1118,2,2,1,7,1,4,1,3,2,1,4,3,2,3,0,2,1,6
1119,1,7,2,1,1,1,4,3,4,2,3,3,3,3,1,2,1,5
1121,4,4,1,2,1,1,4,3,2,1,2,4,3,4,2,1,1,8
1122,0,0,3,1,2,4,3,2,2,2,2,3,3,2,0,2,2,1
1123,4,2,3,8,2,4,1,3,2,1,2,3,3,3,2,1,1,5
1124,3,7,2,3,1,3,4,3,3,1,3,3,3,2,1,2,2,8
1128,4,5,6,2,1,1,3,4,3,1,3,2,4,4,2,1,1,5
1129,5,2,8,9,1,4,1,3,3,1,3,3,3,2,1,2,1,6
1131,0,1,1,3,1,3,4,2,2,1,2,3,2,2,3,2,1,6
1138,1,2,3,1,1,6,3,3,3,2,2,3,3,2,1,2,1,5
1142,1,2,2,6,1,5,3,3,3,1,3,3,3,3,1,2,1,1
1146,1,4,1,2,1,4,3,2,2,1,3,2,3,3,2,1,1,2
1147,4,2,1,2,1,4,3,3,3,2,2,5,3,3,1,1,1,6
1148,4,2,2,10,1,6,1,3,3,2,4,3,3,3,0,2,1,1
1151,1,4,2,1,1,4,6,3,3,2,3,3,2,3,2,1,1,1
1153,2,0,1,10,1,3,5,2,3,1,4,2,3,2,0,1,1,5
1155,5,4,1,2,1,4,3,3,2,1,3,2,2,2,0,1,1,1
1156,4,4,3,1,2,4,5,3,3,2,2,3,2,4,2,1,2,5
1158,0,0,2,3,7,4,3,3,4,2,3,4,3,2,3,1,1,5
1159,4,4,1,9,1,4,3,3,2,1,2,2,3,4,2,1,1,6
1160,4,4,2,1,1,4,1,3,3,2,4,2,3,3,2,1,1,1
1165,4,0,1,9,1,6,9,2,2,1,2,4,1,1,0,2,1,6
1166,1,0,2,1,1,3,6,3,3,2,4,3,3,4,1,2,1,1
1167,1,1,1,3,2,1,4,4,4,1,2,3,4,4,1,2,1,6
1168,1,7,2,1,1,5,1,4,4,1,2,3,3,4,2,2,1,6
1169,1,7,1,7,1,5,6,3,3,1,2,1,1,3,1,2,1,6
1170,1,1,3,2,4,6,1,3,4,1,2,3,2,3,2,2,2,5
1171,4,1,2,3,2,3,9,3,4,2,2,3,4,3,1,2,1,2
1172,4,7,2,6,1,5,6,3,3,1,2,3,2,2,0,2,1,5
1176,4,2,1,9,1,1,5,3,3,1,3,3,2,2,1,2,2,6
1182,3,2,3,1,2,9,3,2,1,3,3,2,2,1,2,2,1,6
1183,5,2,1,7,1,6,5,3,3,2,2,2,2,2,3,2,1,1
1184,4,4,1,2,1,4,6,4,4,1,3,3,3,3,1,1,1,5
1185,5,4,8,7,1,4,5,2,2,2,2,3,3,3,0,1,1,8
1186,3,4,2,1,1,1,4,3,3,1,3,3,4,4,2,1,1,8
1191,0,1,9,2,2,4,5,3,3,2,2,3,2,1,2,1,1,6
1192,3,0,2,1,1,4,9,3,3,2,2,2,3,2,1,1,2,5
1193,4,0,1,2,1,1,2,3,3,1,4,3,2,2,0,2,1,5
1197,4,0,6,2,1,4,6,3,2,3,1,4,2,3,0,1,1,8
1199,3,2,1,2,2,4,6,2,2,2,3,2,2,3,1,1,1,6
1201,4,7,3,8,6,4,3,3,3,1,3,3,1,1,0,1,1,6
1205,4,5,5,8,2,4,3,3,2,1,3,2,3,3,2,1,1,1
1206,4,7,8,1,1,5,4,3,3,2,3,3,2,3,0,2,1,6
1209,4,0,3,1,1,3,4,3,3,2,3,2,2,2,0,1,1,8
1210,4,0,2,1,1,6,4,3,2,2,3,2,2,2,0,1,1,6
1213,5,0,2,3,1,6,5,3,3,2,3,3,2,2,0,2,1,8
1216,5,0,1,3,4,4,2,3,2,1,3,3,2,2,0,1,1,1
1218,4,4,1,2,1,4,3,4,5,1,2,4,4,4,1,1,1,6
1225,5,1,2,1,1,2,5,3,3,1,2,3,3,3,1,2,2,6
1227,4,5,4,1,1,6,3,3,3,2,2,2,2,2,3,2,1,5
1229,5,0,10,8,5,5,3,2,2,2,2,4,1,3,0,2,1,8
1232,4,5,8,2,1,4,1,3,3,2,2,4,3,2,1,1,2,5
1236,0,0,1,2,2,4,5,1,1,2,3,2,2,1,0,1,1,6
1238,4,7,1,3,1,9,6,3,3,1,2,3,2,3,2,1,1,8
1242,1,3,2,8,1,4,1,2,2,1,2,2,3,4,2,1,1,5
1243,5,5,3,1,3,4,3,3,2,1,2,3,3,3,1,1,1,5
1247,1,2,1,2,1,9,6,3,3,1,2,3,3,4,1,2,1,1
1248,1,0,2,9,1,5,4,2,2,2,3,3,2,2,2,2,1,6
1251,1,1,6,2,4,4,3,3,3,1,2,4,4,4,1,2,1,6
1252,1,7,1,6,1,6,3,3,3,1,3,2,3,2,0,2,1,5
1253,3,7,3,1,8,5,1,3,2,1,3,3,3,2,0,2,1,8
1261,5,0,9,2,1,3,4,2,2,1,2,2,5,3,1,1,1,6
1262,4,4,2,6,4,1,4,3,2,2,3,3,2,3,0,1,1,8
1275,4,0,8,2,1,4,1,2,1,2,2,2,2,2,0,1,1,6
1278,1,3,6,5,4,3,1,3,3,2,3,3,3,4,1,2,1,2
1284,4,4,1,3,1,9,5,2,3,1,2,3,1,1,1,2,2,5
1288,1,0,2,6,1,4,1,3,3,1,3,2,2,3,1,1,1,5
1290,4,0,1,2,2,5,9,2,2,3,2,2,2,3,2,2,2,5
1291,1,7,8,1,1,3,6,3,2,1,3,4,3,1,1,2,1,5
1292,4,2,3,1,1,1,4,2,2,2,2,3,1,2,0,2,1,5
1293,1,0,2,3,1,6,5,3,2,2,4,3,2,2,1,2,1,5
1296,4,4,1,2,1,4,6,2,3,1,3,3,3,3,2,1,1,5
1297,4,4,8,2,1,4,3,2,2,2,3,3,3,3,2,1,1,5
1298,0,0,8,10,7,4,5,3,4,1,2,3,2,2,0,1,1,6
1300,4,4,1,2,1,3,5,3,3,1,3,2,2,3,2,2,1,5
1304,2,0,9,8,1,4,5,1,1,2,2,2,1,1,0,1,2,6
1307,1,4,2,1,1,4,1,3,4,2,2,3,2,3,2,2,1,5
1309,0,0,10,1,5,4,5,3,3,1,2,3,3,3,0,1,1,6
1310,4,7,2,1,1,6,2,3,2,2,3,2,3,2,0,2,2,6
1313,1,6,3,9,1,2,3,3,2,1,3,3,3,3,2,2,1,5
1314,3,0,8,6,1,4,5,3,2,1,2,3,3,3,1,1,1,6
1315,1,0,1,3,1,4,1,3,2,1,3,3,2,3,2,1,1,6
1316,0,0,1,3,2,3,4,3,4,2,2,3,2,3,1,1,1,5
1318,0,4,8,1,2,3,4,2,2,2,3,4,2,3,2,2,1,5
1320,4,2,2,6,3,5,9,3,4,1,3,3,3,2,1,2,1,5
1321,0,5,2,6,1,5,4,3,3,2,3,2,1,1,0,2,1,5
1323,4,4,6,1,1,6,3,3,2,1,3,3,2,2,3,2,2,6
1324,5,4,2,6,1,4,5,2,2,1,2,2,2,1,0,2,1,5
1325,4,2,1,2,1,6,1,2,2,2,2,2,2,2,0,2,1,6
1326,4,0,8,1,9,3,1,3,3,1,2,3,4,3,1,2,1,5
1327,4,1,1,9,1,3,1,3,3,1,2,2,3,2,1,2,1,5
1329,4,2,6,2,1,3,6,3,4,1,3,3,3,2,1,2,1,1
1332,4,0,1,6,1,4,3,3,3,2,2,3,3,5,2,1,1,1
1333,4,7,2,1,1,5,6,3,4,2,2,2,2,2,0,2,1,6
1334,4,5,8,1,1,4,5,2,2,1,3,3,1,2,1,1,1,6
1335,4,0,8,1,1,4,5,3,3,2,3,3,4,3,1,1,1,8
1347,4,2,1,2,2,3,6,3,3,1,2,3,3,3,1,1,1,5
1349,1,6,1,8,1,5,3,3,2,2,3,3,3,2,1,2,2,5
1350,1,2,1,5,1,4,6,3,3,1,3,3,3,4,1,1,1,6
1351,4,2,2,6,1,5,6,3,3,1,3,3,3,3,1,2,1,5
1355,1,2,2,1,1,1,6,3,4,1,1,3,3,3,1,2,1,6
1357,1,2,2,6,1,3,2,3,2,1,2,4,3,2,1,2,1,1
1358,1,2,1,3,1,9,1,3,4,2,3,3,4,3,1,2,1,1
1359,3,1,1,2,1,1,5,3,3,1,3,2,3,3,1,2,1,6
1360,2,0,2,3,1,5,4,3,3,1,2,3,2,3,1,2,1,5
1363,0,2,1,2,4,4,2,3,2,1,2,2,3,2,1,1,1,6
1364,3,4,1,2,1,4,3,3,3,1,2,2,2,4,2,1,1,6
1366,1,7,3,6,2,9,4,2,2,2,1,1,1,1,0,1,2,6
1367,4,2,1,3,1,4,5,3,3,1,3,2,3,3,3,1,1,6
1371,4,2,1,2,1,6,3,3,3,1,1,2,2,2,0,2,1,6
1372,0,4,6,2,1,4,1,3,2,1,2,3,2,4,2,1,1,1
1378,1,5,8,2,3,3,5,3,2,2,2,3,2,3,2,2,2,2
1384,1,2,8,1,1,6,9,4,4,1,2,4,3,2,1,1,1,5
1387,3,7,1,10,8,4,2,4,4,2,3,3,3,2,1,1,1,5
1388,4,1,1,2,1,4,1,3,2,1,3,4,2,3,1,1,1,5
1389,2,5,10,2,5,4,4,3,3,1,3,4,3,4,2,1,1,2
1390,1,0,6,1,1,4,6,3,3,1,2,3,2,2,2,1,1,5
1391,1,6,2,3,1,2,3,2,3,2,2,3,3,2,1,1,1,2
1392,4,0,7,3,4,4,6,3,2,1,4,3,4,3,3,2,1,1
1393,0,3,2,9,1,1,5,2,2,2,2,3,2,2,0,2,2,2
1395,4,4,1,2,1,4,3,4,3,1,3,4,4,4,1,1,1,2
1399,2,1,9,1,6,4,1,3,3,2,2,4,3,3,1,2,1,6
1407,4,2,3,7,1,6,5,2,3,1,3,3,1,2,1,2,1,5
1410,4,4,3,9,2,5,9,3,3,2,2,3,2,2,2,2,2,1
1413,3,0,9,1,5,6,1,3,4,1,2,3,3,4,2,2,1,6
1415,4,0,8,1,1,4,5,3,3,2,2,3,3,3,0,2,1,5
1416,4,1,2,1,1,6,5,3,3,1,3,3,3,3,1,2,1,5
1418,3,1,3,1,1,5,1,2,2,2,3,2,2,1,1,2,2,6
1420,0,5,2,1,1,4,1,2,2,1,2,2,2,2,1,2,1,6
1422,1,2,2,3,1,2,5,3,3,1,2,4,3,3,1,2,1,6
1423,4,5,2,3,1,5,3,2,2,1,3,2,2,3,1,2,2,5
1425,0,2,1,8,1,3,9,2,1,1,1,2,1,1,0,2,1,6
1426,0,0,7,8,1,4,6,3,4,1,3,3,2,3,0,1,1,8
1434,4,2,3,2,1,4,5,3,2,1,2,3,2,3,3,2,1,1
1442,4,0,8,3,1,4,3,3,3,1,3,3,3,2,0,1,1,6
1448,4,6,2,3,1,1,9,3,3,1,2,3,3,3,0,2,1,5
1449,0,0,2,6,1,5,3,2,2,2,2,2,2,3,0,2,1,5
1455,3,5,8,3,7,9,6,3,3,2,2,4,3,3,1,1,1,8
1456,4,6,3,1,1,5,9,3,3,2,3,2,3,2,1,1,1,5
1459,5,0,3,2,2,4,5,2,2,2,2,2,3,4,2,1,1,8
1461,3,0,1,8,1,4,3,3,3,1,2,3,3,3,1,1,1,8
1467,4,4,1,2,2,4,3,2,2,1,3,2,1,3,3,1,1,6
1469,1,5,2,8,1,4,3,3,2,1,2,2,2,4,1,2,1,6
1470,4,0,8,6,1,4,1,3,3,1,3,3,2,2,0,1,1,5
1472,1,4,1,8,3,3,4,2,3,1,3,2,2,3,1,1,2,5
1478,4,0,2,1,1,4,3,2,2,1,3,3,3,3,2,1,1,8
1479,5,1,3,1,2,5,6,2,3,2,2,2,2,2,1,2,1,6
1480,1,4,1,2,1,5,3,3,3,2,3,3,3,2,2,2,1,6
1481,2,5,2,1,1,5,4,3,3,1,3,4,3,2,1,2,1,5
1482,1,2,2,1,1,1,4,3,2,1,2,3,3,2,1,2,1,5
1487,5,7,6,3,1,1,5,2,2,2,2,2,3,2,1,2,1,1
1490,4,2,2,1,1,5,1,3,2,1,2,3,2,2,1,2,1,5
1492,0,0,1,2,4,2,1,2,1,3,1,4,1,1,0,2,2,8
1496,0,0,1,3,3,4,5,3,3,1,3,2,3,1,0,2,1,1
1498,0,2,2,1,1,5,4,3,3,1,2,3,3,2,1,1,1,5
1500,4,0,1,8,7,4,3,3,4,2,3,3,3,3,0,1,1,6
1501,4,4,1,1,1,5,1,3,3,2,3,3,2,2,0,2,1,1
1503,1,4,2,9,1,4,3,3,3,1,2,3,3,2,2,1,1,5
1505,0,4,1,2,1,6,2,3,3,2,3,2,3,4,2,1,1,5
1507,0,0,2,3,1,6,4,3,3,2,1,4,1,2,1,1,1,6
1511,4,2,1,10,1,6,4,3,4,1,4,4,4,1,0,2,1,6
1515,2,0,2,9,1,4,6,2,2,1,2,1,1,2,2,1,1,5
1517,1,2,5,3,1,3,2,2,2,2,3,2,2,2,0,1,1,5
1519,5,4,8,1,1,4,1,3,2,1,2,3,4,3,1,1,1,5
1521,4,2,5,9,3,1,4,2,2,2,3,2,3,3,1,1,1,5
1522,1,3,2,1,1,1,9,2,3,2,3,3,3,3,1,2,1,2
1525,4,4,3,1,4,4,5,2,2,1,2,3,2,3,2,1,1,5
1527,1,4,6,3,8,4,1,3,2,2,3,3,3,4,2,1,1,8
1528,1,0,3,1,2,9,6,3,2,2,3,3,2,3,1,1,1,6
1529,0,2,1,4,1,5,6,2,1,2,3,1,2,2,1,2,1,6
1532,1,7,1,2,1,4,6,3,3,1,2,4,4,2,1,1,1,5
1534,2,0,1,8,1,4,5,3,3,1,3,2,2,2,2,1,1,5
1542,4,4,1,3,3,4,3,3,2,2,3,2,1,4,2,1,1,6
1549,4,3,6,3,1,5,3,3,3,1,2,3,4,2,1,2,1,6
1550,4,2,3,5,2,6,9,3,3,2,2,2,3,3,1,2,1,1
1552,4,4,6,7,4,6,3,3,3,2,2,2,2,3,0,2,1,8
1553,3,5,2,8,1,4,3,2,1,1,3,3,2,3,1,1,2,5
1556,1,6,1,2,1,4,1,3,3,1,3,2,3,4,2,1,1,5
1560,4,7,1,9,1,6,3,3,4,2,3,2,2,3,3,2,1,5
1562,1,2,2,5,1,1,4,3,3,1,3,3,2,4,0,2,1,6
1565,4,2,10,2,5,4,6,3,3,1,2,3,2,3,0,2,1,1
1566,5,4,8,1,1,4,5,3,2,1,3,3,3,3,2,1,1,8
1567,4,4,2,1,1,4,5,3,2,2,2,3,3,4,2,2,1,5
1568,1,0,2,3,2,4,6,3,3,1,2,3,3,2,1,1,1,6
1572,4,4,8,1,1,4,5,3,3,1,3,3,2,4,2,1,1,5
1575,1,2,1,3,8,4,3,3,3,2,2,3,3,3,2,2,2,6
1577,1,4,3,8,4,4,3,3,3,1,2,3,2,3,3,1,1,6
1579,1,0,3,10,4,3,9,3,3,1,1,3,3,3,2,2,1,5
1580,0,2,2,1,1,4,3,3,2,2,3,3,3,3,0,1,1,5
1582,4,2,6,10,1,3,2,3,2,1,3,2,3,3,1,2,1,5
1583,1,2,1,2,3,2,4,3,2,1,3,2,3,3,1,1,1,5
1585,1,1,2,1,1,2,5,3,3,2,3,3,3,2,1,2,1,5
1586,0,2,1,8,1,9,4,2,2,2,3,1,2,2,0,2,1,1
1589,4,3,9,2,6,3,2,3,3,2,3,3,3,3,2,2,1,2
1590,4,2,2,7,1,5,1,2,1,2,3,4,2,3,0,1,1,5
1591,4,0,3,2,1,4,3,3,3,1,2,3,2,3,0,1,1,6
1593,1,2,1,2,1,1,3,3,3,1,2,3,2,3,1,2,1,2
1596,3,0,3,9,3,1,4,3,3,1,1,4,4,4,2,1,1,2
1597,3,5,2,1,1,6,3,3,3,1,2,4,3,2,2,2,1,6
1598,4,5,1,9,1,4,1,2,1,1,2,2,3,3,2,1,1,8
1601,4,3,8,2,4,5,4,2,2,1,2,3,2,2,0,2,1,2
1602,0,1,1,2,1,2,3,2,2,1,2,4,3,3,1,2,1,5
1604,4,4,1,9,3,4,1,3,3,1,4,2,4,3,0,1,1,8
1606,5,1,2,8,1,5,3,2,2,2,3,2,3,2,1,2,1,6
1608,4,5,2,1,7,4,6,2,1,1,3,3,2,2,0,2,1,5
1609,1,4,2,3,1,4,3,2,2,1,3,3,2,3,3,1,1,6
1611,0,2,2,8,1,5,4,2,2,1,2,2,3,2,1,2,1,6
1614,4,0,1,2,1,3,4,3,2,1,2,3,2,2,0,1,1,6
1615,0,0,1,9,1,4,3,4,4,1,4,4,3,4,2,1,1,6
1621,5,0,1,6,2,9,6,3,3,2,2,2,2,2,0,2,1,1
1626,4,7,2,9,1,4,3,3,3,1,1,2,3,3,0,2,1,5
1627,5,1,5,6,1,6,4,3,4,1,2,3,3,4,1,2,1,2
1629,2,4,8,7,1,4,5,2,2,2,1,3,1,2,0,1,2,5
1631,4,2,1,7,9,3,5,3,3,2,1,2,3,2,0,2,1,5
1635,3,2,5,6,1,4,1,3,2,2,2,5,4,2,0,1,1,5
1636,1,7,2,6,1,4,8,3,3,2,4,3,3,2,1,2,1,6
1638,3,4,8,7,4,4,3,3,3,2,3,3,3,3,2,1,1,5
1640,3,0,1,8,2,6,3,2,2,2,2,2,3,2,1,2,1,6
1642,4,0,2,9,6,4,1,3,2,1,2,3,3,3,2,1,1,5
1643,1,4,6,3,4,4,3,2,2,2,2,1,2,3,3,1,1,5
1644,5,2,5,3,2,6,3,3,3,2,2,2,2,2,1,2,1,5
1648,5,4,8,2,1,5,4,3,2,2,2,2,2,3,0,2,1,5
1649,4,0,2,1,1,3,9,2,2,2,2,2,3,2,1,2,1,5
1650,5,0,8,2,1,3,5,3,3,1,3,3,2,1,0,2,1,8
1651,1,4,4,1,5,3,2,4,4,1,3,3,4,4,2,2,1,2
1658,4,4,1,3,1,9,4,3,3,2,3,2,2,3,2,1,1,5
1659,4,0,1,3,2,4,3,3,4,2,2,3,3,3,1,1,1,5
1664,4,7,8,7,1,4,3,4,4,1,4,4,3,2,1,1,1,5
1666,2,0,2,1,5,6,3,3,3,1,4,4,2,3,0,2,1,8
1667,0,0,2,1,1,7,6,3,3,1,3,3,2,2,0,2,1,5
1668,4,0,3,2,2,3,6,2,1,2,2,3,3,3,1,1,1,5
1669,1,0,2,1,3,4,1,3,2,2,2,3,2,4,1,2,1,5
1670,2,6,1,10,1,6,5,3,3,1,2,2,2,2,1,2,1,6
1672,4,7,1,3,2,5,9,3,3,1,2,3,2,2,0,2,1,5
1673,4,6,1,2,1,5,6,3,4,1,2,4,4,2,0,2,2,1
1680,4,2,1,3,2,4,1,3,3,1,3,2,2,3,3,2,1,1
1687,3,4,1,3,1,5,4,3,2,1,3,3,3,4,2,2,1,1
1688,1,7,2,8,1,4,5,3,3,1,3,4,2,4,0,1,1,2
1689,3,0,2,6,1,6,5,3,3,1,2,3,2,2,1,2,2,5
1690,4,4,1,9,1,4,3,3,2,1,3,3,2,4,2,1,1,5
1691,4,2,1,2,1,9,6,3,3,2,1,3,2,2,0,2,2,1
1695,4,0,8,3,1,4,8,2,1,1,2,2,2,2,0,1,1,5
1696,2,4,2,9,1,4,2,3,3,1,2,3,2,3,1,1,1,5
1698,5,0,1,2,1,4,2,2,2,2,2,3,2,3,0,1,1,8
1701,4,0,2,8,1,4,5,2,2,1,2,2,2,3,0,2,1,5
1703,0,0,2,1,1,6,9,2,3,2,4,2,2,1,0,2,1,5
1704,3,4,1,3,1,6,5,3,3,2,2,3,3,3,0,2,1,6
1713,3,4,8,3,4,4,5,3,3,1,3,3,3,3,0,1,2,8
1721,4,2,2,1,1,4,5,3,3,1,2,4,3,2,1,1,1,5
1728,4,3,4,1,1,3,6,3,3,2,3,2,4,3,1,2,1,2
1729,5,4,2,6,1,3,4,3,2,1,3,3,3,3,0,1,1,5
1730,3,4,2,9,1,4,1,2,3,1,2,3,2,2,1,1,1,5
1731,0,0,3,1,4,4,9,4,5,2,2,5,2,1,1,1,1,1
1733,2,4,2,8,1,4,3,3,2,2,3,3,2,3,2,1,1,6
1734,3,2,1,2,1,4,1,2,2,2,3,2,2,3,1,1,1,5
1735,1,4,1,9,1,4,1,3,4,1,3,3,3,3,2,1,1,6
1736,1,2,2,5,1,4,5,3,2,1,2,2,2,3,1,1,1,5
1737,3,5,1,2,1,9,6,3,3,1,3,3,3,3,2,2,1,5
1738,5,7,8,2,1,4,3,3,3,1,3,3,2,2,0,1,1,6
1739,2,2,1,2,1,4,6,2,2,2,3,3,3,2,1,1,1,5
1740,4,3,1,2,1,4,1,3,3,1,3,3,4,3,1,1,1,6
1742,1,1,6,7,1,4,3,2,2,2,2,2,2,2,1,2,1,6
1743,4,0,2,1,1,3,6,3,3,1,4,3,4,3,1,2,1,2
1745,2,2,1,8,1,3,6,3,3,2,2,3,2,1,3,2,1,5
1748,0,3,2,1,1,4,6,2,3,2,2,3,2,2,1,2,1,4
1752,1,7,2,6,8,3,5,3,2,1,2,3,3,3,1,2,1,1
1755,1,0,2,1,1,4,3,3,2,2,3,3,3,2,1,1,1,5
1756,4,4,3,1,1,4,5,1,1,1,2,1,1,1,2,1,2,5
1760,5,0,2,1,1,3,4,2,3,1,3,2,2,2,0,2,1,6
1761,5,0,8,3,1,5,6,2,2,2,2,3,2,2,0,2,1,8
1767,1,5,1,6,1,3,5,2,2,2,2,3,2,4,2,2,2,5
1768,4,4,1,8,1,3,6,3,3,2,4,3,4,3,1,2,1,6
1773,1,3,2,9,1,3,4,3,2,1,3,2,3,2,1,2,1,5
1776,1,2,2,3,1,4,3,2,2,2,2,2,1,1,1,2,1,1
1778,5,1,3,7,9,1,3,2,2,2,3,2,3,2,1,2,2,8
1779,4,0,2,7,1,3,9,2,2,2,3,3,2,3,0,2,1,6
1780,4,2,5,4,5,4,6,4,3,1,2,3,4,3,1,1,1,8
1781,4,5,2,3,1,4,3,3,2,1,3,3,3,3,1,1,1,5
1783,0,4,8,1,1,4,9,3,4,2,3,3,1,1,0,1,1,6
1790,4,0,1,3,2,6,9,3,4,1,2,3,2,3,1,2,1,8
1791,1,0,2,1,1,4,6,4,4,2,1,2,4,3,1,1,2,8
1792,4,7,1,7,1,4,9,3,3,1,2,3,3,3,0,2,1,5
1793,0,0,8,5,1,4,5,2,2,1,2,4,2,2,2,1,1,6
1795,5,2,2,3,1,4,3,3,3,1,3,2,4,3,1,1,1,5
1797,4,0,1,8,1,6,4,3,4,1,2,4,3,2,1,1,2,5
1798,1,2,6,2,4,1,3,3,3,1,2,4,3,3,1,2,1,2
1801,4,0,8,3,1,4,3,2,2,1,3,2,2,2,0,1,1,8
1802,0,0,6,8,6,4,3,3,3,1,3,3,3,2,0,1,1,5
1806,3,7,1,2,1,3,4,2,2,1,3,3,2,3,1,1,1,2
1810,5,7,2,6,1,3,2,3,3,1,3,3,4,3,0,2,1,5
1814,4,0,2,1,1,6,3,1,1,2,2,2,1,2,1,2,1,5
1816,4,0,4,5,1,3,8,4,3,1,2,3,3,3,1,1,1,6
1822,4,1,2,8,1,4,3,3,3,2,2,3,2,2,3,1,2,5
1823,1,2,1,8,3,4,3,3,2,1,3,3,2,3,1,1,1,5
1826,1,1,8,2,9,9,4,3,3,2,2,3,3,3,0,1,1,5
1827,4,0,9,2,6,4,5,2,2,1,3,2,2,3,3,1,1,2
1828,1,5,6,1,4,1,6,3,2,2,3,3,4,3,1,2,1,1
1830,0,2,6,10,2,4,1,4,4,3,3,3,3,3,0,1,1,6
1831,0,2,2,8,1,3,6,3,4,1,3,4,3,3,1,2,1,1
1832,0,7,1,2,1,5,6,3,3,1,2,3,2,1,1,2,1,1
1834,4,4,1,8,1,3,6,3,3,3,2,5,3,2,0,1,1,8
1835,4,2,1,2,2,4,1,3,2,2,3,4,2,4,1,1,1,8
1836,4,6,2,6,1,4,5,4,3,1,2,4,4,2,1,1,1,6
1837,4,4,1,3,2,3,4,3,3,1,2,3,3,3,2,1,1,6
1840,4,4,3,8,1,4,5,2,2,2,2,3,2,2,1,1,1,5
1842,3,4,8,4,1,4,3,3,3,2,2,3,3,3,2,1,1,5
1845,4,2,2,8,1,4,1,3,3,1,4,3,3,3,0,1,1,6
1846,3,1,1,3,1,4,5,3,1,1,2,4,3,2,1,1,1,6
1852,0,1,1,7,3,3,5,2,2,1,3,2,2,3,1,2,1,5
1853,4,5,2,8,1,4,9,3,3,1,2,4,4,5,2,2,1,8
1860,4,0,3,1,2,1,3,3,3,2,2,2,2,3,1,2,1,6
1861,5,4,2,6,1,3,4,3,3,1,3,3,3,4,2,2,1,1
1864,1,7,2,8,1,6,3,3,2,1,3,3,2,3,1,2,1,5
1871,1,7,8,6,1,4,1,4,4,2,3,3,3,4,1,1,1,6
1872,4,4,1,7,1,6,4,3,3,2,2,3,3,3,0,1,1,6
1873,4,3,1,8,1,4,3,2,2,2,2,3,3,3,2,1,1,8
1875,4,2,8,4,3,3,4,2,2,1,2,2,3,3,1,2,1,1
1876,3,5,1,2,1,3,1,3,4,1,3,4,3,4,2,2,1,6
1877,4,4,8,6,5,4,5,3,3,1,3,4,3,4,2,1,1,1
1879,4,0,3,1,2,5,4,3,3,1,3,3,2,2,1,1,2,8
1880,1,0,10,4,5,6,1,3,3,1,2,4,3,4,2,2,1,6
1882,4,4,1,3,1,3,1,2,2,2,2,2,3,2,0,1,1,6
1883,4,1,1,8,4,5,2,3,2,1,3,3,2,3,1,2,1,6
1884,5,4,1,8,1,1,4,2,2,1,3,4,3,3,1,1,1,6
1886,4,0,2,8,1,9,2,3,2,1,3,3,2,2,0,2,1,1
1890,1,1,2,1,1,3,1,3,3,1,2,4,3,3,2,2,1,6
1892,5,1,1,4,1,4,6,3,3,2,3,3,4,3,1,2,1,2
1894,5,0,10,2,5,5,4,2,2,2,3,3,3,3,0,2,1,6
1897,1,7,2,3,1,4,5,3,3,1,2,3,2,2,1,2,1,5
1899,4,5,3,7,1,4,6,3,3,2,3,3,1,3,1,1,1,1
1902,1,1,2,6,1,5,4,3,3,1,3,4,3,3,1,2,1,6
1904,3,2,6,9,4,7,4,4,3,1,4,5,3,4,1,1,1,6
1905,4,0,1,8,6,6,9,3,2,1,3,2,2,2,0,2,1,8
1906,4,2,3,5,2,6,4,1,1,1,2,3,1,1,0,1,2,8
1911,0,2,1,2,1,2,3,2,1,1,3,2,2,2,0,1,2,6
1912,0,0,2,3,1,3,6,3,3,2,3,3,2,2,0,1,1,2
1916,4,2,1,3,2,4,3,3,3,1,3,3,3,2,1,1,1,8
1919,3,2,8,10,1,1,9,3,3,1,3,3,2,2,1,2,1,5
1922,4,4,1,3,1,4,6,3,4,2,3,3,3,2,2,1,1,6
1923,1,0,2,6,1,6,9,3,3,2,3,2,3,3,0,2,1,2
1924,0,0,3,8,1,4,3,2,2,2,1,2,2,2,3,1,2,8
1925,4,4,8,3,1,4,6,2,2,2,3,2,3,2,0,1,1,6
1926,1,2,3,1,3,3,1,4,4,1,3,3,2,2,1,1,1,6
1927,4,4,3,8,9,9,6,3,2,3,2,1,2,3,0,1,1,6
1928,0,2,1,7,2,1,9,3,3,2,3,3,3,3,3,2,1,5
1931,1,7,8,2,1,4,3,3,4,2,3,2,2,1,0,2,1,6
1933,4,0,1,2,3,6,3,3,3,1,3,3,2,2,0,1,1,1
1935,4,0,8,1,1,5,1,3,3,2,3,2,4,1,0,2,1,1
1937,4,4,2,1,1,3,5,2,1,2,2,3,2,4,2,1,1,5
1941,1,1,1,6,1,4,1,3,2,1,2,3,2,2,1,1,1,8
1942,2,1,2,1,1,4,1,3,2,1,3,4,4,3,1,1,1,6
1946,4,4,1,8,1,5,3,2,2,2,3,3,2,3,2,2,1,1
1947,4,3,3,1,2,3,5,4,3,1,3,4,2,4,2,2,1,2
1949,3,7,9,7,4,4,3,3,3,1,3,3,3,2,1,1,1,1
1950,4,2,2,6,1,1,6,3,2,1,3,3,3,3,1,2,1,1
1951,1,4,1,3,1,1,6,4,4,1,3,3,3,3,0,1,1,8
1952,3,4,2,8,1,4,3,3,3,1,2,4,3,3,2,1,2,6
1954,1,0,1,3,2,6,1,3,3,1,3,3,4,3,1,1,1,1
1957,4,5,1,2,1,9,6,2,2,1,2,3,2,3,0,2,1,5
1958,0,2,2,3,1,5,9,3,4,1,2,3,2,2,1,2,1,6
1960,3,5,3,1,2,4,1,3,3,2,3,4,4,3,2,1,1,8
1964,5,6,8,10,1,9,6,2,2,1,3,2,2,2,1,2,1,2
1966,5,1,2,5,1,1,5,3,2,1,3,2,3,1,1,2,1,1
1976,2,2,1,6,1,4,6,3,2,2,3,5,4,2,0,1,1,6
1977,1,4,2,1,2,4,3,3,3,1,3,3,3,3,2,1,1,2
1983,5,7,8,1,1,6,3,3,3,2,3,3,2,2,1,2,1,8
1985,4,2,9,8,6,4,1,3,2,2,2,2,2,2,0,1,1,5
1993,3,0,3,2,2,3,9,3,4,1,2,3,3,3,1,2,1,1
1997,4,0,2,10,1,4,5,2,1,2,3,2,3,2,1,1,1,2
1999,4,4,2,7,1,4,1,3,3,1,3,2,3,2,0,1,1,5
2002,5,2,1,6,1,4,3,3,3,1,2,3,4,3,1,1,1,5
2007,4,4,2,6,1,4,3,2,2,2,3,2,2,2,0,1,2,8
2008,4,3,10,2,5,4,3,3,3,1,3,3,2,3,0,2,1,2
2010,4,1,3,6,3,4,5,3,2,1,1,4,3,3,1,2,1,6
2012,4,0,1,3,2,4,1,2,2,1,2,2,2,2,1,1,1,8
2013,1,7,4,2,1,6,4,3,3,1,3,3,3,4,1,2,1,2
2018,3,0,3,1,3,4,5,3,3,2,2,3,3,3,2,1,1,5
2021,5,7,1,3,1,1,5,3,3,1,3,3,3,3,1,2,1,6
2022,3,4,3,1,3,4,6,2,2,2,3,3,2,3,1,1,1,5
2024,0,0,2,6,1,4,6,2,2,1,3,3,2,2,1,1,2,6
2030,4,0,1,6,1,4,1,3,4,2,3,4,2,3,3,2,1,1
2031,0,3,2,7,1,3,4,3,2,2,2,4,4,4,1,2,1,2
2033,0,7,2,1,1,9,4,3,2,1,2,3,2,3,1,2,1,5
2037,3,4,1,2,1,6,9,3,3,1,3,3,3,4,0,1,1,6
2038,4,4,1,2,1,4,3,3,2,1,3,4,2,3,3,1,1,2
2042,3,2,2,1,1,6,9,2,2,1,3,3,3,3,1,1,1,5
2044,1,2,3,1,1,4,3,2,1,1,2,2,2,3,1,1,1,6
2047,1,4,8,1,1,4,3,2,2,1,3,2,2,2,1,1,1,6
2052,0,0,2,1,1,6,3,4,4,1,2,4,2,4,3,1,1,1
2054,1,0,8,3,1,3,4,3,3,1,3,3,2,3,1,1,1,6
2059,2,0,6,1,1,3,4,4,4,1,2,3,4,3,2,2,2,2
2060,4,3,8,1,1,5,4,3,2,1,3,2,2,2,1,2,1,2
2064,4,4,6,9,1,3,4,3,2,1,3,4,2,2,0,1,1,5
2065,4,0,1,8,3,4,6,2,2,2,2,2,1,1,0,1,1,1
2067,0,5,1,9,9,4,5,2,2,1,2,3,2,3,0,2,1,6
2070,1,2,2,1,1,4,1,3,3,1,3,2,2,3,1,1,1,2
2071,1,0,6,3,2,3,6,3,4,1,2,3,4,1,3,2,1,1
2074,3,0,2,8,1,4,3,3,3,1,3,3,2,3,1,1,1,1
2075,2,0,2,3,1,6,4,2,3,2,2,2,3,2,1,2,1,1
2076,4,2,2,3,1,6,9,3,3,1,3,2,2,3,0,2,1,5
2078,4,5,2,9,1,1,9,3,3,1,3,2,4,2,1,2,1,6
2080,5,2,3,1,2,6,1,2,1,3,2,3,2,1,1,2,1,6
2083,1,4,1,3,1,4,6,3,3,1,3,2,3,2,0,1,1,5
2084,3,2,8,3,4,4,5,3,3,1,3,3,2,3,1,1,1,8
2086,3,4,2,10,1,4,3,3,2,1,2,2,3,3,2,1,1,5
2089,4,0,6,9,1,1,4,2,2,2,2,2,3,1,1,1,1,5
2092,1,0,2,1,1,6,9,2,2,2,2,3,2,2,2,2,2,5
2093,4,4,1,6,1,5,4,3,3,2,3,3,2,1,0,1,1,6
2094,4,2,2,6,2,3,5,3,3,1,2,4,3,4,1,1,1,5
2097,1,2,2,7,1,3,4,3,3,1,2,2,2,3,0,2,1,6
2098,1,4,1,2,1,1,6,4,3,1,2,4,4,5,0,1,1,2
2099,3,0,8,5,2,6,7,2,1,2,2,3,3,4,1,1,1,1
2100,4,0,9,2,6,4,3,3,2,2,4,2,3,1,0,1,1,8
2101,4,0,8,9,1,3,5,3,4,2,3,2,4,2,3,2,1,6
2108,4,5,2,6,1,1,4,2,2,2,3,4,3,4,0,2,1,5
2109,4,1,2,1,3,4,3,3,3,2,2,2,3,3,1,2,1,1
2118,1,2,1,9,1,4,3,3,3,1,2,3,3,2,1,1,1,5
2121,5,7,8,10,4,4,3,3,3,2,2,2,1,1,0,1,1,6
2122,4,0,2,1,1,9,5,3,4,1,2,3,3,1,0,2,1,6
2128,4,5,8,3,4,4,5,3,3,1,3,4,2,2,2,1,1,8
2129,5,7,2,1,2,5,3,2,3,2,2,2,2,3,0,2,1,8
2130,4,0,9,8,1,4,5,3,4,1,3,3,3,4,2,1,1,6
2133,1,0,2,8,1,4,5,3,2,1,2,4,3,3,2,2,1,6
2134,4,1,2,1,1,3,4,2,2,2,3,2,3,2,1,2,1,8
2135,2,0,1,8,2,4,6,2,2,1,3,2,2,2,1,1,1,6
2136,5,2,1,3,1,6,5,3,3,1,2,2,2,2,1,2,1,5
2137,1,4,1,3,1,4,3,2,2,2,2,3,3,3,2,1,1,8
2139,4,7,1,2,2,6,3,2,3,1,3,4,1,1,1,1,1,5
2140,0,2,4,2,1,1,4,3,4,2,3,4,2,1,1,2,1,4
2146,4,0,1,6,3,1,9,3,4,2,3,3,3,3,0,2,1,1
2148,4,4,9,3,3,4,3,2,2,1,2,3,2,2,3,1,2,5
2149,4,4,8,2,1,3,4,2,2,1,3,3,2,3,0,1,2,5
2153,5,2,1,2,1,3,2,3,4,1,4,3,3,2,1,2,1,6
2154,4,2,1,3,4,3,4,2,2,2,2,2,2,3,2,1,1,1
2156,4,0,2,9,1,4,5,2,1,1,3,3,4,2,1,1,2,6
2157,1,5,1,6,1,3,1,3,2,2,3,3,3,3,2,2,1,2
2158,1,2,2,1,1,3,1,2,2,2,3,3,2,2,2,2,1,6
2159,4,0,8,1,1,6,4,2,3,1,3,2,2,1,0,1,1,8
2162,1,7,2,1,1,4,1,3,4,2,4,3,2,3,0,1,1,2
2165,5,6,3,1,2,4,5,3,2,3,3,2,3,2,1,2,1,1
2166,0,5,2,6,1,3,4,3,3,1,3,3,2,2,0,2,1,8
2167,4,4,1,9,3,1,4,2,3,2,2,3,3,3,2,1,1,6
2168,3,1,2,1,1,4,5,3,3,1,2,4,4,3,0,2,1,6
2172,5,2,1,7,1,6,3,2,2,2,2,2,3,1,1,2,1,5
2173,4,4,7,9,1,4,3,2,1,1,2,3,3,3,2,1,2,5
2174,1,7,1,2,1,5,1,3,2,2,3,2,2,2,0,2,1,5
2176,5,1,2,1,1,6,1,3,3,2,2,2,2,3,1,2,2,2
2179,4,6,1,8,2,3,6,3,5,2,3,3,3,3,0,1,1,8
2181,2,4,8,10,1,3,1,3,2,1,3,4,3,4,2,2,1,5
2183,3,1,1,2,1,5,6,3,3,1,3,3,2,2,1,2,1,6
2191,4,0,3,9,3,9,3,2,2,1,2,3,2,2,1,1,1,5
2193,4,2,2,7,6,3,1,3,3,1,2,2,3,2,1,2,1,5
2194,2,4,6,1,8,4,1,2,2,2,2,2,3,3,1,1,1,5
2198,0,5,2,3,2,1,9,2,3,2,2,3,3,3,2,2,1,5
2200,2,4,9,8,1,4,3,3,3,1,2,4,2,2,0,1,2,5
2201,3,1,1,8,3,4,5,3,2,2,2,1,2,2,1,2,1,1
2202,4,7,1,5,1,3,6,3,2,1,2,4,5,5,0,2,1,6
2203,0,0,8,2,1,9,6,2,1,1,3,4,2,2,0,2,1,8
2206,1,4,8,6,1,6,5,4,4,1,3,4,4,4,2,2,1,8
2210,1,5,8,9,3,6,5,2,2,2,2,2,2,2,1,1,1,5
2215,1,0,1,3,4,9,6,3,3,1,3,3,3,3,0,1,1,6
2216,4,2,2,1,3,1,4,3,2,1,3,3,3,3,1,1,1,6
2217,5,0,2,1,1,2,1,3,3,2,3,2,3,2,0,2,1,5
2218,3,3,2,6,1,4,2,3,3,1,2,3,4,2,1,2,1,2
2219,1,0,1,2,2,5,7,2,2,1,3,2,2,2,1,2,2,8
2221,2,2,3,9,3,4,5,2,2,2,2,2,2,2,1,1,1,1
2224,4,0,1,2,2,3,6,3,3,1,3,4,3,3,0,1,1,5
2225,4,0,2,1,1,4,3,3,3,2,2,3,3,3,2,1,1,6
2227,4,0,8,6,3,4,2,3,2,2,2,2,4,3,1,2,1,5
2228,3,6,1,2,1,4,3,3,2,1,3,3,2,4,2,1,2,6
2231,1,7,6,1,7,3,1,2,3,1,3,3,2,2,1,2,1,6
2232,1,7,2,3,8,6,9,3,2,1,3,2,3,3,1,2,1,5
2233,4,0,1,2,1,4,3,3,3,2,3,4,3,2,1,1,1,5
2234,4,2,1,8,1,1,4,3,3,2,3,3,3,3,1,1,1,8
2238,4,4,2,3,2,4,3,2,2,1,2,2,3,2,2,1,1,5
2246,1,1,2,7,1,5,9,3,3,2,2,3,3,2,1,2,1,1
2248,4,3,1,2,1,5,4,3,3,1,2,2,2,2,0,2,1,2
2250,4,2,3,1,3,5,3,3,2,1,3,3,3,3,1,2,1,2
2251,1,0,1,6,1,3,5,3,3,1,2,2,3,3,3,2,1,6
2253,4,0,6,2,1,6,4,3,3,1,3,3,3,3,0,2,1,6
2254,3,3,6,9,4,3,1,3,3,1,3,3,3,4,2,2,1,2
2255,4,2,2,8,1,4,6,2,2,2,2,3,3,2,1,1,1,6
2256,3,4,7,1,8,4,1,3,3,1,4,3,3,2,2,1,1,6
2257,5,0,1,3,1,4,6,4,4,1,3,4,4,3,1,1,1,5
2258,4,5,4,10,1,3,4,3,3,1,2,3,3,3,2,1,2,8
2260,2,0,1,8,2,4,3,3,2,1,3,3,3,3,2,1,2,5
2263,4,6,2,8,1,5,4,3,2,2,3,3,2,3,2,2,1,5
2266,4,5,3,9,2,9,1,3,3,2,3,2,2,2,0,2,1,1
2271,0,4,1,2,1,5,4,3,2,1,3,2,2,4,2,1,1,1
2276,1,2,1,7,1,6,1,2,2,2,3,2,2,1,0,2,1,5
2277,4,0,10,5,1,5,8,3,3,2,2,2,3,3,2,2,1,6
2279,4,0,2,3,1,6,3,3,3,2,2,3,2,2,0,2,2,5
2280,4,2,2,6,1,3,1,4,4,1,4,3,3,4,1,2,1,1
2281,5,4,1,2,2,4,1,3,2,1,3,1,2,5,2,1,1,5
2283,1,5,8,1,6,4,5,2,2,2,2,3,3,3,2,1,1,6
2286,0,4,6,2,1,4,1,3,2,1,2,4,3,3,1,1,1,5
2288,1,5,1,2,1,4,5,2,2,1,3,3,2,3,0,1,1,6
2290,4,4,2,10,1,4,1,2,1,2,2,1,3,1,3,1,1,6
2292,1,0,2,3,1,6,9,2,2,1,2,3,3,3,0,2,1,1
2294,4,2,1,2,1,4,5,3,3,1,4,3,4,3,1,2,1,5
2295,4,2,6,3,1,4,1,2,2,1,3,2,3,3,1,1,1,1
2296,1,5,4,1,1,4,1,4,3,2,2,3,4,3,2,1,1,2
2297,1,1,2,1,1,4,2,3,2,1,2,3,3,2,1,2,1,5
2298,1,4,1,8,1,4,1,3,2,3,2,4,4,4,0,1,1,5
2305,5,0,2,3,2,4,5,2,3,1,2,3,2,2,0,1,2,8
2309,1,4,1,6,1,4,5,2,2,2,3,3,2,2,0,1,1,6
2310,4,0,1,8,1,4,6,2,1,1,3,3,2,2,3,1,1,8
2311,4,4,1,3,2,4,3,2,2,2,2,3,2,3,0,1,1,5
2313,1,4,2,6,1,4,6,2,1,2,4,4,2,4,0,1,1,1
2315,5,5,1,8,1,3,2,3,3,2,3,2,3,3,1,2,1,4
2316,4,1,1,10,1,8,4,3,4,1,3,4,3,2,1,1,1,1
2321,1,0,2,10,1,6,5,4,4,1,2,4,3,2,1,2,1,1
2326,3,4,8,2,1,4,1,2,1,2,2,1,3,2,1,1,1,5
2327,2,0,2,8,1,9,6,3,3,2,3,3,3,2,0,2,1,5
2329,1,2,5,1,4,4,1,3,3,1,2,3,3,4,0,1,1,6
2331,5,4,1,8,1,4,3,2,2,2,3,2,2,2,0,1,1,1
2332,1,5,1,6,1,9,5,3,4,2,2,4,2,4,2,2,1,1
2335,4,0,1,8,5,4,2,2,2,1,3,3,2,2,0,1,2,5
2337,4,2,2,6,1,3,4,3,3,1,3,4,3,3,3,2,1,5
2342,4,0,7,2,1,6,3,3,3,2,2,3,2,2,3,2,1,5
2347,5,2,8,6,1,4,5,3,3,1,2,2,3,3,1,1,1,5
2349,2,2,2,1,1,6,3,3,3,1,2,3,3,1,1,2,1,5
2351,1,4,3,2,6,4,5,3,3,2,2,3,2,2,0,1,1,8
2354,4,3,1,8,1,1,6,3,2,1,2,2,2,2,0,2,2,1
2355,3,2,8,9,1,5,6,3,2,1,3,3,3,3,1,2,1,2
2356,5,5,2,8,1,3,1,3,3,2,3,3,2,2,1,2,1,5
2357,4,0,1,2,1,5,4,3,3,2,2,2,3,3,3,2,1,1
2361,4,0,1,3,2,4,3,3,3,2,2,2,2,3,2,1,1,6
2372,1,7,2,1,1,3,6,3,4,2,2,2,2,2,1,2,1,5
2378,1,0,8,1,2,4,3,3,2,1,2,3,2,4,1,1,1,5
2380,3,0,3,8,3,4,1,3,3,1,2,3,3,2,0,1,1,5
2382,1,0,2,8,4,4,5,3,3,1,3,3,3,2,1,1,1,2
2385,4,0,2,10,1,4,1,2,2,2,3,2,3,3,3,1,1,5
2387,4,5,1,8,3,5,9,3,2,1,2,3,3,3,2,2,1,6
2388,5,4,2,1,1,6,1,3,4,2,3,4,3,4,0,1,1,8
2389,1,2,2,4,1,8,2,3,4,2,2,3,3,3,1,2,1,4
2391,3,0,2,9,1,6,9,3,4,2,2,4,4,3,2,2,1,5
2393,4,2,1,8,1,5,6,3,3,1,3,3,3,2,1,2,1,1
2398,0,2,6,2,1,5,2,3,2,2,3,2,3,2,1,2,1,5
2399,2,5,3,2,1,3,5,2,2,1,3,2,2,3,2,2,1,5
2400,0,0,6,10,7,1,6,3,3,1,2,3,3,3,1,2,1,6
2402,4,7,3,8,2,9,6,3,4,2,2,2,3,2,3,1,2,5
2404,4,0,5,8,1,4,6,2,3,2,3,3,3,3,0,1,1,5
2405,2,4,2,1,1,3,7,3,3,1,3,3,3,3,2,1,1,1
2407,5,2,6,10,1,4,3,2,1,2,1,2,2,3,1,1,1,6
2408,0,0,2,8,1,3,4,3,3,2,3,5,3,3,0,2,1,6
2410,3,2,1,2,7,4,5,3,3,1,2,3,4,3,1,1,1,5
2416,4,2,1,2,1,6,3,2,2,2,1,2,2,2,1,2,1,5
2418,4,0,2,8,1,5,9,2,2,2,3,3,2,1,0,2,1,8
2419,1,2,8,6,1,3,4,4,4,1,3,4,4,3,1,2,1,6
2421,4,2,1,8,1,2,9,2,3,1,3,3,3,2,0,2,1,5
2422,5,3,2,9,1,5,3,3,2,3,2,2,3,2,1,2,1,6
2425,4,0,1,2,1,3,4,3,3,1,2,2,3,3,1,2,1,6
2429,4,6,1,3,1,9,5,3,2,1,2,2,2,1,0,2,1,1
2430,4,2,3,1,2,6,4,3,3,1,2,3,2,2,3,2,1,6
2436,5,4,8,2,3,4,1,3,3,1,2,3,4,4,2,1,1,6
2437,4,4,1,8,1,4,1,4,3,1,3,4,2,2,3,1,1,6
2439,3,4,3,1,2,9,6,3,4,1,2,3,2,3,0,1,1,8
2440,5,2,6,2,2,1,5,3,2,2,2,2,3,3,1,2,1,1
2441,3,2,2,10,1,4,3,3,2,1,3,3,3,4,0,1,1,6
2443,4,0,1,3,6,4,3,3,2,1,2,2,2,3,0,1,1,5
2449,4,0,8,3,1,4,5,2,2,1,3,3,2,2,0,1,1,6
2450,4,4,2,8,1,4,3,2,2,2,3,3,3,2,0,1,2,8
2452,3,5,1,8,1,4,3,3,3,2,3,4,2,2,1,1,1,5
2453,4,0,1,8,1,4,1,4,4,1,3,3,3,3,1,1,1,5
2454,2,7,1,8,1,4,6,3,3,2,3,2,2,1,1,1,1,6
2458,1,4,1,2,1,4,3,3,2,1,3,3,4,2,2,1,1,6
2459,1,0,1,7,3,4,5,2,2,1,3,1,2,2,0,1,1,6
2460,1,4,8,9,4,4,6,3,4,1,2,2,2,3,2,1,1,1
2462,4,6,1,4,1,4,3,3,3,2,3,4,3,1,1,1,1,6
2468,0,1,1,2,1,9,6,3,3,1,3,2,3,1,1,2,1,6
2470,4,5,1,8,8,4,5,3,2,1,3,4,4,2,2,1,1,6
2475,1,5,8,3,7,4,3,3,4,1,5,3,3,3,1,1,1,5
2476,4,4,9,6,1,4,5,2,2,1,2,3,3,3,2,1,2,6
2481,1,2,1,6,1,6,4,3,3,2,3,2,3,3,0,1,1,6
2483,1,2,1,3,1,4,5,2,3,2,3,3,3,2,2,1,1,2
2485,5,0,8,2,1,1,3,3,2,1,2,3,3,2,1,2,1,6
2487,0,0,2,1,1,4,5,3,2,1,2,3,2,2,0,2,1,5
2488,1,2,3,6,8,1,6,3,2,2,2,2,3,3,1,2,1,5
2489,3,2,1,6,1,6,3,4,3,1,3,4,3,3,1,2,1,6
2490,1,2,1,2,1,4,3,2,2,2,3,3,3,2,1,2,1,8
2491,3,5,2,1,1,6,4,3,3,2,4,3,3,4,0,2,1,5
2492,4,4,2,3,1,3,5,2,2,1,2,3,2,1,3,2,1,5
2495,1,4,2,10,1,4,3,2,3,1,3,3,2,3,0,1,1,8
2497,3,4,1,9,2,4,5,2,2,2,2,3,2,2,0,1,1,5
2499,3,4,7,1,1,4,5,3,3,2,3,3,2,4,0,1,1,6
2507,3,0,3,6,1,3,4,2,2,1,3,2,2,2,0,1,1,6
2508,3,4,2,8,1,9,4,3,3,1,4,3,3,3,2,1,1,6
2511,1,2,1,8,1,3,4,3,3,2,2,3,3,2,1,1,1,5
2512,1,7,4,1,5,4,3,2,1,1,2,2,2,3,3,1,1,5
2517,5,4,3,2,2,4,3,3,4,1,2,4,3,5,1,1,1,2
2519,2,5,9,1,1,3,6,3,3,1,3,2,3,4,2,2,1,6
2525,4,4,1,3,1,4,3,3,3,1,2,4,4,2,3,1,1,8
2526,5,5,2,9,3,5,9,3,3,2,2,2,3,2,1,2,1,1
2528,4,0,2,9,1,4,3,3,2,2,3,3,2,2,0,1,1,8
2529,0,2,2,3,2,1,4,3,3,1,2,3,2,3,0,2,1,5
2530,3,5,2,1,1,1,4,4,4,2,2,2,3,3,2,2,1,5
2532,3,0,8,2,1,9,6,3,3,1,2,2,1,2,0,1,1,6
2533,4,4,1,2,1,4,6,3,3,1,3,3,2,2,1,1,1,6
2535,1,5,2,1,1,4,5,3,2,1,3,2,3,2,0,1,1,5
2537,4,2,1,9,6,4,5,3,3,1,3,3,2,2,0,2,2,5
2540,0,7,6,8,7,1,3,2,2,2,2,3,4,2,1,2,1,5
2541,1,5,1,9,1,3,6,2,2,2,3,2,1,1,0,2,2,5
2542,0,1,2,3,1,6,5,3,3,2,2,2,3,2,1,2,1,8
2543,3,1,2,3,1,9,1,3,3,1,3,3,3,1,1,2,1,5
2544,4,7,3,9,2,6,9,2,2,2,2,2,1,3,0,2,2,5
2545,1,6,1,8,1,4,3,2,2,1,2,2,2,3,0,2,1,5
2546,4,0,1,3,1,4,6,2,2,2,2,2,2,2,1,1,2,5
2548,1,5,2,1,1,5,3,3,2,1,3,3,2,3,2,2,1,2
2549,5,4,6,3,4,4,6,3,4,2,3,3,3,2,1,1,1,8
2552,5,5,1,3,1,6,9,3,4,3,2,3,3,3,2,2,1,5
2554,1,5,8,2,1,3,5,4,4,1,1,4,3,4,2,2,1,5
2557,1,7,4,10,1,1,4,3,3,1,2,3,3,3,1,1,1,5
2559,4,2,8,9,1,3,5,3,3,1,3,3,3,3,1,2,1,5
2560,4,2,1,6,3,6,4,3,3,2,3,1,2,4,0,2,1,5
2562,0,0,1,3,1,4,3,2,2,1,2,2,2,3,1,1,1,5
2566,4,2,2,6,1,1,5,3,3,2,3,2,2,2,0,2,1,5
2570,0,0,6,1,1,6,4,3,3,2,3,3,2,2,0,2,1,5
2574,0,6,2,3,6,3,4,3,4,2,3,3,2,2,0,1,1,2
2575,2,2,1,6,3,6,3,3,2,1,2,2,3,2,1,2,1,5
2577,2,4,8,7,4,4,2,3,3,1,3,3,2,2,2,1,1,6
2580,1,5,2,1,1,4,1,3,3,1,3,3,3,3,2,2,1,1
2582,1,4,1,3,1,6,4,4,5,2,3,1,3,2,1,2,1,5
2584,5,5,8,2,1,4,3,2,1,1,3,2,2,1,3,1,1,5
2585,4,0,3,1,7,6,1,3,3,2,2,3,2,3,2,2,1,6
2586,0,0,8,1,1,9,6,3,3,1,3,4,2,3,0,2,1,5
2587,4,0,4,2,5,4,3,3,3,1,2,2,3,2,0,1,1,8
2590,1,7,6,2,4,3,9,3,4,1,3,4,2,1,1,2,1,5
2591,4,0,8,2,1,4,5,2,2,2,3,3,3,2,0,1,1,1
2592,4,4,2,3,1,1,4,4,3,1,3,3,4,4,3,1,1,6
2594,1,5,2,6,1,3,6,3,3,1,3,2,3,4,2,2,1,6
2596,4,4,3,1,1,4,1,1,1,2,2,3,2,1,0,1,1,5
2598,2,4,2,10,1,4,3,3,3,1,2,2,3,2,1,1,1,5
2599,5,2,1,2,1,3,5,3,3,1,3,3,3,2,1,2,1,6
2600,1,2,1,2,1,4,6,3,4,1,3,3,3,3,1,2,1,1
2602,4,5,2,1,1,4,3,3,2,1,2,3,3,4,2,1,1,2
2606,3,1,9,2,6,4,6,3,2,2,3,3,4,3,1,2,1,6
2611,5,4,1,8,1,4,1,3,3,2,2,4,3,4,0,1,1,6
2613,5,2,8,1,1,4,5,2,2,2,2,2,2,2,0,1,1,8
2615,4,2,6,2,1,5,1,2,2,2,3,3,2,1,0,2,2,6
2617,3,0,2,1,1,4,3,2,2,2,3,2,2,3,1,1,1,5
2619,4,0,2,1,1,4,6,3,3,1,3,3,4,3,1,1,1,5
2625,4,0,2,1,1,4,3,2,3,2,2,2,1,2,0,1,1,8
2631,0,0,3,9,1,4,5,3,3,1,3,3,2,4,3,2,1,6
2632,3,5,1,3,2,1,5,3,3,2,2,3,3,3,2,1,1,5
2636,5,0,2,1,1,6,3,3,2,2,2,3,2,3,1,2,1,5
2637,4,0,8,1,1,4,3,3,2,2,4,3,3,3,0,1,1,6
2638,4,2,3,2,2,4,5,3,3,1,3,3,3,3,1,1,1,5
2639,4,0,1,3,2,4,9,3,3,1,3,4,2,2,0,1,1,5
2643,4,3,2,1,4,5,2,3,3,1,3,4,3,4,0,2,1,6
2644,4,1,3,9,1,4,5,3,2,2,2,3,3,2,1,1,1,6
2645,0,2,1,2,8,4,2,2,1,2,2,2,2,1,0,2,1,2
2646,1,5,3,6,1,5,9,4,4,1,2,3,3,4,2,2,1,8
2647,4,0,8,2,1,3,2,2,1,1,3,2,2,2,0,2,1,6
2649,1,4,1,3,1,4,5,3,4,2,2,5,1,1,0,1,2,6
2651,4,2,3,10,2,2,4,3,2,2,3,4,2,3,1,2,2,5
2653,0,2,3,8,1,4,6,3,2,3,3,3,2,3,0,1,1,1
2655,4,5,2,6,1,4,4,3,3,1,2,2,3,3,2,2,1,5
2656,3,0,3,1,1,4,5,3,3,1,3,3,3,2,1,1,1,5
2662,4,0,2,1,1,3,5,2,3,1,3,2,2,1,0,2,1,5
2668,1,4,3,5,1,5,4,3,3,1,2,4,3,3,2,1,1,5
2671,5,0,2,1,1,5,9,2,2,2,3,3,3,2,0,2,2,1
2673,0,0,4,1,1,4,3,4,5,1,3,5,4,2,0,1,1,6
2674,3,3,2,1,1,5,4,2,3,2,2,2,2,2,1,2,1,5
2675,4,4,1,8,1,4,5,3,3,1,3,3,2,3,2,1,2,5
2678,0,2,2,1,1,9,5,3,3,1,4,3,3,3,3,2,1,6
2680,4,2,1,8,3,5,9,3,3,2,3,2,2,4,2,2,1,5
2681,5,2,8,2,1,4,9,3,2,2,3,3,3,3,2,2,1,5
2684,1,4,7,3,1,3,4,3,2,1,3,3,2,3,0,1,1,8
2687,1,7,1,9,1,9,3,3,2,2,3,3,3,3,1,2,1,5
2691,4,3,1,9,1,4,5,3,3,2,3,2,2,2,0,2,2,2
2693,4,0,1,3,1,4,5,3,3,1,3,2,2,3,0,1,1,5
2694,4,2,1,8,2,6,3,3,2,2,2,3,4,3,1,2,2,5
2697,1,2,6,9,4,7,1,3,3,2,1,3,4,3,1,2,1,1
2700,4,5,6,2,4,3,4,3,2,2,4,3,2,3,2,2,1,6
2701,1,0,1,2,1,3,1,3,3,1,2,2,3,2,1,2,1,6
2702,0,3,3,1,2,4,7,3,3,2,2,3,4,3,1,1,1,2
2704,5,2,1,2,1,6,9,3,3,2,3,3,3,3,0,2,1,1
2705,5,4,2,9,2,3,2,3,2,2,2,2,2,3,1,2,1,2
2707,4,7,4,8,1,6,4,3,2,1,3,3,2,3,0,2,1,2
2708,4,4,3,8,1,2,5,3,3,2,2,2,3,4,2,1,1,5
2711,1,2,1,7,1,1,3,3,3,1,3,3,3,2,1,2,1,6
2716,0,0,1,2,2,5,1,3,3,1,2,3,2,2,0,2,1,1
2717,1,5,6,8,1,3,6,3,3,2,2,2,2,3,0,2,1,5
2719,0,0,9,2,2,4,3,2,1,2,3,2,3,3,1,1,1,5
2720,4,7,1,2,1,1,4,3,3,1,2,3,2,3,2,1,1,5
2726,4,4,8,5,1,3,4,3,2,1,2,3,3,3,2,1,1,2
2728,4,0,2,8,1,3,4,3,2,1,3,3,2,2,0,2,2,1
2729,4,2,1,8,4,5,4,3,2,2,3,2,2,2,1,2,1,5
2733,2,3,8,1,1,1,4,3,4,2,3,3,2,2,1,2,1,2
2737,2,4,6,1,1,4,1,3,3,2,2,3,3,2,0,1,1,1
2738,4,3,1,4,1,4,3,3,3,1,3,3,3,2,1,1,1,2
2739,4,2,3,5,1,4,5,3,3,1,3,4,2,2,0,1,1,5
2740,5,2,2,9,6,4,3,2,1,1,3,4,3,3,1,1,1,5
2741,4,3,1,10,1,1,3,3,3,2,2,3,3,3,1,2,1,2
2742,4,7,3,9,1,1,5,2,1,2,3,2,2,3,2,2,1,8
2743,4,4,1,2,1,4,2,3,3,1,3,3,3,3,1,1,1,5
2744,4,5,8,2,1,1,3,4,4,1,3,4,3,4,2,2,1,5
2749,1,5,9,3,1,6,3,3,3,2,2,2,3,2,0,2,1,5
2752,4,1,1,8,1,1,3,3,2,1,3,2,2,3,1,2,1,6
2755,0,0,2,6,1,4,3,2,2,2,2,2,2,2,0,2,1,8
2760,4,0,1,7,3,5,3,2,2,1,2,2,2,3,2,2,1,5
2761,4,4,1,2,1,1,3,3,3,2,3,3,2,3,0,1,1,8
2762,4,2,1,3,2,9,1,3,3,1,3,4,3,3,1,2,1,6
2764,4,0,2,1,1,5,4,3,3,2,3,3,2,1,0,2,1,8
2765,4,4,2,1,1,4,6,3,3,1,3,2,3,3,2,1,1,5
2766,4,4,1,8,1,3,4,3,4,1,3,4,3,2,3,1,1,8
2767,3,1,2,3,1,4,1,4,3,2,2,5,3,2,1,1,1,6
2768,4,4,1,2,1,5,6,3,4,1,2,2,2,2,0,1,1,5
2771,4,5,6,10,1,3,6,3,2,2,2,2,2,2,0,2,2,8
2772,5,5,2,3,1,5,4,3,2,1,2,3,3,3,1,2,1,8
2773,4,4,3,1,2,4,5,2,2,1,4,2,2,2,0,1,1,8
2774,2,2,1,7,7,4,1,3,3,2,3,3,3,2,0,1,1,5
2779,4,5,2,5,1,1,4,3,3,1,4,3,3,4,2,1,1,8
2780,4,0,3,8,1,4,7,2,2,1,3,3,2,2,0,2,1,6
2784,5,2,1,2,1,5,6,3,3,1,3,2,2,3,1,2,1,1
2788,4,0,1,3,1,4,7,2,2,2,3,2,1,2,3,1,1,6
2794,1,1,2,1,3,4,2,3,3,1,3,4,4,4,1,1,1,6
2797,4,0,2,1,1,3,6,3,3,2,2,3,2,2,1,2,1,2
2800,1,0,2,5,1,4,1,3,3,1,2,3,4,3,1,2,1,6
2801,3,4,3,5,2,3,2,3,3,1,3,3,3,3,2,2,1,6
2805,0,2,2,3,1,4,3,3,3,2,2,3,3,2,0,2,1,8
2809,1,4,1,2,1,4,5,3,3,1,3,4,2,3,2,1,1,5
2810,4,0,2,6,1,9,1,3,3,2,2,4,4,3,1,2,1,2
2811,1,4,1,2,1,4,6,3,3,1,3,3,3,3,0,1,1,5
2812,4,0,8,1,3,1,5,2,2,1,2,2,2,2,2,2,1,6
2817,4,5,2,1,1,5,4,3,3,1,2,3,3,3,2,2,1,6
2822,4,2,3,2,3,5,1,2,2,2,2,2,2,3,2,2,1,5
2827,1,1,2,8,1,1,4,3,3,1,3,4,2,2,0,2,1,5
2832,0,0,2,8,1,9,4,3,4,2,3,2,2,1,0,2,1,5
2833,1,4,2,8,3,4,1,3,2,1,2,2,4,3,1,1,1,8
2834,1,4,3,2,2,4,3,2,1,1,2,4,2,2,0,1,2,8
2836,1,1,1,8,1,5,4,3,3,1,2,2,4,2,1,2,1,6
2837,4,0,2,10,1,4,1,3,2,2,3,3,2,3,0,1,1,5
2838,4,0,3,1,1,4,1,3,3,2,2,3,2,2,0,1,2,6
2839,4,5,1,4,1,1,3,3,3,2,4,3,3,2,0,2,1,6
2840,1,3,1,2,1,4,1,3,3,1,3,4,4,4,1,1,1,6
2841,2,0,5,2,7,4,6,4,4,1,3,3,3,3,0,2,1,6
2842,4,4,8,10,1,4,6,3,2,2,3,2,2,3,1,1,1,8
2844,4,2,1,9,3,5,1,3,3,1,3,3,3,3,1,2,1,5
2847,1,1,1,2,1,2,5,3,3,1,2,3,2,2,0,2,1,1
2849,1,2,2,1,1,5,6,4,4,1,3,4,3,2,1,2,1,1
2850,4,7,1,10,1,5,4,3,3,1,3,2,3,2,0,2,1,6
2851,0,1,2,8,1,4,2,3,4,1,2,3,3,3,1,2,1,6
2857,5,1,2,9,1,3,6,2,2,2,2,2,3,2,0,1,1,6
2861,4,0,2,3,1,4,1,3,2,1,2,2,2,4,0,1,1,8
2865,4,0,2,8,1,4,2,2,2,2,2,2,2,2,0,1,2,8
2869,4,0,1,6,1,6,3,2,2,2,3,2,2,1,0,2,1,1
2875,4,4,6,3,4,1,4,3,2,1,2,3,3,4,2,1,1,5
2876,5,2,2,6,1,5,1,3,4,2,3,3,4,2,1,2,1,5
2878,4,2,2,8,1,1,4,2,1,1,3,2,3,2,1,1,1,8
2880,4,4,3,9,1,5,6,2,3,2,1,2,2,2,0,2,1,1
2883,1,0,2,6,1,5,1,3,3,1,2,3,3,3,2,2,1,2
2884,3,0,8,1,1,4,5,3,2,1,3,3,3,3,2,1,1,2
2885,4,4,3,1,3,4,3,3,2,1,3,3,3,3,2,1,1,8
2888,4,2,8,10,7,6,3,3,3,1,3,3,3,3,1,2,1,5
2889,5,5,1,3,1,1,5,2,3,2,2,2,4,4,1,2,1,5
2891,4,0,1,3,9,6,1,3,3,1,2,3,3,4,2,2,2,2
2892,4,2,2,1,1,4,1,3,4,2,3,4,4,3,1,1,1,5
2899,4,2,1,2,1,1,3,3,3,2,2,2,4,2,1,2,1,2
2900,0,0,9,8,1,4,3,3,3,1,3,4,2,2,0,1,1,6
2903,5,1,2,5,1,5,4,3,3,2,2,2,2,2,0,2,1,8
2906,4,1,1,2,1,4,1,3,3,1,3,4,2,2,1,1,1,6
2908,4,5,2,3,3,2,4,3,3,1,3,3,4,3,2,2,1,5
2911,4,2,1,8,1,6,3,3,2,2,3,2,2,2,1,2,1,5
2914,4,6,1,8,1,4,3,2,2,1,2,3,2,2,1,1,1,6
2915,4,7,6,2,1,4,5,2,2,2,3,2,2,2,1,1,1,2
2918,4,7,1,2,1,1,5,3,3,1,3,4,4,4,1,2,1,1
2921,1,7,1,2,1,1,2,3,3,1,1,2,3,3,1,2,1,5
2924,5,2,3,8,1,1,5,2,2,1,2,3,2,2,2,2,1,6
2927,4,4,8,7,1,4,3,4,4,1,2,3,2,3,1,1,1,8
2930,3,0,3,6,1,4,5,2,2,2,2,3,3,1,0,1,1,6
2931,0,2,1,4,1,4,8,2,3,1,3,2,2,2,0,1,1,5
2932,4,6,2,9,1,4,1,2,2,2,2,2,2,3,2,1,2,6
2937,3,2,1,2,1,5,4,2,1,2,2,2,2,2,1,2,1,6
2940,1,5,8,2,1,3,5,3,4,1,3,3,4,3,3,2,1,5
2941,4,1,6,2,1,3,9,3,3,2,3,1,2,2,1,2,1,6
2942,4,3,2,9,1,1,3,3,2,2,2,3,3,3,1,2,1,6
2943,4,0,1,3,1,3,4,3,3,1,3,3,3,2,1,2,1,5
2944,2,7,1,3,1,6,2,3,3,1,1,3,2,2,3,2,1,5
2949,2,1,1,6,1,5,1,3,2,2,3,2,2,3,1,2,1,1
2958,4,1,1,8,4,5,4,3,3,1,3,2,3,2,1,2,1,6
2959,5,7,2,1,1,5,6,3,5,2,2,4,1,2,0,2,1,1
2960,5,1,2,1,1,3,4,2,3,2,2,3,4,2,1,2,1,6
2961,0,4,1,6,1,4,1,2,2,1,3,3,3,3,0,1,1,5
2962,4,2,1,8,1,4,5,3,4,2,2,3,3,3,1,1,1,2
2964,4,1,6,1,1,2,6,3,2,1,2,2,2,2,1,2,2,5
2965,4,0,1,3,1,6,9,3,4,2,3,3,2,2,1,2,1,5
2970,0,2,8,2,1,4,9,3,2,1,2,3,2,3,1,1,1,5
2971,4,4,1,8,1,4,6,3,2,1,4,2,2,4,2,1,1,2
2973,4,1,2,8,1,5,9,2,1,1,2,2,1,1,1,2,2,1
2975,2,7,8,3,9,4,3,3,4,2,3,2,2,2,0,1,1,5
2976,4,2,2,9,1,3,1,3,2,1,2,2,1,2,2,2,1,6
2978,3,7,2,6,1,1,3,3,3,1,2,2,3,3,0,2,1,5
2980,4,2,3,1,2,5,1,2,2,1,2,3,3,2,0,2,1,5
2986,4,0,8,1,2,9,5,3,4,2,2,3,2,2,0,2,1,1
2988,1,2,1,6,1,4,6,3,3,2,2,3,3,2,0,1,1,6
2992,1,1,1,2,1,4,1,3,2,2,3,3,3,3,1,2,1,1
2996,4,1,1,2,3,3,6,3,2,2,3,3,3,2,1,2,1,2
2998,5,3,2,1,1,3,5,3,4,1,3,3,2,2,1,2,1,2
3000,1,3,1,3,1,5,3,3,3,3,3,2,3,5,2,2,1,2
