BYAID,BYA01001,BYA02001,BYA02002C1,BYA02002C2,BYA02002C3,BYA02002C4,BYA02002C5,BYA02003,BYA02004,BYA02005,BYA02006,BYA03001,BYA03002,BYA03003,BYA03004,BYA03005C,BYA03006,BYA03007,BYA03008,BYA04001,BYA04003,BYA04004,BYA04005C,BYA04006,BYA05001,BYA05002,BYA05003,BYA05004,BYA05005,BYA05006,BYA05007,BYA05008,BYA05009,BYA05010,BYA05011,BYA05012,BYA05013,BYA06001,BYA06002,BYA06003,BYA06004,BYA06007,BYA06008,BYA06009,BYA06010,BYA06011,BYA06012,BYA06013,BYA06014,BYA06015,BYA07001,BYA07002,BYA08001,BYA08002,BYA08004,BYA08005,BYA08006,BYA08007,BYA08008,BYA08009,BYA08010,BYA08011,BYA08012,BYA08013,BYA08014,BYA08015,BYA08016,BYA08017,BYA08018,BYA08019,BYA08020,BYA08021,BYA08022,BYA08023,BYA08024,BYA08025,BYA08026,BYA08027,BYA08028,BYA08029,BYA08030,BYA08031,BYA08032,BYA08033,BYA08034,BYA08035,BYA09001,BYA09002,BYA09003,BYA09004,BYA09005,BYA09006,BYA09007,BYA09008,BYA09009,BYA09010,BYA09011,BYA09012,BYA09013,BYA09014,BYA09015,BYA09016,BYA09017,BYA09018,BYA09019,BYA09020,BYA09021,BYA09022,BYA09023,BYA09024,BYA09025,BYA09026,BYA09027,BYA09028,BYA10001,BYA10002,BYA10003,BYA10004,BYA10005,BYA10006,BYA10007,BYA10008,BYA10009,BYA10010,BYA10011,BYA10012,BYA10013,BYA10014,BYA10015,BYA10016,BYA10017,BYA10018,BYA10019,BYA10020,BYA10021,BYA10022,BYA10023,BYA10024,BYA10025,BYA10026,BYA10027,BYA10028,BYA10029,BYA10030,BYA10031,BYA10032,BYA10033,BYA10034,BYA10035,BYA10036,BYA10037,BYA10038,BYA10039,BYA10040,BYA10041,BYA10042,BYA10043,BYA10044,BYA10045,BYA10046
201,2,2,-5,-5,-5,-5,-5,1,2,4,1,1,1,2,2,-4,3,3,3,3,3,1,611,2,2,2,3,2,3,2,2,3,2,2,3,3,3,4,7,117,10,82,70,218,98.5,215/221,6,44,1,0,1,48,3,1,2,1,1,3,1,1956,732,24,47,262,228,242,8,8,8,0,6,0,1,9,1,9,13,3,8,3,0,14,0,0,1,246,-5,-5,-5,-5,-5,-5,-5,-5,-5,-5,-5,-5,-5,-5,-5,-5,-5,-5,-5,-5,-5,-5,-5,-5,-5,-5,-5,-5,3631,603033,786,607450,66018,4926,30931,59126,161000,1859000,723646,2582646,4,35445,35449,598,0,0,0,170653,249951,420604,49890,3857637,2636537,265025,40041,6487,115346,16788,0,0,0,310795,0,0,38680,16491,52679,72355,9291,0,0,224986,414482,3805501
202,2,2,-5,-5,-5,-5,-5,2,-5,-5,1,1,2,1,2,-4,3,2,2,1,3,1,712,3,3,3,4,3,2,3,2,4,4,4,4,2,2,20,12,2,4,127,69,4,96.9,186/220,1,1,13,0,1,50,3,1,2,1,1,2,1,1982,610,22,49,158,187,265,5,7,10,0,7,1,0,0,4,21,11,7,5,0,0,15,0,0,0,248,-5,-5,-5,-5,-5,-5,-5,-5,-5,-5,-5,-5,-5,-5,-5,-5,-5,-5,-5,-5,-5,-5,-5,-5,-5,-5,-5,-5,2219,458658,811,461688,0,0,36000,0,36000,2123148,1115055,3238203,61376,0,61376,1042,0,0,0,165344,72295,237639,6771,4042718,2644294,486180,0,2140,19774,2259,1447,0,0,614489,0,0,39679,6829,57525,47591,821,0,0,72333,224778,3995360
203,2,1,70,30,-4,-4,-4,1,3,5,1,1,1,1,1,03,4,3,4,1,2,1,408,4,4,4,4,3,4,4,2,5,4,4,4,3,3,35,193,15,22,190,21,13,97.22,195/221,11,39,20,1,1,42,3,1,2,1,1,2,1,1987,1280,39,79,391,386,503,12,12,15,0,55,0,15,5,21,21,10,2,5,0,0,18,0,0,1,634,-5,-5,-5,-5,-5,-5,-5,-5,-5,-5,-5,-5,-5,-5,-5,-5,-5,-5,-5,-5,-5,-5,-5,-5,-5,-5,-5,-5,5398,1159287,1574,1166258,0,0,33500,0,33500,2342936,836147,3179083,15186,0,15186,16109,0,0,0,893957,485888,1379844,72577,5862557,3650265,261362,76258,5833,139022,1407,0,5556,0,44962,0,0,60690,32374,93130,382139,48336,0,0,607701,1224370,5409034
204,2,1,70,30,-4,-4,-4,2,-5,-5,1,1,1,2,2,-4,4,3,2,2,3,1,408,3,1,2,4,3,3,5,1,4,5,4,4,4,4,16,16,37,54,32,41,3,87,186/221,5,2,0,0,1,49,2,1,2,1,1,3,1,1992,576,18,42,197,188,191,6,6,6,0,7,0,0,2,1,10,11,13,3,2,0,20,0,0,0,203,-5,-5,-5,-5,-5,-5,-5,-5,-5,-5,-5,-5,-5,-5,-5,-5,-5,-5,-5,-5,-5,-5,-5,-5,-5,-5,-5,-5,2767,539372,928,543067,0,0,23700,0,23700,2143121,654449,2797570,36521,18872,55393,2918,0,0,0,180370,41470,221840,1951,3646439,2580363,175870,4797,0,111561,14692,0,0,0,349929,0,0,34523,51269,52281,32688,50117,0,0,140934,361811,3599022
205,2,2,-5,-5,-5,-5,-5,1,2,5,1,1,1,2,1,08,5,4,5,1,2,1,101,2,5,5,5,4,5,5,1,5,5,5,5,4,4,57,20,37,91,53,13,32,99.5,210/221,0,32,0,0,1,45,2,1,2,1,1,3,1,1994,779,24,60,270,255,254,8,8,8,0,7,0,6,11,11,18,8,4,1,1,0,27,0,0,0,258,-5,-5,-5,-5,-5,-5,-5,-5,-5,-5,-5,-5,-5,-5,-5,-5,-5,-5,-5,-5,-5,-5,-5,-5,-5,-5,-5,-5,3631,678901,925,683456,26840,1939,9821,0,38600,2249040,1139759,3388799,55062,0,55062,1195,0,0,0,235419,289712,525131,23233,4715475,2990135,481273,2537,4135,451166,1443,0,0,0,229858,0,0,46170,13716,6702,101826,4160,0,0,260855,433429,4593975
206,2,2,-5,-5,-5,-5,-5,2,-5,-5,1,1,1,2,1,-4,3,3,4,3,3,1,101,3,3,3,4,5,3,3,1,3,3,3,3,3,4,0,53,4,17,88,29,0,96,192/223,5,22,8,0,1,55,3,1,2,1,1,3,1,1941,556,18,35,194,182,180,6,6,6,0,3,0,0,0,5,9,9,4,8,0,0,14,0,0,0,162,-5,-5,-5,-5,-5,-5,-5,-5,-5,-5,-5,-5,-5,-5,-5,-5,-5,-5,-5,-5,-5,-5,-5,-5,-5,-5,-5,-5,2726,431298,593,434617,0,0,3900,0,3900,1512149,506891,2019040,1261,17230,18490,0,0,0,0,132643,129733,262376,17935,2756359,2026407,120835,0,2777,174126,1225,0,0,0,43695,0,0,31440,19334,56260,24369,16019,0,0,193715,341137,2710202
207,2,2,-5,-5,-5,-5,-5,2,-5,-5,1,1,2,2,1,05,3,3,4,1,2,2,-5,3,2,5,3,4,4,4,1,4,4,4,4,3,4,80,90,1,7,62,46,10,97,207/221,7,23,6,0,2,45,2,1,2,1,2,3,1,1995,534,18,37,199,158,177,6,6,6,0,8,1,7,6,4,10,7,0,0,1,0,16,0,0,0,174,-5,-5,-5,-5,-5,-5,-5,-5,-5,-5,-5,-5,-5,-5,-5,-5,-5,-5,-5,-5,-5,-5,-5,-5,-5,-5,-5,-5,2740,436022,503,439265,0,0,10904,0,10904,1308685,1559352,2868037,0,0,0,300,0,0,0,128574,226839,355413,7798,3681716,1771628,338413,64146,0,0,0,0,42000,100,1118182,0,0,27226,3808,29931,59428,0,0,0,226839,347232,3681702
208,1,2,-5,-5,-5,-5,-5,1,2,15,2,1,1,2,2,-4,3,5,5,1,3,1,307,3,3,3,3,4,3,3,2,5,5,4,4,2,4,57,86,8,12,216,19,34,85,231/232,8,29,18,11,1,49,2,1,1,1,1,3,1,1964,1081,42,112,408,297,376,14,14,14,0,34,3,5,7,15,31,17,13,13,8,0,39,0,0,3,347,649524,1020257,1669781,265120,216207,481327,14704,17205,31909,533,12000,90123,0,0,86364,2372037,95307,43563,138870,297606,1130115,340567,27376,174589,1970252,215609,0,2324731,-5,-5,-5,-5,-5,-5,-5,-5,-5,-5,-5,-5,-5,-5,-5,-5,-5,-5,-5,-5,-5,-5,-5,-5,-5,-5,-5,-5,-5,-5,-5,-5,-5,-5,-5,-5,-5,-5,-5,-5,-5,-5,-5,-5,-5,-5
209,1,2,-5,-5,-5,-5,-5,1,1,2,2,1,1,2,2,-4,3,4,4,2,3,1,712,4,2,4,5,2,2,4,1,4,4,4,4,1,3,16,141,10,12,157,16,0,96.2,194/222,2,19,8,0,1,45,2,1,1,1,1,3,1,1994,756,24,61,266,246,244,8,8,8,0,26,0,7,3,9,12,15,8,6,1,0,27,0,0,1,257,348031,429788,777819,203313,209532,412845,13831,10848,24679,462,0,20000,0,0,37652,1273456,58097,96253,154350,158704,346701,168663,23376,174529,871973,209532,0,1235855,-5,-5,-5,-5,-5,-5,-5,-5,-5,-5,-5,-5,-5,-5,-5,-5,-5,-5,-5,-5,-5,-5,-5,-5,-5,-5,-5,-5,-5,-5,-5,-5,-5,-5,-5,-5,-5,-5,-5,-5,-5,-5,-5,-5,-5,-5
210,2,1,10,70,30,92,-4,1,2,1,2,1,1,1,2,08,3,1,4,1,1,1,307,4,4,4,4,4,4,4,2,4,4,4,4,3,3,25,56,8,4,178,13,10,99.18,208/223,5,6,0,0,1,44,3,1,2,1,1,2,1,1985,844,27,56,287,276,281,9,9,9,0,41,0,3,5,10,27,10,0,1,0,0,22,0,0,0,292,-5,-5,-5,-5,-5,-5,-5,-5,-5,-5,-5,-5,-5,-5,-5,-5,-5,-5,-5,-5,-5,-5,-5,-5,-5,-5,-5,-5,3959,782847,971,787778,0,0,2504,0,2504,2091166,780426,2871592,8077,0,8077,0,0,20000,0,212394,273832,486226,4172,4180349,2869990,388287,0,0,0,41952,1590,20000,0,281736,0,0,43308,9231,15905,145883,7923,0,0,274042,496292,4099847
211,2,1,70,-4,-4,-4,-4,1,2,5,2,1,1,2,2,-4,3,3,3,2,1,1,712,3,1,3,2,3,2,3,1,2,2,3,3,2,2,30,20,20,20,182,30,10,95,220/224,3,0,5,0,1,46,3,1,2,1,1,3,1,1987,1132,39,86,373,381,378,13,13,13,0,36,0,2,6,21,40,16,0,0,1,0,23,0,0,1,186,-5,-5,-5,-5,-5,-5,-5,-5,-5,-5,-5,-5,-5,-5,-5,-5,-5,-5,-5,-5,-5,-5,-5,-5,-5,-5,-5,-5,5384,981163,1336,987883,0,0,1890,0,1890,2867780,1058349,3926129,140558,0,140558,598,0,0,0,301524,369047,670572,40661,5768291,4047799,382684,88486,0,55580,1793,0,0,0,220123,0,0,64418,9771,23259,192271,5940,0,0,376247,671906,5468371
212,1,2,-5,-5,-5,-5,-5,1,1,4,2,1,1,2,2,-4,4,4,5,1,3,1,610,3,4,4,3,3,4,4,2,4,4,4,4,4,4,15,200,9,15,97,18,36,98.6,212/223,8,15,12,-3,1,45,2,1,1,1,1,3,1,1991,928,30,73,317,302,309,9,9,9,3,29,2,9,11,9,17,10,8,6,1,0,29,0,0,1,337,428609,437149,865759,247902,289531,537432,24567,6368,30934,3262,3005,0,0,0,111866,1552258,68565,99991,168556,212686,491143,233818,23091,74518,1035257,291234,0,1495047,-5,-5,-5,-5,-5,-5,-5,-5,-5,-5,-5,-5,-5,-5,-5,-5,-5,-5,-5,-5,-5,-5,-5,-5,-5,-5,-5,-5,-5,-5,-5,-5,-5,-5,-5,-5,-5,-5,-5,-5,-5,-5,-5,-5,-5,-5
213,2,2,-5,-5,-5,-5,-5,1,2,10,1,1,1,2,2,03,3,3,3,1,2,1,408,3,5,5,4,4,3,4,2,4,4,4,4,4,4,148,50,8,15,9,12,16,99.5,200/224,1,33,0,0,1,53,2,1,2,1,1,1,1,1964,795,24,61,265,259,271,8,8,8,0,1,0,0,1,12,19,14,9,4,2,0,27,0,0,0,258,-5,-5,-5,-5,-5,-5,-5,-5,-5,-5,-5,-5,-5,-5,-5,-5,-5,-5,-5,-5,-5,-5,-5,-5,-5,-5,-5,-5,3617,621178,1114,625909,106740,7658,43931,205456,363785,2505582,903616,3409198,53512,10239,63751,551,0,0,0,203540,421496,625036,8971,5097200,3592043,459289,69745,4074,215470,1277,0,0,0,71309,0,0,66461,26638,5608,87402,13808,0,0,401960,601878,5015083
214,2,2,-5,-5,-5,-5,-5,1,1,2,1,1,1,2,2,-4,4,4,5,1,2,1,307,4,3,4,3,4,4,3,2,4,4,4,4,2,4,40,15,1,4,25,47,3,96.8,208/224,4,20,9,0,1,50,2,1,2,1,2,3,1,1994,444,15,31,154,141,149,5,5,5,0,7,0,3,5,7,4,6,2,2,2,0,5,0,0,0,137,-5,-5,-5,-5,-5,-5,-5,-5,-5,-5,-5,-5,-5,-5,-5,-5,-5,-5,-5,-5,-5,-5,-5,-5,-5,-5,-5,-5,2219,372773,373,375366,0,0,11489,11461,22950,1298057,471176,1769233,69918,9668,79587,0,0,0,0,106192,54601,160793,1710,2409638,1639634,448378,38696,4178,0,915,1800,0,0,40599,0,0,29819,8280,4332,12644,1792,0,0,54601,111467,2285667
215,2,1,70,-4,-4,-4,-4,1,3,4,1,1,1,1,1,05,5,1,5,1,1,1,102,4,3,4,3,3,4,4,1,5,5,4,5,5,5,18,34,50,18,282,10,5,99.46,209/223,3,47,12,1,1,56,3,1,2,1,1,2,1,1974,991,30,63,336,319,336,10,10,10,0,36,0,2,8,9,12,11,13,6,2,0,18,0,0,0,403,-5,-5,-5,-5,-5,-5,-5,-5,-5,-5,-5,-5,-5,-5,-5,-5,-5,-5,-5,-5,-5,-5,-5,-5,-5,-5,-5,-5,4521,896683,1953,903157,99286,7196,41349,72111,219941,2279206,916343,3195549,37141,0,37141,896,0,0,0,252971,303473,556444,11196,4924324,3467211,259437,0,5169,101001,0,0,0,0,507422,0,0,52678,7777,56337,155333,5515,0,0,303537,581176,4921416
216,1,2,-5,-5,-5,-5,-5,2,-5,-5,2,1,1,1,2,09,3,3,4,4,3,1,307,3,3,3,3,5,3,3,2,4,4,4,4,2,2,0,200,0,125,0,29,22,97,221/221,5,18,11,0,1,56,3,2,1,1,1,1,1,1945,687,24,57,197,174,316,6,7,10,1,38,4,10,6,13,11,4,1,6,2,0,16,0,0,2,297,228535,195777,424312,148595,205869,354464,21449,8096,29545,2607,500,0,195,0,195,811623,48702,121806,170508,166707,82186,163049,11404,11815,435161,205869,0,811538,-5,-5,-5,-5,-5,-5,-5,-5,-5,-5,-5,-5,-5,-5,-5,-5,-5,-5,-5,-5,-5,-5,-5,-5,-5,-5,-5,-5,-5,-5,-5,-5,-5,-5,-5,-5,-5,-5,-5,-5,-5,-5,-5,-5,-5,-5
217,2,2,-5,-5,-5,-5,-5,1,5,5,1,1,1,2,2,07,4,4,4,3,2,1,509,4,4,4,3,4,4,4,3,5,5,5,4,3,5,0,179,0,75,60,22,40,98.44,223/223,2,47,5,0,1,59,3,2,2,1,1,2,1,1958,960,30,63,309,324,327,10,10,10,0,20,0,1,1,3,19,13,12,12,2,0,16,0,0,1,344,-5,-5,-5,-5,-5,-5,-5,-5,-5,-5,-5,-5,-5,-5,-5,-5,-5,-5,-5,-5,-5,-5,-5,-5,-5,-5,-5,-5,5270,1074233,1610,1081113,0,0,11141,0,11141,2831717,1124987,3956704,0,55613,55613,1181,0,0,0,244361,311834,556195,3889,5665836,3710210,1039784,131961,0,0,823,0,0,0,9500,0,0,54608,19856,18370,125561,0,0,0,311834,530229,5422507
218,2,1,30,-4,-4,-4,-4,2,-5,-5,2,1,1,2,2,03,4,4,4,1,1,1,101,3,3,4,4,4,4,4,2,4,4,4,4,3,4,0,150,0,98,31,17,32,97,215/223,3,48,0,0,1,43,2,2,2,1,1,1,1,1973,810,26,53,286,240,284,9,8,9,0,7,0,3,7,9,20,10,2,1,1,0,20,0,0,0,307,-5,-5,-5,-5,-5,-5,-5,-5,-5,-5,-5,-5,-5,-5,-5,-5,-5,-5,-5,-5,-5,-5,-5,-5,-5,-5,-5,-5,4879,920313,2024,927216,0,0,5269,0,5269,2147513,873349,3020862,0,20119,20119,1978,0,0,0,233512,279344,512856,20490,4508790,2667199,1207528,35302,0,0,1045,0,0,0,0,0,0,44676,12068,37417,61948,0,0,0,279344,435453,4346527
219,2,2,-5,-5,-5,-5,-5,1,4,5,2,1,1,2,2,-4,4,3,3,1,2,1,206,4,3,4,4,5,4,4,1,5,4,4,4,2,3,0,88,1,39,30,15,20,95,221/225,5,28,0,0,1,44,2,2,2,1,2,3,1,1979,423,16,35,158,99,166,5,5,6,0,4,0,2,4,9,14,3,1,0,1,1,11,0,0,0,170,-5,-5,-5,-5,-5,-5,-5,-5,-5,-5,-5,-5,-5,-5,-5,-5,-5,-5,-5,-5,-5,-5,-5,-5,-5,-5,-5,-5,2686,470359,996,474041,0,0,0,0,0,1505509,392932,1898441,31761,9979,41740,0,0,0,0,97123,138021,235144,8592,2657958,1768522,606775,0,0,0,422,0,0,0,42417,0,0,29209,5848,14555,41003,0,0,0,138021,228636,2646772
220,2,1,10,22,70,-4,-4,1,5,4,1,2,1,2,2,-4,4,3,3,2,1,1,509,4,4,5,5,4,4,4,3,2,2,3,4,3,3,5,300,3,150,80,28,0,99.75,200/224,15,0,5,0,1,49,3,2,2,1,1,2,1,1955,1480,45,97,478,492,510,15,15,15,0,47,2,8,6,13,26,20,15,5,2,0,26,7,0,1,516,-5,-5,-5,-5,-5,-5,-5,-5,-5,-5,-5,-5,-5,-5,-5,-5,-5,-5,-5,-5,-5,-5,-5,-5,-5,-5,-5,-5,8262,1655525,1333,1665120,0,0,15920,0,15920,3459537,468469,3928006,18042,0,18042,9742,0,0,0,368133,495078,863211,11296,6511337,4765618,723831,3945,0,0,0,0,0,0,98054,0,0,78150,19382,52860,217474,0,0,0,495077,862943,6454391
221,2,1,70,30,-4,-4,-4,1,4,5,1,1,1,1,1,03,4,4,5,1,2,1,611,4,5,5,3,2,4,5,2,5,4,4,4,3,5,0,180,0,148,133,22,27,98,214/223,14,66,0,0,1,50,3,2,2,1,1,2,1,1972,1258,39,82,412,431,415,13,13,13,0,40,1,12,4,6,33,16,7,3,0,0,16,0,0,0,461,-5,-5,-5,-5,-5,-5,-5,-5,-5,-5,-5,-5,-5,-5,-5,-5,-5,-5,-5,-5,-5,-5,-5,-5,-5,-5,-5,-5,7021,1465663,2349,1475033,0,0,45080,0,45080,2898062,236116,3134178,15608,5524,21132,2066,0,0,0,320283,395711,715994,29332,5422815,4104821,493381,32150,0,0,1075,0,0,0,9997,0,0,67692,23995,81098,149472,0,0,0,395711,717968,5359392
222,2,2,-5,-5,-5,-5,-5,1,3,4,2,1,1,1,1,-4,4,4,5,1,2,1,101,3,4,5,4,2,1,4,2,4,3,4,5,3,5,0,0,0,125,242,74,77,98,216/221,1,45,33,0,1,55,2,2,2,1,1,3,1,1977,1287,45,94,471,380,436,15,15,15,0,4,0,3,1,4,16,25,24,19,2,0,31,1,0,4,458,-5,-5,-5,-5,-5,-5,-5,-5,-5,-5,-5,-5,-5,-5,-5,-5,-5,-5,-5,-5,-5,-5,-5,-5,-5,-5,-5,-5,8296,1415948,3120,1427364,0,0,69378,622,70000,4653576,380809,5034385,54934,0,54934,6434,0,0,0,304679,345489,650168,38659,7281944,5749328,754206,104,0,0,423,0,0,0,106429,0,0,81190,49516,63376,106618,0,0,0,345489,646189,7256679
223,1,2,-5,-5,-5,-5,-5,1,3,6,1,1,1,2,1,-4,4,4,5,1,2,1,105,5,2,5,1,5,5,5,3,5,5,5,5,3,2,4,31,6,160,21,6,11,98.99,216/221,7,19,10,0,2,39,2,2,1,1,1,3,1,1973,750,27,67,249,252,249,8,8,8,3,39,3,14,6,14,16,5,2,4,3,0,28,0,0,1,228,375448,617160,992608,176323,326770,503093,12907,33560,46467,0,2000,43356,7156,0,7156,1594680,60709,52546,113255,148508,737412,227668,11188,59608,1184384,290891,0,1588530,-5,-5,-5,-5,-5,-5,-5,-5,-5,-5,-5,-5,-5,-5,-5,-5,-5,-5,-5,-5,-5,-5,-5,-5,-5,-5,-5,-5,-5,-5,-5,-5,-5,-5,-5,-5,-5,-5,-5,-5,-5,-5,-5,-5,-5,-5
224,1,2,-5,-5,-5,-5,-5,1,5,6,2,1,1,2,2,-4,5,5,5,3,3,1,611,4,2,2,3,1,5,5,1,5,4,4,5,2,4,0,13,0,27,164,47,21,89,206/221,6,31,6,0,1,51,4,2,1,1,1,1,1,1993,813,24,59,314,270,229,8,8,8,0,11,0,4,2,8,15,16,9,3,2,0,28,0,0,0,229,0,0,0,172533,116525,289058,36945,5874,42819,320,0,132447,4305,0,4305,468949,73502,28275,101777,31283,96806,58794,18293,18117,223293,116485,0,441555,-5,-5,-5,-5,-5,-5,-5,-5,-5,-5,-5,-5,-5,-5,-5,-5,-5,-5,-5,-5,-5,-5,-5,-5,-5,-5,-5,-5,-5,-5,-5,-5,-5,-5,-5,-5,-5,-5,-5,-5,-5,-5,-5,-5,-5,-5
225,2,2,-5,-5,-5,-5,-5,1,5,5,1,1,1,2,2,03,4,3,3,1,2,1,715,3,2,3,4,3,3,4,2,3,3,3,3,2,4,0,162,10,148,49,22,28,98.44,220/220,7,20,25,0,1,46,3,2,2,1,1,3,1,1972,1149,36,75,385,392,372,12,12,12,0,29,2,3,0,8,32,17,12,1,0,0,26,0,0,1,319,-5,-5,-5,-5,-5,-5,-5,-5,-5,-5,-5,-5,-5,-5,-5,-5,-5,-5,-5,-5,-5,-5,-5,-5,-5,-5,-5,-5,6528,1308462,824,1315814,0,0,2363,50500,52863,2897981,473244,3371225,1419,74386,75805,0,0,0,0,286921,359004,645925,12142,5473774,3946745,767715,0,0,0,0,0,0,0,75787,0,0,63236,15056,71890,136027,0,0,0,359006,645215,5435462
226,1,2,-5,-5,-5,-5,-5,1,5,3,1,1,1,1,1,-4,5,1,5,1,3,1,611,4,4,5,4,2,4,4,1,4,5,4,4,2,5,0,10,5,5,60,12,1,98,214/221,1,5,2,0,1,47,3,3,1,1,1,3,4,1971,256,9,20,90,86,80,3,3,3,0,9,2,5,1,4,2,3,0,3,0,0,2,0,0,0,83,408395,168926,577321,68373,109459,177832,648,3625,4272,0,0,2228,102713,10129,112842,874495,28343,77734,106077,92006,228962,197891,14116,104563,637538,109514,0,853130,-5,-5,-5,-5,-5,-5,-5,-5,-5,-5,-5,-5,-5,-5,-5,-5,-5,-5,-5,-5,-5,-5,-5,-5,-5,-5,-5,-5,-5,-5,-5,-5,-5,-5,-5,-5,-5,-5,-5,-5,-5,-5,-5,-5,-5,-5
227,1,2,-5,-5,-5,-5,-5,1,5,5,2,1,1,1,2,-4,4,4,3,2,2,1,102,3,3,3,4,4,3,4,2,4,3,3,4,4,5,0,25,0,288,140,8,9,98,227/227,1,31,16,0,1,43,2,3,1,1,1,3,1,1990,976,33,69,312,304,360,10,10,10,3,13,1,10,7,11,21,9,3,4,3,0,21,0,0,1,453,999372,613201,1612573,228833,298620,527454,19179,12951,32130,0,0,5400,3738,22000,25738,2203295,61754,80905,142659,342301,1081536,290895,12183,27491,1754406,298620,0,2195686,-5,-5,-5,-5,-5,-5,-5,-5,-5,-5,-5,-5,-5,-5,-5,-5,-5,-5,-5,-5,-5,-5,-5,-5,-5,-5,-5,-5,-5,-5,-5,-5,-5,-5,-5,-5,-5,-5,-5,-5,-5,-5,-5,-5,-5,-5
228,1,1,70,30,-4,-4,-4,1,2,3,2,1,1,1,2,-4,3,4,4,1,1,1,714,4,3,4,3,2,4,4,2,4,5,4,4,2,4,3,200,1,120,100,25,8,96,202/222,3,38,25,0,1,57,2,3,1,1,1,3,1,1992,1377,42,91,481,453,443,14,14,14,0,24,3,6,8,15,22,14,9,11,3,0,27,0,0,1,487,613187,1010834,1624021,328521,353965,682486,19693,4695,24388,0,0,34717,38839,0,38839,2404452,79576,96615,176190,562813,906660,271382,13415,34456,1788727,353959,0,2318876,-5,-5,-5,-5,-5,-5,-5,-5,-5,-5,-5,-5,-5,-5,-5,-5,-5,-5,-5,-5,-5,-5,-5,-5,-5,-5,-5,-5,-5,-5,-5,-5,-5,-5,-5,-5,-5,-5,-5,-5,-5,-5,-5,-5,-5,-5
229,2,2,-5,-5,-5,-5,-5,1,2,4,1,1,1,1,1,-4,3,3,3,3,2,1,101,2,1,2,2,2,3,3,1,4,4,3,4,3,4,0,70,0,180,115,20,20,99.8,205/223,10,10,10,0,1,43,3,3,2,1,1,3,1,1955,1030,30,64,350,336,344,10,10,10,0,18,2,10,7,5,13,11,12,4,0,0,21,0,0,0,385,-5,-5,-5,-5,-5,-5,-5,-5,-5,-5,-5,-5,-5,-5,-5,-5,-5,-5,-5,-5,-5,-5,-5,-5,-5,-5,-5,-5,5390,1181545,2602,1189537,0,0,0,0,0,2244298,602780,2847078,4,0,4,0,0,0,0,260921,364188,625109,5720,4667448,3317869,291501,0,1685,8762,1400,421023,0,0,0,0,0,49207,25203,84959,99743,1800,0,0,364186,625098,4667338
230,2,2,-5,-5,-5,-5,-5,1,1,10,2,1,2,2,2,09,4,5,4,1,2,1,611,4,5,5,4,5,5,5,2,5,5,5,5,4,3,9,260,3,44,95,8,0,99.46,217/223,1,29,30,0,1,48,2,4,2,1,1,1,1,1956,1030,30,66,339,342,349,10,10,10,0,6,0,4,6,8,11,17,10,8,2,0,20,0,0,1,426,-5,-5,-5,-5,-5,-5,-5,-5,-5,-5,-5,-5,-5,-5,-5,-5,-5,-5,-5,-5,-5,-5,-5,-5,-5,-5,-5,-5,5461,1218793,1129,1225383,8201,7090,42918,0,50008,2811232,232836,3044068,40291,14019,54310,23054,0,0,0,249024,333494,582518,18439,4997780,3622727,450927,0,0,183031,0,0,0,0,2903,0,0,51480,27850,32000,99448,32563,0,0,333493,576834,4997780
231,1,2,-5,-5,-5,-5,-5,1,3,6,2,1,1,2,2,-4,5,4,5,1,1,1,408,4,5,5,5,3,4,5,5,5,5,5,4,4,4,25,119,2,42,225,19,6,98.6,198/223,6,23,13,0,1,44,3,4,1,1,1,2,1,1996,1100,33,73,341,342,417,10,10,12,1,47,4,9,17,9,14,10,3,6,1,0,15,0,0,0,423,299317,319915,619232,277226,283931,561157,14752,3816,18568,0,0,4400,71878,0,71878,1275235,60456,49314,109770,118480,389472,195295,15639,47871,766757,281187,0,1275235,-5,-5,-5,-5,-5,-5,-5,-5,-5,-5,-5,-5,-5,-5,-5,-5,-5,-5,-5,-5,-5,-5,-5,-5,-5,-5,-5,-5,-5,-5,-5,-5,-5,-5,-5,-5,-5,-5,-5,-5,-5,-5,-5,-5,-5,-5
232,2,2,-5,-5,-5,-5,-5,1,4,6,2,2,1,1,2,03,5,4,5,1,2,1,103,4,5,4,5,5,4,5,3,5,5,5,4,5,5,229,0,24,0,170,18,0,99.01,250/252,3,58,10,0,1,51,2,4,2,1,1,1,1,1965,1065,31,68,340,351,374,10,10,11,0,5,0,6,5,7,9,16,12,11,2,0,26,0,0,0,413,-5,-5,-5,-5,-5,-5,-5,-5,-5,-5,-5,-5,-5,-5,-5,-5,-5,-5,-5,-5,-5,-5,-5,-5,-5,-5,-5,-5,5544,1266058,2329,1273931,118000,9600,47000,125400,182000,2880943,482833,3363776,256173,6033,262206,6521,0,0,0,408965,112723,521688,55434,5665556,3952993,555242,0,0,472043,0,0,0,0,61684,0,0,53040,44797,42925,132376,45180,241,0,112723,431282,5665556
233,2,1,30,-4,-4,-4,-4,1,4,10,2,1,1,2,2,06,4,4,4,1,2,1,307,4,4,4,3,4,4,4,2,5,4,4,4,3,5,6,85,2,23,24,18,13,99,112/221,9,1,0,0,1,41,2,4,2,1,1,3,1,2000,523,18,40,177,177,169,6,6,6,0,14,3,4,1,9,14,7,2,0,0,0,15,0,0,0,164,-5,-5,-5,-5,-5,-5,-5,-5,-5,-5,-5,-5,-5,-5,-5,-5,-5,-5,-5,-5,-5,-5,-5,-5,-5,-5,-5,-5,2855,630249,592,633696,11008,0,0,7536,7536,1505930,215784,1721714,57143,6480,63623,0,70965,0,0,136366,41556,177922,12014,2687470,1904781,350769,0,193,139460,0,0,0,0,54003,0,0,31200,30885,9023,54418,0,350,0,41556,167432,2687470
234,1,2,-5,-5,-5,-5,-5,1,2,6,1,1,1,2,2,-4,4,4,5,3,2,1,610,4,1,3,3,3,4,4,4,4,4,4,4,4,4,10,270,20,260,150,0,0,99,220/220,7,0,0,0,1,45,2,5,1,1,2,3,1,1951,1852,56,150,631,628,593,18,18,18,2,48,8,29,21,10,24,11,14,25,8,0,34,0,0,0,686,806790,1849145,2655935,472058,817690,1289748,53951,7956,61907,5128,0,20543,83900,0,83900,4117161,113880,151571,265451,270674,1994141,494240,23768,170684,2953507,817727,0,4036685,-5,-5,-5,-5,-5,-5,-5,-5,-5,-5,-5,-5,-5,-5,-5,-5,-5,-5,-5,-5,-5,-5,-5,-5,-5,-5,-5,-5,-5,-5,-5,-5,-5,-5,-5,-5,-5,-5,-5,-5,-5,-5,-5,-5,-5,-5
235,1,2,-5,-5,-5,-5,-5,2,-5,-5,1,1,1,2,2,-4,4,3,5,3,3,2,-5,5,4,4,4,3,3,4,2,5,5,5,5,4,4,0,80,2,31,54,0,2,97.53,221/221,5,10,30,0,1,53,1,5,1,1,1,3,1,1951,567,23,47,216,179,172,7,7,7,2,27,3,5,8,6,4,3,5,10,3,0,10,0,0,1,168,320721,470634,791355,134736,220490,355226,4365,18846,23211,1161,0,7360,10354,0,10354,1188667,41220,92340,133560,108938,445744,195177,11806,54998,816663,220491,0,1170714,-5,-5,-5,-5,-5,-5,-5,-5,-5,-5,-5,-5,-5,-5,-5,-5,-5,-5,-5,-5,-5,-5,-5,-5,-5,-5,-5,-5,-5,-5,-5,-5,-5,-5,-5,-5,-5,-5,-5,-5,-5,-5,-5,-5,-5,-5
236,2,2,-5,-5,-5,-5,-5,1,5,4,2,1,1,1,2,09,4,2,4,3,3,1,408,4,3,3,4,4,3,4,2,3,3,3,3,3,4,0,100,0,97,114,20,0,99.8,220/222,0,19,3,0,1,53,3,5,2,1,1,2,1,1980,838,24,48,285,275,278,8,8,8,0,18,0,0,1,7,8,10,10,9,3,0,12,0,0,0,311,-5,-5,-5,-5,-5,-5,-5,-5,-5,-5,-5,-5,-5,-5,-5,-5,-5,-5,-5,-5,-5,-5,-5,-5,-5,-5,-5,-5,4954,967880,2008,974842,0,0,6400,0,6400,2020133,310851,2330984,31929,1807,33736,0,0,0,0,203786,449753,653538,994,4000495,2983707,283904,60485,7313,3503,1397,0,0,0,0,0,0,31788,14852,43419,89325,16192,0,0,449753,645329,3985638
237,2,2,-5,-5,-5,-5,-5,1,2,10,2,1,1,2,2,-4,5,5,5,1,2,1,712,3,3,4,2,3,4,4,2,4,4,5,4,4,4,0,161,0,111,104,27,32,98.6,206/220,0,48,0,0,1,52,2,6,2,1,1,1,1,1949,1116,33,68,362,377,377,11,11,11,0,4,0,0,3,4,18,20,17,3,3,0,34,0,0,3,380,-5,-5,-5,-5,-5,-5,-5,-5,-5,-5,-5,-5,-5,-5,-5,-5,-5,-5,-5,-5,-5,-5,-5,-5,-5,-5,-5,-5,5694,1258846,7893,1272433,0,0,9745,3817,13562,3527805,353441,3881246,53847,0,53847,582,0,0,0,272361,469607,741968,7652,5971290,4045393,582182,178955,95777,96670,1371,920,1175,0,65032,0,0,52910,12038,10464,172559,24390,0,0,469603,741964,5809439
238,2,1,70,30,-4,-4,-4,1,4,10,1,1,1,1,1,-4,5,4,5,1,1,1,101,4,4,4,4,3,4,4,1,5,5,5,4,4,4,0,100,16,214,96,30,1,98,220/223,0,18,4,0,1,49,3,6,2,1,1,2,1,1978,993,30,62,335,334,324,10,10,10,0,17,0,0,4,12,22,16,1,5,2,0,21,0,0,1,354,-5,-5,-5,-5,-5,-5,-5,-5,-5,-5,-5,-5,-5,-5,-5,-5,-5,-5,-5,-5,-5,-5,-5,-5,-5,-5,-5,-5,5226,1177574,5279,1188079,0,0,19506,0,19506,2626252,303516,2929768,34142,314607,348749,603,0,0,0,248480,528234,776714,9518,5272937,3446603,343812,106499,68918,3832,1150,0,3811,0,344085,0,0,48360,9077,46244,124373,19569,857,0,528234,776714,5095424
239,1,1,10,70,30,-4,-4,1,3,2,1,1,1,2,2,-4,4,4,4,1,2,1,307,4,4,4,5,4,4,4,2,4,4,4,3,2,3,0,439,0,128,82,27,28,99.05,222/222,5,38,30,25,1,59,2,7,1,1,1,3,1,1937,1566,45,104,533,514,519,15,15,15,0,30,0,20,7,14,32,15,6,7,3,0,27,0,0,1,649,751336,1014265,1765601,346924,411560,758484,25049,67624,92673,1483,3870,16000,26633,0,26633,2664744,102527,71954,174481,370068,975779,420178,16812,75138,1857975,411679,0,2444135,-5,-5,-5,-5,-5,-5,-5,-5,-5,-5,-5,-5,-5,-5,-5,-5,-5,-5,-5,-5,-5,-5,-5,-5,-5,-5,-5,-5,-5,-5,-5,-5,-5,-5,-5,-5,-5,-5,-5,-5,-5,-5,-5,-5,-5,-5
240,1,1,70,30,-4,-4,-4,1,5,6,1,1,1,2,2,09,4,2,5,2,2,1,611,3,1,1,3,1,2,3,2,4,4,4,4,2,2,0,120,0,10,29,23,42,92,217/225,1,15,10,1,1,52,3,7,1,1,1,3,4,1967,497,18,37,182,164,151,6,6,6,0,17,1,4,4,6,10,5,4,2,1,0,12,0,0,1,142,219609,233890,453499,93994,197025,291019,3435,6941,10376,54,0,20000,28994,0,28994,803942,38637,131733,170370,77850,164219,127631,9605,14065,393370,197000,0,760740,-5,-5,-5,-5,-5,-5,-5,-5,-5,-5,-5,-5,-5,-5,-5,-5,-5,-5,-5,-5,-5,-5,-5,-5,-5,-5,-5,-5,-5,-5,-5,-5,-5,-5,-5,-5,-5,-5,-5,-5,-5,-5,-5,-5,-5,-5
241,2,2,-5,-5,-5,-5,-5,1,2,5,1,1,1,1,2,04,3,4,4,3,1,1,408,4,3,3,3,3,4,4,2,4,4,4,4,4,4,43,166,14,34,54,20,29,99.5,216/224,6,57,0,0,1,46,2,8,2,1,1,3,2,1985,978,28,63,279,350,349,8,10,10,0,25,1,12,13,10,10,11,3,1,2,0,21,0,0,0,374,-5,-5,-5,-5,-5,-5,-5,-5,-5,-5,-5,-5,-5,-5,-5,-5,-5,-5,-5,-5,-5,-5,-5,-5,-5,-5,-5,-5,5651,1232035,2654,1240340,0,0,3000,0,3000,1940074,356830,2296904,33273,0,33273,6039,0,0,0,305079,411292,716371,10027,4305954,3094787,348099,0,0,0,1600,0,0,0,132758,0,0,43793,44120,25687,179231,0,0,0,405279,698110,4275354
242,1,2,-5,-5,-5,-5,-5,1,5,5,1,1,1,2,2,-4,4,4,5,1,2,1,611,3,1,3,2,3,4,5,2,3,2,4,4,3,2,0,45,3,5,47,1,0,98.34,197/221,0,16,3,0,1,50,3,8,1,1,1,3,4,1974,435,14,30,192,139,104,6,5,3,0,16,0,5,1,4,7,7,3,3,0,0,12,0,0,1,100,245544,265896,511440,105718,208473,314191,3815,3145,6960,184,0,88966,21095,115340,136435,1058176,40544,47511,88055,50555,80434,198993,13788,392856,736626,208259,0,1032940,-5,-5,-5,-5,-5,-5,-5,-5,-5,-5,-5,-5,-5,-5,-5,-5,-5,-5,-5,-5,-5,-5,-5,-5,-5,-5,-5,-5,-5,-5,-5,-5,-5,-5,-5,-5,-5,-5,-5,-5,-5,-5,-5,-5,-5,-5
243,2,2,-5,-5,-5,-5,-5,1,5,5,2,1,2,2,2,-4,3,3,4,1,3,1,712,4,3,3,4,4,3,5,1,5,5,4,4,2,3,11,4,2,0,8,6,4,98.92,210/222,4,12,8,0,1,45,2,8,2,1,1,3,2,1981,426,12,28,132,133,161,4,4,4,0,11,2,7,4,1,7,4,2,0,0,0,10,0,0,0,36,-5,-5,-5,-5,-5,-5,-5,-5,-5,-5,-5,-5,-5,-5,-5,-5,-5,-5,-5,-5,-5,-5,-5,-5,-5,-5,-5,-5,2125,500541,1110,503776,0,0,2300,0,2300,924455,569406,1493861,50957,-5103,45854,0,0,0,0,142035,106804,248839,1750,2296380,1320465,712868,0,0,0,616,0,0,0,0,0,0,19730,4425,19661,47557,0,0,0,106804,198177,2232126
244,1,2,-5,-5,-5,-5,-5,1,2,10,2,1,1,2,2,-4,3,3,4,2,2,1,105,3,5,5,5,3,3,4,2,4,4,5,4,1,3,15,367,2,6,51,65,119,99.3,220/221,1,39,12,9,1,52,3,8,1,1,1,3,2,1994,1505,47,102,527,508,470,15,15,14,3,87,5,15,23,19,23,9,4,3,1,0,34,0,0,0,424,238117,205851,443968,371586,397625,769211,17108,6955,24063,3305,0,88611,93028,0,93028,1422186,70370,85030,155400,103581,312507,320644,17834,67719,822285,397625,0,1375310,-5,-5,-5,-5,-5,-5,-5,-5,-5,-5,-5,-5,-5,-5,-5,-5,-5,-5,-5,-5,-5,-5,-5,-5,-5,-5,-5,-5,-5,-5,-5,-5,-5,-5,-5,-5,-5,-5,-5,-5,-5,-5,-5,-5,-5,-5
245,2,2,-5,-5,-5,-5,-5,1,5,10,2,1,1,2,2,01,4,3,4,1,2,1,610,4,5,3,3,2,3,4,1,4,3,4,4,4,3,14,48,2,3,93,37,9,94,216/223,0,31,20,0,1,41,9,8,2,1,1,2,2,1967,659,22,50,179,266,214,6,8,8,0,25,0,1,11,17,15,5,1,0,0,0,12,0,0,0,251,-5,-5,-5,-5,-5,-5,-5,-5,-5,-5,-5,-5,-5,-5,-5,-5,-5,-5,-5,-5,-5,-5,-5,-5,-5,-5,-5,-5,2962,770609,1789,775360,1000,0,0,0,1000,1846419,1382006,3228425,6182,11345,17527,7059,0,0,0,172079,104293,276372,715,4306458,2403727,382694,0,0,0,1220,0,0,0,1098734,0,0,33000,8767,4200,125548,0,0,0,104293,275808,4162183
246,2,1,70,30,-4,-4,-4,1,3,5,2,1,1,2,1,-4,4,4,4,1,2,1,101,4,4,4,5,5,4,5,3,5,5,5,4,5,5,50,50,30,270,60,10,0,95,223/223,5,93,0,0,1,53,2,8,2,1,1,3,2,1903,1406,40,93,494,494,418,14,14,12,0,24,0,12,9,17,28,13,9,3,2,0,22,0,0,0,510,-5,-5,-5,-5,-5,-5,-5,-5,-5,-5,-5,-5,-5,-5,-5,-5,-5,-5,-5,-5,-5,-5,-5,-5,-5,-5,-5,-5,7116,1491708,3555,1502379,0,0,5000,0,5000,3248818,1535155,4783973,0,6201,6201,3412,0,0,0,335851,573564,909415,21796,7232176,4660014,954187,0,0,0,17325,0,0,0,684995,0,0,59746,70952,16664,188056,0,0,0,574238,909656,7226177
247,2,2,-5,-5,-5,-5,-5,1,3,6,1,1,1,1,2,-4,4,3,3,3,2,1,712,4,4,3,4,4,3,4,2,4,4,4,4,4,4,0,348,3,22,137,25,0,97,221/221,9,67,0,0,1,52,3,8,2,1,1,3,2,1978,1452,42,90,491,481,480,14,14,14,0,49,1,12,7,8,33,16,9,3,1,0,18,0,0,2,498,-5,-5,-5,-5,-5,-5,-5,-5,-5,-5,-5,-5,-5,-5,-5,-5,-5,-5,-5,-5,-5,-5,-5,-5,-5,-5,-5,-5,7970,1730260,3197,1741427,0,0,3970,0,3970,2762341,1973515,4735856,128120,0,128120,853,0,0,0,450458,508928,959386,20359,7589971,4379864,235873,354717,0,0,1946,0,4763,0,1639677,0,0,59230,35028,22408,331058,0,0,0,508808,956532,7573372
248,1,1,30,70,-4,-4,-4,1,2,15,1,1,1,1,2,-4,4,3,4,2,2,1,101,3,4,4,4,4,4,4,2,5,4,4,5,2,3,0,159,3,43,111,28,0,96,221/221,2,28,27,0,1,46,1,8,1,1,1,3,2,1936,1108,34,84,366,355,387,10,10,11,3,36,2,19,13,17,22,6,0,4,1,0,32,0,0,1,317,233744,1343316,1577060,273775,438698,712473,29672,95071,124743,0,0,358151,134543,0,134543,2906970,67934,128844,196778,125768,961190,427806,19539,335407,1869710,438699,0,2505187,-5,-5,-5,-5,-5,-5,-5,-5,-5,-5,-5,-5,-5,-5,-5,-5,-5,-5,-5,-5,-5,-5,-5,-5,-5,-5,-5,-5,-5,-5,-5,-5,-5,-5,-5,-5,-5,-5,-5,-5,-5,-5,-5,-5,-5,-5
249,2,2,-5,-5,-5,-5,-5,1,2,10,2,1,1,2,2,-4,4,4,5,2,1,1,610,3,4,4,4,3,3,4,2,4,4,4,4,2,2,30,118,2,12,174,52,63,99.84,195/221,2,40,2,0,1,40,3,8,2,1,1,3,2,1975,1622,45,96,621,517,484,16,15,14,0,46,2,15,18,17,30,9,3,2,0,0,35,0,0,0,477,-5,-5,-5,-5,-5,-5,-5,-5,-5,-5,-5,-5,-5,-5,-5,-5,-5,-5,-5,-5,-5,-5,-5,-5,-5,-5,-5,-5,9998,1833303,3623,1846924,0,0,22959,0,22959,2320314,396322,2716636,43699,0,43699,21252,0,0,0,410502,584196,994698,15500,5661668,4053494,447345,0,0,0,2316,0,1281,0,117288,0,0,63041,27181,6885,310880,0,0,0,584196,992183,5613907
250,2,2,-5,-5,-5,-5,-5,1,3,5,2,1,1,2,2,04,4,4,3,3,1,1,610,4,4,4,4,3,4,4,3,4,4,4,4,4,3,6,125,12,36,210,9,7,99,196/220,12,53,2,0,1,48,3,8,2,1,1,2,2,1980,1141,34,75,407,407,327,12,12,10,0,40,1,11,12,10,27,8,4,1,1,0,24,0,0,0,430,-5,-5,-5,-5,-5,-5,-5,-5,-5,-5,-5,-5,-5,-5,-5,-5,-5,-5,-5,-5,-5,-5,-5,-5,-5,-5,-5,-5,6521,1357881,2777,1367179,0,0,42805,0,42805,2246881,656747,2903628,24619,0,24619,7395,0,0,0,337911,270282,608193,6300,4960119,3473087,591478,0,0,0,4054,0,0,0,198774,0,0,48545,38252,6170,232993,0,0,0,270282,596242,4863635
251,1,1,10,70,30,-4,-4,1,4,8,1,1,1,2,2,-4,4,5,5,1,2,1,408,4,3,4,3,3,5,5,3,5,5,5,4,4,5,31,14,76,55,5,6,7,99,220/222,1,22,5,0,1,47,9,8,1,1,1,3,3,1953,597,19,43,212,198,187,6,6,6,1,13,4,5,4,6,11,8,3,1,1,0,19,0,0,0,181,177897,1013093,1190990,150027,629101,779128,583,48091,48674,955,102500,726215,21198,849791,870989,3719451,34267,127600,161867,62223,1107955,184224,12995,712412,2079809,629102,0,2870778,-5,-5,-5,-5,-5,-5,-5,-5,-5,-5,-5,-5,-5,-5,-5,-5,-5,-5,-5,-5,-5,-5,-5,-5,-5,-5,-5,-5,-5,-5,-5,-5,-5,-5,-5,-5,-5,-5,-5,-5,-5,-5,-5,-5,-5,-5
252,1,1,10,70,30,-4,-4,1,5,4,2,1,1,2,2,-4,4,5,5,3,2,1,611,2,5,4,5,4,4,4,3,5,5,5,4,3,3,5,83,15,105,8,5,5,99,220/220,3,23,3,0,1,50,9,8,1,1,1,2,3,1955,610,18,44,210,199,201,6,6,6,0,21,0,5,8,11,10,6,3,1,0,0,17,0,0,1,241,173926,256322,430248,153429,514095,667524,5370,8492,13862,606,0,12126,6345,0,6345,1130711,29860,103146,133006,45334,183480,117544,12265,101974,460597,514097,0,1107700,-5,-5,-5,-5,-5,-5,-5,-5,-5,-5,-5,-5,-5,-5,-5,-5,-5,-5,-5,-5,-5,-5,-5,-5,-5,-5,-5,-5,-5,-5,-5,-5,-5,-5,-5,-5,-5,-5,-5,-5,-5,-5,-5,-5,-5,-5
253,2,2,-5,-5,-5,-5,-5,1,4,10,1,1,1,2,2,-4,3,4,3,1,1,1,715,3,3,4,3,2,3,4,2,4,4,4,4,1,3,0,145,3,23,27,25,6,89,210/222,1,24,0,0,1,50,2,8,2,1,1,3,3,1980,582,18,42,207,196,179,6,6,6,0,8,0,9,2,8,12,6,5,0,0,0,15,0,0,0,195,-5,-5,-5,-5,-5,-5,-5,-5,-5,-5,-5,-5,-5,-5,-5,-5,-5,-5,-5,-5,-5,-5,-5,-5,-5,-5,-5,-5,2743,319610,1525,323878,0,0,8482,0,8482,1844101,555141,2399242,367734,1288981,1656715,0,0,0,0,172754,492786,665540,2284,5056141,2054021,718529,9197,0,0,2954,0,0,0,1584135,0,0,27665,18244,24439,97963,0,0,0,492786,661097,5029933
254,2,2,-5,-5,-5,-5,-5,2,-5,-5,1,1,1,2,2,-4,3,2,3,4,1,1,610,3,4,4,3,2,2,3,1,3,2,1,3,1,1,3,110,2,12,330,63,58,98.2,183/220,9,26,35,0,2,47,3,8,2,1,1,2,2,1988,1078,35,77,293,390,395,10,13,12,0,32,2,8,11,14,32,6,3,0,1,0,12,0,0,0,452,-5,-5,-5,-5,-5,-5,-5,-5,-5,-5,-5,-5,-5,-5,-5,-5,-5,-5,-5,-5,-5,-5,-5,-5,-5,-5,-5,-5,4589,1247715,2601,1254905,0,0,1637,0,1637,2374679,341384,2716063,35594,0,35594,2275,0,0,0,270642,234940,505582,18874,4534930,3439897,396115,0,0,0,1472,0,0,0,147006,0,0,49901,14322,33028,117138,0,0,0,234940,449329,4433819
255,1,1,30,70,-4,-4,-4,1,1,5,2,1,1,2,2,07,4,4,4,1,3,1,611,4,5,4,5,4,4,4,2,5,5,4,4,2,3,113,49,29,103,20,29,5,99.8,200/222,5,49,4,0,1,48,2,8,1,1,1,3,2,1997,1213,34,77,564,342,307,15,10,9,0,34,6,18,9,7,22,7,1,6,1,0,22,0,0,1,348,213718,89935,303653,300984,309799,610783,66705,12121,78826,428,0,666192,114004,0,114004,1773886,58638,47322,105960,103286,774315,306186,14337,25687,1223811,309108,0,1638879,-5,-5,-5,-5,-5,-5,-5,-5,-5,-5,-5,-5,-5,-5,-5,-5,-5,-5,-5,-5,-5,-5,-5,-5,-5,-5,-5,-5,-5,-5,-5,-5,-5,-5,-5,-5,-5,-5,-5,-5,-5,-5,-5,-5,-5,-5
256,1,2,-5,-5,-5,-5,-5,1,3,4,1,1,1,2,2,09,3,2,4,3,3,2,-5,4,5,5,4,2,2,4,2,4,4,4,4,2,3,-4,-4,-4,-4,-4,3,3,85,220/220,1,6,3,0,1,48,5,8,1,1,1,3,4,2002,157,6,16,59,59,39,2,2,2,0,5,2,2,2,4,1,3,1,1,0,0,9,0,0,1,0,154649,1096715,1251364,36180,157347,193527,4047,11355,15402,177,0,500,209934,149194,359128,1820098,14638,81840,96478,21459,794769,271560,11289,300006,1399083,157293,0,1652854,-5,-5,-5,-5,-5,-5,-5,-5,-5,-5,-5,-5,-5,-5,-5,-5,-5,-5,-5,-5,-5,-5,-5,-5,-5,-5,-5,-5,-5,-5,-5,-5,-5,-5,-5,-5,-5,-5,-5,-5,-5,-5,-5,-5,-5,-5
257,2,2,-5,-5,-5,-5,-5,1,1,5,2,1,1,2,2,-4,4,2,3,1,2,1,206,4,4,5,5,1,4,5,1,4,4,5,5,1,3,7,42,10,49,45,43,3,97.5,198/221,1,29,0,0,1,49,9,8,2,1,1,3,2,1981,632,20,45,279,230,123,8,7,5,0,6,3,7,1,11,9,7,5,2,0,0,8,0,0,1,153,-5,-5,-5,-5,-5,-5,-5,-5,-5,-5,-5,-5,-5,-5,-5,-5,-5,-5,-5,-5,-5,-5,-5,-5,-5,-5,-5,-5,4540,696468,1803,702811,33390,0,27116,0,60506,1622164,953702,2575866,34520,331926,366446,1047,0,0,0,201685,215739,417424,12411,4136511,2196966,451418,0,0,0,1280,0,0,0,1044653,0,0,29590,18551,18524,98875,0,0,0,213488,379028,4073345
258,1,2,-5,-5,-5,-5,-5,2,-5,-5,2,1,1,2,2,-4,4,4,5,1,3,1,611,3,3,3,3,3,2,3,2,5,4,4,4,1,2,0,56,1,42,71,35,28,93,119/223,0,19,14,0,1,46,5,9,1,1,1,3,4,1954,459,21,52,166,139,154,7,7,7,0,6,1,3,3,7,14,15,7,2,0,0,24,0,0,1,165,324901,1001449,1326350,76063,72494,148557,4023,11177,15200,156,0,15700,93255,0,0,1599218,41979,48560,90539,80967,992887,239814,8960,40636,1363264,71890,0,1525693,-5,-5,-5,-5,-5,-5,-5,-5,-5,-5,-5,-5,-5,-5,-5,-5,-5,-5,-5,-5,-5,-5,-5,-5,-5,-5,-5,-5,-5,-5,-5,-5,-5,-5,-5,-5,-5,-5,-5,-5,-5,-5,-5,-5,-5,-5
259,2,2,-5,-5,-5,-5,-5,1,5,10,2,1,1,2,2,-4,4,3,3,1,2,1,408,4,3,3,3,3,4,4,2,4,4,4,4,3,3,0,9,0,31,14,1,0,99.7,220/224,0,62,3,0,1,46,9,9,2,1,1,3,2,1981,1008,30,66,350,322,336,10,10,10,0,16,0,4,16,12,22,7,3,2,0,0,15,0,0,0,341,-5,-5,-5,-5,-5,-5,-5,-5,-5,-5,-5,-5,-5,-5,-5,-5,-5,-5,-5,-5,-5,-5,-5,-5,-5,-5,-5,-5,4919,845740,2073,852732,0,0,0,0,0,2717695,296108,3013803,168012,0,168012,0,0,0,0,217418,769463,986881,7074,5028502,3308293,478298,39291,12385,12052,1372,0,0,0,150995,0,0,47638,14579,6420,90139,15488,1825,0,769448,945537,4948223
260,1,1,10,30,70,-4,-4,1,2,8,1,1,1,2,2,-4,3,4,4,2,2,1,408,4,3,2,4,4,2,3,1,4,4,4,4,1,4,0,150,0,58,71,58,60,92,210/222,2,20,14,0,1,48,1,9,1,1,1,3,2,1941,1006,34,80,381,350,275,11,11,11,1,40,3,17,8,13,12,5,11,8,3,0,20,0,0,0,280,259920,629203,889123,175773,286361,462134,12285,83726,96011,886,1000,404135,29228,121489,0,2004006,66671,78092,144763,193475,657097,271394,11226,122009,1255201,286358,0,1686322,-5,-5,-5,-5,-5,-5,-5,-5,-5,-5,-5,-5,-5,-5,-5,-5,-5,-5,-5,-5,-5,-5,-5,-5,-5,-5,-5,-5,-5,-5,-5,-5,-5,-5,-5,-5,-5,-5,-5,-5,-5,-5,-5,-5,-5,-5
261,1,1,30,70,-4,-4,-4,1,2,7,2,1,1,1,1,09,4,5,5,3,2,1,714,4,2,3,5,4,4,4,2,5,5,4,4,2,5,0,183,10,179,87,20,0,99,226/226,1,50,12,0,1,43,2,9,1,1,1,1,2,1970,1421,42,106,493,473,455,14,14,14,0,25,4,14,7,9,28,20,12,9,3,0,20,0,0,0,459,486852,1149887,1636739,298042,605012,903054,10837,70966,81803,6969,0,522992,75397,15000,0,3241954,93001,30945,123946,322377,1016717,408491,13446,611229,2372260,604965,0,3101171,-5,-5,-5,-5,-5,-5,-5,-5,-5,-5,-5,-5,-5,-5,-5,-5,-5,-5,-5,-5,-5,-5,-5,-5,-5,-5,-5,-5,-5,-5,-5,-5,-5,-5,-5,-5,-5,-5,-5,-5,-5,-5,-5,-5,-5,-5
262,1,2,-5,-5,-5,-5,-5,2,-5,-5,2,1,1,2,2,-4,2,2,3,1,3,1,408,3,1,3,4,3,3,4,2,5,5,4,3,1,4,0,69,0,39,75,47,89,98.1,214/221,1,7,10,0,1,53,2,10,1,1,1,3,4,1974,538,18,40,200,170,168,6,6,6,0,8,1,4,4,6,11,9,5,0,0,0,11,0,0,0,183,429187,308554,737741,95256,251626,346882,720,1300,2020,0,0,15309,102155,0,102155,1204107,31900,43865,75765,132046,508660,127604,8110,64856,841276,236526,0,1153567,-5,-5,-5,-5,-5,-5,-5,-5,-5,-5,-5,-5,-5,-5,-5,-5,-5,-5,-5,-5,-5,-5,-5,-5,-5,-5,-5,-5,-5,-5,-5,-5,-5,-5,-5,-5,-5,-5,-5,-5,-5,-5,-5,-5,-5,-5
263,1,2,-5,-5,-5,-5,-5,1,4,5,1,1,1,2,2,-4,4,3,5,3,2,1,408,5,3,5,5,4,4,5,2,5,5,5,5,2,2,6,71,2,8,60,8,6,97.87,221/223,0,9,6,0,1,54,3,10,1,1,1,3,3,1964,383,12,24,120,128,135,4,4,4,0,10,0,2,3,5,5,5,4,0,0,0,14,0,0,0,147,186490,438796,625286,71306,181195,252501,1141,5551,6692,0,6702,1260,54478,0,54478,946919,20400,50312,70712,99347,331660,139062,5727,41179,616975,179972,0,867659,-5,-5,-5,-5,-5,-5,-5,-5,-5,-5,-5,-5,-5,-5,-5,-5,-5,-5,-5,-5,-5,-5,-5,-5,-5,-5,-5,-5,-5,-5,-5,-5,-5,-5,-5,-5,-5,-5,-5,-5,-5,-5,-5,-5,-5,-5
264,1,2,-5,-5,-5,-5,-5,1,3,5,1,1,1,2,2,-4,4,4,4,2,2,1,102,4,4,4,4,2,2,3,2,2,4,4,3,3,2,0,241,0,125,100,33,25,99,221/221,1,30,23,0,1,44,2,10,1,1,1,3,2,1995,1205,36,88,397,393,415,12,12,12,0,14,2,6,13,12,15,23,8,7,2,0,0,0,0,0,466,537012,1497096,2034108,235554,654665,890219,66018,22166,88184,0,0,32250,174250,0,174250,3219011,69858,51835,121693,346989,1582293,306034,13435,84016,2332767,654490,0,3108950,-5,-5,-5,-5,-5,-5,-5,-5,-5,-5,-5,-5,-5,-5,-5,-5,-5,-5,-5,-5,-5,-5,-5,-5,-5,-5,-5,-5,-5,-5,-5,-5,-5,-5,-5,-5,-5,-5,-5,-5,-5,-5,-5,-5,-5,-5
265,1,2,-5,-5,-5,-5,-5,1,5,4,1,1,1,1,2,03,4,4,5,2,2,1,509,3,3,4,3,3,3,4,3,5,5,4,4,4,4,11,182,0,70,134,25,5,97,229/229,4,25,12,0,1,50,3,10,1,1,2,3,2,1983,1020,30,68,339,335,346,10,10,10,0,34,2,7,8,9,21,10,6,5,0,0,31,0,0,0,427,256890,652503,909393,198975,375106,574081,11550,5418,16968,0,0,12570,53145,0,53145,1566157,46433,44928,91361,342575,460490,177175,9728,33711,1023679,374595,0,1489635,-5,-5,-5,-5,-5,-5,-5,-5,-5,-5,-5,-5,-5,-5,-5,-5,-5,-5,-5,-5,-5,-5,-5,-5,-5,-5,-5,-5,-5,-5,-5,-5,-5,-5,-5,-5,-5,-5,-5,-5,-5,-5,-5,-5,-5,-5
266,2,1,10,22,40,30,70,1,4,8,2,1,1,1,2,08,4,4,4,1,2,1,103,3,4,4,5,2,4,5,2,4,4,5,4,3,2,0,149,0,38,146,10,22,99.8,221/221,0,11,1,0,1,43,3,10,2,1,1,3,4,1992,797,24,49,263,260,274,8,8,8,0,13,0,3,19,19,5,1,1,1,0,0,11,0,0,0,311,-5,-5,-5,-5,-5,-5,-5,-5,-5,-5,-5,-5,-5,-5,-5,-5,-5,-5,-5,-5,-5,-5,-5,-5,-5,-5,-5,-5,2990,450909,1516,455415,0,0,11710,0,11710,1915120,126664,2041784,75201,0,75201,0,0,0,0,197899,349921,547820,10177,3142107,2143080,249319,24269,856,7328,1466,0,0,0,22930,0,2214,31460,26437,33654,58790,0,0,0,347707,498048,2949510
267,1,1,70,30,-4,-4,-4,1,2,20,2,1,1,2,2,02,4,5,5,1,1,1,611,5,2,2,4,1,3,4,2,4,4,4,4,3,1,5,50,0,5,66,10,41,98.5,210/220,0,18,16,0,1,51,2,11,1,1,1,3,3,1971,381,16,38,93,122,166,5,5,6,0,10,0,1,5,8,12,6,1,5,0,0,19,0,0,0,116,212739,293455,506194,83636,158265,241901,901,8288,9189,0,8193,0,98631,0,98631,864108,33283,3081,36364,60714,366054,149648,7644,36876,620936,158225,0,815525,-5,-5,-5,-5,-5,-5,-5,-5,-5,-5,-5,-5,-5,-5,-5,-5,-5,-5,-5,-5,-5,-5,-5,-5,-5,-5,-5,-5,-5,-5,-5,-5,-5,-5,-5,-5,-5,-5,-5,-5,-5,-5,-5,-5,-5,-5
268,1,2,-5,-5,-5,-5,-5,1,2,5,2,1,1,2,2,07,4,1,4,3,3,2,-5,4,3,4,5,4,4,5,2,5,4,5,5,1,2,0,25,0,2,71,5,6,97.8,221/221,1,18,8,0,1,51,5,11,1,1,1,3,3,1993,255,16,35,98,72,85,5,5,5,1,11,1,2,3,4,7,8,5,4,1,0,18,0,0,0,98,205578,492252,697830,53098,65949,119047,14803,8855,23658,0,0,0,38915,0,38915,879450,30316,28433,58749,52626,274113,145434,12801,10453,495427,65949,0,620125,-5,-5,-5,-5,-5,-5,-5,-5,-5,-5,-5,-5,-5,-5,-5,-5,-5,-5,-5,-5,-5,-5,-5,-5,-5,-5,-5,-5,-5,-5,-5,-5,-5,-5,-5,-5,-5,-5,-5,-5,-5,-5,-5,-5,-5,-5
269,1,1,10,30,70,-4,-4,1,5,7,2,1,1,2,2,04,5,3,5,1,1,1,712,5,5,4,3,2,3,4,2,5,4,4,3,4,5,0,104,0,24,75,14,12,97.2,223/223,0,14,23,0,2,49,3,11,1,1,1,2,2,1982,581,18,40,192,201,188,6,6,6,0,14,4,2,1,9,15,3,4,0,2,0,17,0,0,0,200,186657,262380,449037,118870,303166,422036,3405,1301,4706,0,0,6000,34331,0,34331,916110,33058,62613,95671,109464,201225,141256,8832,28136,488913,303145,0,887729,-5,-5,-5,-5,-5,-5,-5,-5,-5,-5,-5,-5,-5,-5,-5,-5,-5,-5,-5,-5,-5,-5,-5,-5,-5,-5,-5,-5,-5,-5,-5,-5,-5,-5,-5,-5,-5,-5,-5,-5,-5,-5,-5,-5,-5,-5
270,1,2,-5,-5,-5,-5,-5,1,4,4,2,1,1,2,2,-4,4,4,4,3,2,1,611,3,1,5,3,3,3,4,2,5,3,4,4,3,5,0,24,0,10,36,4,16,98.44,220/223,0,9,8,0,1,49,2,11,1,1,1,3,4,1999,259,9,24,84,86,89,3,3,3,0,4,1,1,5,4,7,2,3,1,0,0,15,0,0,0,72,154085,350217,504302,57209,123036,180245,500,1094,1594,0,0,0,47791,0,47791,733932,20736,36776,57512,47542,282342,112955,8919,57077,508835,123036,0,689383,-5,-5,-5,-5,-5,-5,-5,-5,-5,-5,-5,-5,-5,-5,-5,-5,-5,-5,-5,-5,-5,-5,-5,-5,-5,-5,-5,-5,-5,-5,-5,-5,-5,-5,-5,-5,-5,-5,-5,-5,-5,-5,-5,-5,-5,-5
271,1,1,30,70,-4,-4,-4,1,4,5,2,1,1,2,2,01,4,3,5,1,1,2,-5,3,4,4,4,1,4,5,2,4,5,5,4,3,2,0,37,0,1,58,12,13,97,118/222,0,8,20,0,1,41,3,11,1,1,1,2,3,1978,248,14,33,68,87,93,4,5,5,0,18,2,1,4,11,8,4,1,2,0,0,11,0,0,0,97,185831,114265,300096,53564,134323,187887,862,2296,3158,204,700,0,13137,0,13137,505182,28483,62385,90868,37943,73517,152487,7293,0,271240,134322,0,496430,-5,-5,-5,-5,-5,-5,-5,-5,-5,-5,-5,-5,-5,-5,-5,-5,-5,-5,-5,-5,-5,-5,-5,-5,-5,-5,-5,-5,-5,-5,-5,-5,-5,-5,-5,-5,-5,-5,-5,-5,-5,-5,-5,-5,-5,-5
272,1,1,10,70,30,-4,-4,1,2,2,1,1,1,2,2,-4,4,2,4,1,2,1,610,3,3,4,3,4,4,4,3,4,4,4,4,2,2,1,1,1,48,244,21,12,95,223/223,1,15,20,0,1,39,2,12,1,1,1,1,2,1974,992,33,78,332,332,328,11,11,11,0,12,0,2,5,11,30,15,5,8,2,0,33,0,0,2,340,574507,562108,1136615,193887,293754,487641,20666,16678,37344,0,0,358710,15968,0,15968,2036278,75170,47079,122249,17021,841401,392392,13672,337429,1601915,293428,0,2017592,-5,-5,-5,-5,-5,-5,-5,-5,-5,-5,-5,-5,-5,-5,-5,-5,-5,-5,-5,-5,-5,-5,-5,-5,-5,-5,-5,-5,-5,-5,-5,-5,-5,-5,-5,-5,-5,-5,-5,-5,-5,-5,-5,-5,-5,-5
273,1,2,-5,-5,-5,-5,-5,1,4,6,1,1,1,2,2,-4,3,3,4,3,3,1,101,3,3,4,3,3,3,4,2,4,4,4,4,2,2,1,17,0,5,70,0,0,99.7,209/220,0,0,0,0,1,48,3,12,1,1,1,2,3,1983,202,17,38,47,80,75,5,6,6,0,15,0,1,6,8,8,8,3,3,1,0,15,0,0,0,92,213627,164221,377848,37185,67662,104847,669,2416,3085,0,0,0,8021,0,8021,493801,34584,30723,65307,32411,221960,80214,6750,9414,350749,67661,0,483717,-5,-5,-5,-5,-5,-5,-5,-5,-5,-5,-5,-5,-5,-5,-5,-5,-5,-5,-5,-5,-5,-5,-5,-5,-5,-5,-5,-5,-5,-5,-5,-5,-5,-5,-5,-5,-5,-5,-5,-5,-5,-5,-5,-5,-5,-5
274,1,2,-5,-5,-5,-5,-5,1,2,2,1,1,1,2,2,-4,2,2,3,2,3,2,-5,2,2,2,3,2,3,4,2,4,4,4,4,2,2,0,16,0,5,12,5,9,90.8,222/222,1,7,8,0,1,49,2,12,1,1,1,1,4,1955,112,6,18,41,35,36,2,2,2,0,5,1,2,0,0,5,5,3,1,1,0,9,0,0,1,33,222752,101964,324716,21756,72873,94629,97,2484,2581,278,0,79260,42515,0,42515,543979,18557,14753,33310,31399,195277,102717,6360,78723,414476,72873,0,520659,-5,-5,-5,-5,-5,-5,-5,-5,-5,-5,-5,-5,-5,-5,-5,-5,-5,-5,-5,-5,-5,-5,-5,-5,-5,-5,-5,-5,-5,-5,-5,-5,-5,-5,-5,-5,-5,-5,-5,-5,-5,-5,-5,-5,-5,-5
275,1,1,30,70,-4,-4,-4,1,3,10,1,1,1,2,2,-4,5,1,5,2,1,1,509,4,5,5,4,4,3,4,2,4,3,4,5,2,5,2,52,0,67,131,13,8,99,218/222,4,13,26,0,1,50,3,12,1,1,1,2,2,1956,718,24,69,242,235,241,8,8,8,0,39,1,4,15,7,12,14,7,6,3,0,17,0,0,0,264,221635,330919,552554,159236,245281,404517,4281,3182,7463,0,0,9420,33342,0,33342,1007296,66895,69395,136290,42182,316875,136397,9697,33838,538989,249114,0,924393,-5,-5,-5,-5,-5,-5,-5,-5,-5,-5,-5,-5,-5,-5,-5,-5,-5,-5,-5,-5,-5,-5,-5,-5,-5,-5,-5,-5,-5,-5,-5,-5,-5,-5,-5,-5,-5,-5,-5,-5,-5,-5,-5,-5,-5,-5
276,2,1,92,-4,-4,-4,-4,1,5,5,2,1,1,1,1,03,4,4,4,3,2,1,611,3,3,4,4,3,4,4,3,4,4,4,4,4,4,0,35,0,6,41,6,0,99,208/218,0,38,4,0,1,50,9,12,2,1,1,2,2,1974,669,23,50,202,204,263,7,7,9,0,15,0,1,4,10,19,7,5,3,1,0,6,0,0,0,250,-5,-5,-5,-5,-5,-5,-5,-5,-5,-5,-5,-5,-5,-5,-5,-5,-5,-5,-5,-5,-5,-5,-5,-5,-5,-5,-5,-5,2700,504567,1929,509196,0,0,16421,0,16421,2336216,296895,2633111,3,0,3,0,0,0,0,133015,289276,422291,8014,3589036,2651699,461823,0,1919,14003,1206,659,0,0,94250,0,0,38866,0,24559,0,0,0,0,300052,363477,3589036
277,2,1,70,30,-4,-4,-4,1,2,10,1,1,1,2,2,-4,4,1,4,1,2,1,611,3,5,4,3,2,4,4,1,4,4,4,3,4,4,4,44,1,50,87,4,23,98.72,215/225,2,30,6,0,1,43,3,12,2,1,1,2,4,1971,542,18,39,182,181,179,6,6,6,0,15,0,1,4,6,14,9,4,1,0,0,13,0,0,0,186,-5,-5,-5,-5,-5,-5,-5,-5,-5,-5,-5,-5,-5,-5,-5,-5,-5,-5,-5,-5,-5,-5,-5,-5,-5,-5,-5,-5,2214,320787,1163,324164,0,0,6962,0,6962,2026301,206056,2232357,6302,0,6302,0,0,0,0,101186,231701,332887,1966,2904638,2143559,451447,9831,4722,772,728,421,0,0,995,0,0,30420,0,24789,0,0,0,0,231605,286814,2899289
278,1,2,-5,-5,-5,-5,-5,1,5,6,2,1,1,2,2,-4,3,2,4,3,1,1,104,4,4,4,4,4,3,4,3,4,4,4,4,4,4,5,70,3,120,28,4,20,99.8,221/221,1,18,25,0,1,49,9,12,1,1,1,2,3,1965,708,24,53,242,236,230,8,8,8,0,28,0,1,6,6,16,12,5,6,1,0,27,0,0,3,236,206056,309544,515600,136733,622506,759239,1397,8198,9595,0,0,7000,18877,0,18877,1310311,48600,63051,111651,40774,250751,242783,10515,0,544823,628347,0,1284821,-5,-5,-5,-5,-5,-5,-5,-5,-5,-5,-5,-5,-5,-5,-5,-5,-5,-5,-5,-5,-5,-5,-5,-5,-5,-5,-5,-5,-5,-5,-5,-5,-5,-5,-5,-5,-5,-5,-5,-5,-5,-5,-5,-5,-5,-5
279,1,2,-5,-5,-5,-5,-5,2,-5,-5,1,1,1,2,2,-4,4,4,4,1,3,1,307,4,4,3,4,4,3,4,3,4,4,2,4,2,2,0,30,0,14,117,9,0,97.6,206/222,2,9,27,0,1,36,5,13,1,1,1,3,3,1951,385,20,43,97,126,162,6,6,7,1,19,1,1,5,13,7,2,6,7,1,0,10,0,0,0,161,228180,264818,492998,63091,128093,191184,8493,19070,27563,3488,0,0,79612,0,79612,794845,39265,38063,77328,10316,261744,181757,11626,49573,515016,170538,0,762882,-5,-5,-5,-5,-5,-5,-5,-5,-5,-5,-5,-5,-5,-5,-5,-5,-5,-5,-5,-5,-5,-5,-5,-5,-5,-5,-5,-5,-5,-5,-5,-5,-5,-5,-5,-5,-5,-5,-5,-5,-5,-5,-5,-5,-5,-5
280,2,1,70,30,10,-4,-4,2,-5,-5,2,1,1,2,2,07,4,4,4,3,2,1,103,4,3,3,5,3,4,4,2,4,4,4,4,2,2,0,130,0,52,47,21,27,98,220/221,0,17,7,0,1,47,5,13,2,1,1,3,2,1993,348,14,38,69,113,166,3,5,6,0,12,0,0,9,6,14,7,2,0,0,0,15,0,0,0,230,-5,-5,-5,-5,-5,-5,-5,-5,-5,-5,-5,-5,-5,-5,-5,-5,-5,-5,-5,-5,-5,-5,-5,-5,-5,-5,-5,-5,1030,185243,638,186911,0,0,2055,0,2055,1759626,118677,1878303,44923,0,44923,370,0,0,0,67798,170475,238273,1621,2352456,1745265,276960,8448,1420,64195,296,480,0,0,4920,0,0,25560,3821,4980,29591,0,270,0,170548,234770,2336754
281,1,1,10,70,30,40,-4,1,3,6,1,1,1,1,2,02,3,3,4,2,1,1,611,4,5,5,5,4,1,4,2,3,3,4,4,5,5,0,96,0,81,30,12,21,99.94,217/222,0,3,21,0,1,41,2,13,1,1,1,3,2,1998,609,19,44,209,202,198,6,6,6,1,19,0,1,1,9,19,7,2,4,1,0,14,0,0,0,207,340197,216657,556854,108192,344910,453102,8639,3364,12003,0,0,29475,10429,0,10429,1061863,41880,43095,84975,30180,257347,206009,9665,64617,567818,386441,0,1039234,-5,-5,-5,-5,-5,-5,-5,-5,-5,-5,-5,-5,-5,-5,-5,-5,-5,-5,-5,-5,-5,-5,-5,-5,-5,-5,-5,-5,-5,-5,-5,-5,-5,-5,-5,-5,-5,-5,-5,-5,-5,-5,-5,-5,-5,-5
282,1,2,-5,-5,-5,-5,-5,1,5,2,2,1,1,2,2,-4,3,2,5,2,3,1,611,3,4,4,4,4,3,3,2,4,4,4,4,2,2,0,45,0,12,45,2,0,98,217/222,0,4,6,0,1,46,3,13,1,1,1,3,4,1999,107,7,18,24,33,50,2,2,3,0,8,0,0,0,3,10,1,1,2,1,0,5,0,0,0,65,149542,100476,250018,15274,62269,77543,275,1490,1765,0,0,12400,3899,0,3899,345625,16260,40081,56341,782,96220,80798,3427,28576,209803,74104,0,340248,-5,-5,-5,-5,-5,-5,-5,-5,-5,-5,-5,-5,-5,-5,-5,-5,-5,-5,-5,-5,-5,-5,-5,-5,-5,-5,-5,-5,-5,-5,-5,-5,-5,-5,-5,-5,-5,-5,-5,-5,-5,-5,-5,-5,-5,-5
283,2,1,70,30,-4,-4,-4,1,4,6,1,1,1,2,2,-4,3,3,3,2,2,1,408,4,3,3,3,3,3,3,1,3,3,3,4,3,2,3,35,0,87,25,5,0,94.5,210/221,0,3,15,9,1,44,9,13,2,1,1,3,2,1966,387,18,43,105,137,145,6,6,6,0,2,0,0,0,3,26,8,3,3,0,0,8,0,0,1,167,-5,-5,-5,-5,-5,-5,-5,-5,-5,-5,-5,-5,-5,-5,-5,-5,-5,-5,-5,-5,-5,-5,-5,-5,-5,-5,-5,-5,1473,263508,1034,266015,0,0,15400,0,15400,2365331,63424,2428755,6552,0,6552,2235,0,0,0,132562,391319,523881,4142,3246980,2462527,247292,0,2141,3300,527,800,0,0,0,0,0,46380,6534,45380,31328,1615,0,0,391319,522556,3239143
284,1,2,-5,-5,-5,-5,-5,1,2,2,1,1,1,2,2,-4,4,4,4,1,1,1,611,4,3,4,4,4,4,4,2,5,5,5,4,3,3,0,115,0,25,136,15,10,98.3,206/222,3,31,43,0,1,42,2,13,1,1,1,3,3,1993,784,31,68,245,254,285,10,10,10,1,15,3,8,5,13,15,12,8,3,1,0,14,0,0,1,276,407260,568074,975334,131585,358804,490389,13172,8010,21182,0,0,332254,1895,0,1895,1821054,65225,31205,96430,12898,469790,286989,9847,463294,1242818,478410,0,1817658,-5,-5,-5,-5,-5,-5,-5,-5,-5,-5,-5,-5,-5,-5,-5,-5,-5,-5,-5,-5,-5,-5,-5,-5,-5,-5,-5,-5,-5,-5,-5,-5,-5,-5,-5,-5,-5,-5,-5,-5,-5,-5,-5,-5,-5,-5
285,1,2,-5,-5,-5,-5,-5,1,4,3,1,1,1,1,2,02,4,3,3,1,3,1,611,3,2,3,4,4,3,4,2,4,4,5,5,3,5,0,62,2,43,93,25,0,97,205/205,0,20,20,0,1,50,2,14,1,1,1,3,2,1951,657,24,57,240,222,195,8,8,8,0,9,1,0,3,7,18,10,9,6,3,0,19,0,0,1,200,354316,1247615,1601931,140295,268442,408737,10868,9841,20708,0,0,16673,10117,0,10117,2058166,56435,49057,105492,145105,865041,274478,9657,77862,1372142,268151,0,1745786,-5,-5,-5,-5,-5,-5,-5,-5,-5,-5,-5,-5,-5,-5,-5,-5,-5,-5,-5,-5,-5,-5,-5,-5,-5,-5,-5,-5,-5,-5,-5,-5,-5,-5,-5,-5,-5,-5,-5,-5,-5,-5,-5,-5,-5,-5
286,2,2,-5,-5,-5,-5,-5,1,5,3,1,1,2,2,1,-4,4,5,3,1,2,1,611,3,3,2,5,4,4,4,2,3,4,5,4,2,4,0,129,1,122,26,29,0,98,223/228,0,50,0,0,1,51,3,14,2,1,1,1,2,1953,788,27,55,270,266,252,9,9,9,0,9,0,1,7,17,12,7,5,3,3,0,17,0,0,0,290,-5,-5,-5,-5,-5,-5,-5,-5,-5,-5,-5,-5,-5,-5,-5,-5,-5,-5,-5,-5,-5,-5,-5,-5,-5,-5,-5,-5,3850,643100,1650,648600,0,0,2500,0,2500,2400360,313948,2714308,13157,0,13157,0,0,0,0,179281,279529,458810,113,3837488,2850130,228669,52269,0,128565,715,5342,0,0,100000,0,0,39960,18317,48049,72954,0,0,0,284449,463729,3829419
287,1,1,30,70,-4,-4,-4,2,-5,-5,2,1,1,2,2,03,4,2,4,1,3,2,-5,4,4,4,4,3,4,4,2,3,4,5,5,2,2,0,10,0,0,17,2,0,96,215/215,0,6,4,0,2,42,3,14,1,1,1,2,4,1990,75,6,14,22,22,31,2,2,2,0,9,0,2,0,5,4,1,1,0,1,0,3,0,0,0,27,115012,87608,202620,15378,6116,21494,173,564,738,110,0,13,6978,0,6978,231952,13440,9406,22846,21127,83621,74694,5478,6000,190921,6116,0,219882,-5,-5,-5,-5,-5,-5,-5,-5,-5,-5,-5,-5,-5,-5,-5,-5,-5,-5,-5,-5,-5,-5,-5,-5,-5,-5,-5,-5,-5,-5,-5,-5,-5,-5,-5,-5,-5,-5,-5,-5,-5,-5,-5,-5,-5,-5
288,2,2,-5,-5,-5,-5,-5,1,5,8,2,2,1,1,2,02,4,4,5,1,2,1,102,5,5,5,5,5,5,5,2,3,3,4,4,2,4,0,83,0,4,85,20,29,98,210/221,1,19,1,0,1,47,3,14,2,1,1,2,2,1972,527,18,38,152,188,187,6,6,6,0,10,0,0,1,7,9,13,2,4,2,0,12,0,0,1,183,-5,-5,-5,-5,-5,-5,-5,-5,-5,-5,-5,-5,-5,-5,-5,-5,-5,-5,-5,-5,-5,-5,-5,-5,-5,-5,-5,-5,2029,425623,755,428407,0,0,6536,0,6536,1919132,723603,2642735,13504,0,13504,0,0,0,0,118134,141549,259683,3381,3354246,2198783,741647,0,0,9023,395,0,0,0,90305,0,0,29280,10265,28881,44567,2750,0,0,141549,257292,3297445
289,1,2,-5,-5,-5,-5,-5,1,2,5,1,1,1,2,2,-4,3,3,3,1,1,1,206,2,4,4,4,3,2,3,2,4,3,3,3,1,2,0,95,0,19,80,13,19,98.2,203/221,0,19,28,0,1,44,2,14,1,1,1,3,2,1951,561,25,55,174,196,191,8,8,8,1,11,3,8,5,6,17,6,3,3,4,0,10,0,0,0,191,374048,806500,1180548,123083,240357,363441,1338,9267,10605,0,0,11500,51739,0,51739,1617833,49868,30942,80810,141423,766011,248051,9884,70420,1235789,241955,0,1558555,-5,-5,-5,-5,-5,-5,-5,-5,-5,-5,-5,-5,-5,-5,-5,-5,-5,-5,-5,-5,-5,-5,-5,-5,-5,-5,-5,-5,-5,-5,-5,-5,-5,-5,-5,-5,-5,-5,-5,-5,-5,-5,-5,-5,-5,-5
290,2,2,-5,-5,-5,-5,-5,1,5,14,2,1,1,2,1,-4,3,3,3,1,2,1,408,4,3,4,4,4,4,4,2,2,1,4,3,3,3,0,110,8,95,30,2,4,99,225/225,10,7,14,0,1,45,9,14,2,1,1,2,2,1952,442,13,0,0,205,237,0,6,7,0,0,0,0,0,0,0,0,0,0,0,0,0,0,0,0,253,-5,-5,-5,-5,-5,-5,-5,-5,-5,-5,-5,-5,-5,-5,-5,-5,-5,-5,-5,-5,-5,-5,-5,-5,-5,-5,-5,-5,2208,493473,1455,497136,0,0,3000,0,3000,1764362,234023,1998385,43309,0,43309,100000,0,0,70610,161114,293422,454536,7107,3174083,2141873,196837,58837,36617,33660,830,7600,0,0,103848,70610,0,30720,10474,20144,72131,0,195,0,293420,427084,3077796
291,2,1,22,-4,-4,-4,-4,1,2,2,1,1,1,2,2,-4,4,4,4,2,3,2,-5,2,3,3,4,3,3,4,2,4,4,4,4,2,4,0,69,0,8,77,10,14,96.3,204/224,25,25,0,0,1,43,2,14,2,1,1,3,3,1995,379,12,27,122,128,129,4,4,4,0,4,0,0,0,7,17,2,0,1,0,0,6,0,0,0,135,-5,-5,-5,-5,-5,-5,-5,-5,-5,-5,-5,-5,-5,-5,-5,-5,-5,-5,-5,-5,-5,-5,-5,-5,-5,-5,-5,-5,1588,235326,540,237454,0,0,2000,0,2000,1518848,697187,2216035,30732,0,30732,5590,0,0,0,87015,19888,106903,756,2599470,1587116,720390,83063,2400,44902,300,6682,0,0,48500,0,0,19440,2646,7980,53343,0,0,0,19888,103297,2596650
292,2,2,-5,-5,-5,-5,-5,1,5,5,1,1,2,1,2,03,4,3,4,3,2,1,408,4,4,4,5,4,4,4,2,4,3,4,4,4,2,0,19,0,29,17,0,0,98,208/228,1,18,0,0,2,49,9,14,2,1,1,2,3,1977,164,9,19,39,55,70,3,3,3,0,7,0,1,4,5,5,3,0,1,0,0,7,0,0,0,64,-5,-5,-5,-5,-5,-5,-5,-5,-5,-5,-5,-5,-5,-5,-5,-5,-5,-5,-5,-5,-5,-5,-5,-5,-5,-5,-5,-5,441,126239,377,127057,0,0,1655,0,1655,978348,594329,1572677,61684,351732,413416,0,0,0,0,55524,166531,222055,6865,2343725,980460,321828,3652,6681,11900,54,0,0,0,775596,0,0,24471,4856,5175,20877,0,0,0,166339,221718,2321889
293,1,2,-5,-5,-5,-5,-5,2,-5,-5,1,1,1,2,2,-4,3,1,4,4,3,1,206,3,3,3,4,2,2,3,1,1,2,3,4,1,1,0,24,0,0,20,0,12,83,208/224,2,11,6,0,1,43,2,14,1,1,1,3,3,1967,125,9,23,44,41,40,3,3,3,0,6,4,5,0,1,6,3,2,2,0,0,5,0,0,0,45,208116,258924,467040,27734,52756,80490,594,737,1331,0,0,0,4167,0,4167,553029,19680,25611,45291,41856,178865,111929,6680,24746,364076,52627,0,461994,-5,-5,-5,-5,-5,-5,-5,-5,-5,-5,-5,-5,-5,-5,-5,-5,-5,-5,-5,-5,-5,-5,-5,-5,-5,-5,-5,-5,-5,-5,-5,-5,-5,-5,-5,-5,-5,-5,-5,-5,-5,-5,-5,-5,-5,-5
294,1,2,-5,-5,-5,-5,-5,1,5,4,2,1,1,1,2,-4,3,2,3,3,3,1,408,4,2,4,4,3,3,3,2,3,3,3,4,2,1,0,8,0,1,24,1,4,99,222/222,2,7,6,0,1,40,3,14,1,1,1,2,3,1975,101,9,21,31,37,33,3,3,3,0,12,4,5,1,2,3,1,2,3,0,0,2,0,0,0,35,128576,142123,270699,11929,41640,53569,204,1034,1239,0,0,54382,2263,0,2263,382151,20117,41096,61213,71726,95975,75858,7620,27929,279109,41640,0,381962,-5,-5,-5,-5,-5,-5,-5,-5,-5,-5,-5,-5,-5,-5,-5,-5,-5,-5,-5,-5,-5,-5,-5,-5,-5,-5,-5,-5,-5,-5,-5,-5,-5,-5,-5,-5,-5,-5,-5,-5,-5,-5,-5,-5,-5,-5
295,2,1,30,-4,-4,-4,-4,2,-5,-5,1,1,1,1,1,-4,4,1,3,2,3,1,206,4,4,4,5,4,4,4,3,4,3,4,4,4,4,0,82,0,3,97,2,0,96,203/220,12,0,5,2,1,47,2,14,2,1,1,1,2,1977,536,27,54,182,175,179,9,9,9,0,2,0,4,2,3,4,7,19,11,4,0,11,0,0,0,266,-5,-5,-5,-5,-5,-5,-5,-5,-5,-5,-5,-5,-5,-5,-5,-5,-5,-5,-5,-5,-5,-5,-5,-5,-5,-5,-5,-5,2111,324740,18158,345009,0,0,0,4529603,4529603,0,754828,754828,8,0,8,1118,0,0,0,106784,51656,158440,8267,5797273,4117690,875673,4300,118451,81784,1774,1100,0,0,437660,0,0,40320,5900,34915,24162,927,561,0,51656,158441,5796873
296,1,2,-5,-5,-5,-5,-5,2,-5,-5,1,1,1,2,2,09,4,2,3,3,3,1,611,3,2,3,3,1,2,3,2,3,3,4,4,1,1,0,14,0,18,33,14,0,90,217/224,0,10,11,0,1,51,2,15,1,1,1,3,4,1966,209,9,21,71,75,63,3,3,3,0,5,2,3,0,0,9,2,4,1,0,0,6,0,0,0,65,174295,183486,357781,33222,56797,90019,2533,464,2997,0,0,1400,0,9091,9092,461289,24274,28784,53058,32045,186651,75834,7247,41952,343729,56797,0,453584,-5,-5,-5,-5,-5,-5,-5,-5,-5,-5,-5,-5,-5,-5,-5,-5,-5,-5,-5,-5,-5,-5,-5,-5,-5,-5,-5,-5,-5,-5,-5,-5,-5,-5,-5,-5,-5,-5,-5,-5,-5,-5,-5,-5,-5,-5
297,2,2,-5,-5,-5,-5,-5,2,-5,-5,2,1,1,2,2,09,5,3,4,1,3,1,307,3,3,3,5,4,4,4,3,3,4,4,4,3,2,0,33,0,4,60,30,13,95.5,213/221,1,0,12,0,1,42,3,15,2,1,1,2,3,1966,271,13,33,76,98,97,3,5,5,0,18,0,0,2,4,18,7,0,2,0,0,10,0,0,0,96,-5,-5,-5,-5,-5,-5,-5,-5,-5,-5,-5,-5,-5,-5,-5,-5,-5,-5,-5,-5,-5,-5,-5,-5,-5,-5,-5,-5,1176,201644,900,203720,1,1750,1,2,1754,1603163,2,1603165,1,1,2,3,2,2,1,53349,130811,184160,345,1993154,1603163,173795,24720,3814,2416,600,480,3,1,1,0,1,21060,5690,6604,19144,500,350,1,130811,184160,1993154
298,2,1,10,70,22,-4,-4,1,5,10,1,1,1,1,2,-4,4,3,4,1,1,1,714,4,4,4,4,4,4,4,3,5,4,4,4,3,5,0,43,4,154,59,21,2,99.9,225/225,9,35,10,0,1,47,9,15,2,1,1,2,2,1972,926,27,58,314,302,310,9,9,9,0,14,2,4,10,19,10,5,5,2,1,0,8,0,0,2,346,-5,-5,-5,-5,-5,-5,-5,-5,-5,-5,-5,-5,-5,-5,-5,-5,-5,-5,-5,-5,-5,-5,-5,-5,-5,-5,-5,-5,4680,784512,3060,792252,0,700,0,0,700,2571138,122000,2693138,100,0,100,996,0,0,0,212418,506500,718918,5700,4211804,2947387,405003,81720,11616,5000,2160,1500,0,0,35500,0,3000,46020,18245,21299,126854,0,0,0,506500,718918,4211804
299,1,1,70,-4,-4,-4,-4,2,-5,-5,2,1,1,2,2,02,4,3,4,1,3,1,307,4,1,3,3,4,3,4,2,4,4,4,3,2,3,0,201,0,3,67,11,12,97.4,218/224,3,22,23,0,1,48,2,15,1,1,1,3,2,1962,897,30,69,301,289,307,10,10,10,0,13,0,3,5,12,23,7,6,8,5,0,14,0,0,1,313,338685,871314,1209999,148227,277450,425677,3259,14118,17377,0,0,0,305,0,305,1653358,75991,26192,102183,97563,822287,252020,12669,86571,1271110,277451,0,1650744,-5,-5,-5,-5,-5,-5,-5,-5,-5,-5,-5,-5,-5,-5,-5,-5,-5,-5,-5,-5,-5,-5,-5,-5,-5,-5,-5,-5,-5,-5,-5,-5,-5,-5,-5,-5,-5,-5,-5,-5,-5,-5,-5,-5,-5,-5
300,2,2,-5,-5,-5,-5,-5,1,4,6,1,1,1,2,2,-4,4,3,4,1,3,1,610,3,3,4,4,2,3,4,2,4,4,4,4,2,2,0,128,0,90,25,21,30,95,208/220,3,27,5,0,1,52,9,15,2,1,1,1,2,1974,620,20,43,216,229,175,7,7,6,0,7,1,3,5,6,5,10,9,3,1,0,9,0,0,0,255,-5,-5,-5,-5,-5,-5,-5,-5,-5,-5,-5,-5,-5,-5,-5,-5,-5,-5,-5,-5,-5,-5,-5,-5,-5,-5,-5,-5,3185,537043,2070,542298,3000,0,0,1,3001,2090100,2,2090102,1,0,1,1,0,0,0,141219,570568,711787,2050,3349240,2408693,181933,0,8755,20000,1470,6600,0,0,2,0,10000,33540,10860,23194,73625,0,0,0,570568,711787,3349240
