BYTID,BYAID,BYT01001,BYT02001,BYT02002,BYT02003,BYT03001,BYT03002,BYT04001,BYT04002,BYT04003,BYT04004,BYT04005,BYT04006,BYT04007,BYT04008,BYT04009,BYT04010,BYT04011,BYT04012,BYT05001,BYT05002,BYT05003C,BYT05004C,BYT05005,BYT05006,BYT05007,BYT05008
2011,201,2,4,4,3,1,3,1,3,3,4,3,3,1,4,4,3,3,3,1,43,092,504,2,15,15,1
2012,201,2,3,4,3,1,4,3,3,3,4,3,4,1,3,3,5,3,2,2,45,054,217,2,19,1,1
2013,201,2,4,5,4,1,4,2,3,4,5,4,4,2,4,4,3,4,3,1,32,010,101,2,8,8,1
2014,201,2,2,4,3,1,3,2,2,3,4,3,4,1,3,3,3,3,2,1,48,070,305,4,25,25,1
2021,202,2,2,2,1,4,3,2,3,4,2,3,4,2,3,3,4,3,2,1,44,021,107,2,17,17,2
2022,202,2,2,2,2,3,2,3,3,4,2,3,5,1,3,3,4,3,1,1,45,040,223,2,18,18,2
2023,202,2,3,3,2,2,3,3,3,4,1,2,3,2,3,3,3,3,2,1,45,092,504,2,15,15,2
2024,202,2,3,3,3,4,3,5,4,5,3,2,5,1,5,5,4,4,1,1,52,052,401,2,21,19,-4
2031,203,2,4,5,5,2,5,4,5,3,4,3,4,2,4,3,3,4,3,1,45,092,504,2,16,3,1
2032,203,2,5,5,5,1,4,4,5,4,3,3,4,2,4,3,3,3,2,2,39,092,504,2,15,1,1
2033,203,2,5,5,5,1,4,4,5,3,3,3,4,2,4,3,3,4,2,2,39,092,504,2,17,1,1
2034,203,2,5,5,5,1,5,5,5,4,3,4,5,2,5,4,4,4,2,2,26,030,213,2,4,4,1
2041,204,2,3,4,3,2,3,3,3,4,4,2,4,2,3,3,3,3,2,1,50,091,217,2,20,3,-4
2042,204,2,3,3,3,2,3,2,3,3,3,2,3,1,4,4,4,3,2,1,55,022,217,2,28,4,-4
2043,204,2,3,3,3,1,3,3,3,3,4,3,3,3,4,4,4,4,3,1,46,012,104,4,18,18,-4
2044,204,2,5,5,5,1,4,4,5,5,3,3,4,3,5,5,5,5,2,1,39,050,408,4,10,7,-4
2051,205,2,5,2,4,1,5,4,5,5,3,4,5,2,4,3,3,4,3,1,42,010,101,2,17,17,4
2052,205,2,4,4,4,1,5,5,3,3,3,4,4,1,4,4,3,3,4,1,43,091,204,2,7,7,-4
2053,205,2,4,4,4,1,5,5,5,4,4,4,5,2,4,4,4,5,5,1,38,091,403,2,10,10,-4
2054,205,2,4,5,4,1,5,4,4,3,3,4,5,1,5,4,5,5,4,1,37,091,403,4,8,5,1
2061,206,2,2,3,3,4,3,2,3,5,5,3,3,2,3,3,2,3,2,1,56,092,504,4,31,27,1
2062,206,2,3,3,2,1,3,3,2,4,3,2,4,1,3,3,3,3,2,1,41,030,213,2,16,16,2
2063,206,2,3,3,3,3,3,2,3,3,3,3,3,3,3,3,3,3,2,1,39,010,101,4,11,11,1
2064,206,2,3,3,3,3,3,3,3,3,3,2,4,2,3,3,3,3,2,1,47,040,211,2,21,21,2
2071,207,2,2,3,4,2,3,3,4,3,3,3,4,2,3,3,3,3,3,1,45,091,217,4,8,8,1
2072,207,2,2,3,3,1,3,2,4,3,3,3,4,2,3,3,4,3,3,2,38,010,101,2,14,14,1
2073,207,2,4,4,4,1,4,3,5,4,4,4,4,3,5,4,4,4,3,1,46,091,217,3,9,9,4
2074,207,2,4,3,4,1,4,2,4,4,4,3,4,1,4,4,4,4,3,1,38,091,217,4,12,3,1
2081,208,2,3,4,4,1,3,3,4,3,4,2,3,1,4,4,4,4,1,1,43,091,204,2,18,18,2
2082,208,2,2,2,2,2,2,2,2,1,2,1,3,1,3,3,3,2,1,1,43,091,222,4,18,18,4
2083,208,2,5,5,4,1,5,5,5,3,5,3,5,1,5,5,5,5,3,1,49,091,217,4,14,9,1
2084,208,2,3,2,3,4,2,4,2,2,3,2,2,1,4,4,4,3,1,1,45,092,202,4,21,8,1
2091,209,2,2,4,3,3,3,4,4,4,4,2,3,2,3,3,3,4,3,2,40,091,217,4,12,12,-4
2092,209,2,3,4,4,3,3,3,4,5,4,4,4,2,4,4,4,4,4,1,42,061,217,4,17,17,-4
2093,209,2,3,4,3,2,3,4,4,4,4,2,4,2,3,3,3,3,2,2,43,091,403,2,17,11,2
2094,209,2,3,3,3,4,3,3,2,4,3,1,2,1,3,3,3,3,2,2,48,091,403,3,25,6,1
2101,210,2,4,2,4,1,4,3,4,4,3,4,4,2,4,4,4,4,3,2,45,030,213,2,19,19,-4
2102,210,2,5,4,4,1,5,5,5,5,5,5,5,2,5,5,5,5,5,2,44,092,504,4,17,8,4
2103,210,2,4,3,3,1,4,4,4,2,3,4,4,1,4,4,4,4,4,2,32,010,101,4,10,1,1
2104,210,2,4,3,4,1,5,4,4,3,3,5,5,2,4,4,5,5,4,2,44,091,504,2,19,8,-4
2111,211,2,4,4,4,1,3,3,3,3,3,2,3,1,3,3,3,3,2,2,39,052,401,3,18,18,2
2112,211,2,3,3,3,1,3,2,3,3,3,3,3,2,3,3,3,3,2,1,38,022,108,2,14,14,-4
2113,211,2,3,3,3,1,3,2,2,3,3,3,3,2,2,2,3,3,2,1,49,022,504,2,20,20,-4
2114,211,2,2,3,2,1,3,1,1,3,1,3,3,1,2,2,2,3,1,2,43,070,305,2,17,17,-4
2121,212,2,5,5,4,1,3,4,4,5,5,4,4,4,4,4,5,4,5,1,44,091,217,6,18,17,1
2122,212,2,5,5,5,1,4,4,4,5,4,4,4,2,4,4,4,4,4,1,34,091,217,4,7,7,4
2123,212,2,4,4,4,1,4,3,4,4,4,4,5,2,5,5,5,4,3,1,59,091,217,2,29,5,-4
2124,212,2,4,3,3,1,3,3,4,4,4,3,3,2,4,4,4,4,4,2,41,054,403,2,17,17,2
2131,213,2,3,3,2,1,4,5,4,5,3,4,4,2,3,3,3,4,4,1,46,091,204,4,16,16,1
2132,213,2,3,3,3,1,3,4,4,2,3,3,4,2,3,3,4,3,3,1,44,091,204,4,11,11,-4
2133,213,2,4,3,3,1,4,4,4,3,3,3,4,1,4,3,4,4,2,1,42,091,202,3,17,17,-4
2134,213,2,4,4,4,1,4,5,5,4,3,4,4,2,3,4,4,4,3,1,35,030,213,2,8,8,1
2141,214,2,2,2,3,1,3,3,2,3,3,3,5,1,4,4,4,3,1,1,26,075,306,2,11,11,2
2142,214,2,3,3,3,2,3,3,4,3,3,3,4,2,3,4,4,3,2,1,47,091,217,2,19,19,1
2143,214,2,3,4,3,1,3,2,4,3,4,4,4,1,5,4,4,4,2,1,37,030,213,4,8,8,2
2144,214,2,4,4,3,1,4,3,5,3,4,4,5,2,4,4,4,4,3,1,33,061,217,2,8,1,2
2151,215,2,5,2,2,1,4,4,5,5,4,5,4,1,4,4,4,4,4,2,43,070,305,4,18,18,2
2152,215,2,4,4,4,1,4,3,4,4,4,4,4,1,3,3,3,3,4,2,32,010,101,4,5,5,1
2153,215,2,3,1,4,2,4,2,4,4,4,3,4,3,4,4,4,3,4,1,43,092,217,4,17,17,2
2154,215,2,4,3,3,1,4,2,4,3,2,3,3,2,4,4,4,3,4,1,42,070,305,4,10,5,1
2161,216,2,4,3,4,3,4,2,3,4,5,3,4,2,5,5,5,4,2,2,28,040,210,2,5,5,-4
2162,216,2,2,1,4,4,4,1,1,4,5,2,3,2,4,4,4,4,2,2,40,092,504,2,16,3,-4
2163,216,2,4,1,4,2,4,3,4,3,4,2,3,1,5,3,4,4,1,1,56,010,101,4,35,30,1
2164,216,2,2,2,3,4,3,1,2,2,5,1,2,2,4,5,4,4,1,2,28,030,213,3,5,5,2
2171,217,2,4,4,4,2,4,4,4,3,4,3,3,2,4,4,4,4,3,2,46,054,403,4,14,14,1
2172,217,2,3,4,4,2,4,2,4,3,4,3,3,2,4,4,4,4,3,2,41,040,203,4,19,19,1
2173,217,2,4,4,4,4,3,3,3,3,4,3,4,2,4,3,3,4,3,1,43,092,202,5,14,14,1
2174,217,2,4,4,4,2,3,4,4,2,5,3,4,2,4,4,4,4,3,1,45,021,107,4,19,19,-4
2181,218,2,4,4,4,1,4,4,4,4,4,4,5,3,4,5,4,4,3,1,42,030,213,2,15,15,1
2182,218,2,4,4,4,1,5,4,4,4,4,4,4,2,4,4,4,4,3,1,35,091,217,2,6,6,1
2183,218,2,4,3,4,1,4,3,3,4,3,4,4,4,4,4,4,4,3,1,43,040,211,2,14,14,1
2184,218,2,4,4,5,3,4,3,4,3,4,4,4,2,4,4,4,4,4,2,36,012,104,4,11,11,1
2191,219,2,5,3,4,3,4,2,4,5,5,5,4,1,5,4,4,4,1,1,46,022,108,4,18,18,1
2192,219,2,3,3,3,1,4,3,4,3,4,3,4,2,5,4,4,4,2,1,44,091,217,6,16,16,1
2193,219,2,2,3,3,1,3,2,3,4,4,3,4,1,3,3,4,3,1,1,34,050,408,4,10,10,1
2194,219,2,3,3,3,2,3,2,3,3,4,3,4,2,4,3,3,3,2,1,39,054,403,4,9,9,1
2201,220,2,3,3,3,2,3,3,3,3,4,3,4,2,3,3,3,4,3,2,52,010,101,2,28,28,1
2202,220,2,3,3,3,2,4,4,4,4,4,3,4,2,3,3,3,3,3,2,40,092,504,4,16,16,1
2203,220,2,3,3,3,1,4,3,3,4,4,3,3,2,3,3,4,3,3,1,44,092,504,2,16,16,-4
2204,220,2,4,2,2,1,4,3,4,3,4,4,4,2,3,4,4,4,3,1,41,011,112,4,15,15,1
2211,221,2,4,4,4,1,4,5,5,5,3,4,4,3,4,4,4,4,3,1,43,010,101,2,15,15,1
2212,221,2,5,5,5,1,5,5,5,5,3,4,5,2,5,4,5,5,4,1,47,012,104,4,15,15,1
2213,221,2,4,4,4,1,4,5,5,4,3,4,4,2,4,4,4,4,4,2,44,092,504,2,20,20,1
2214,221,2,4,5,4,1,4,5,5,4,3,4,4,2,5,4,4,4,4,1,44,050,408,4,17,17,1
2221,222,2,3,2,3,2,2,4,4,2,3,2,3,1,2,2,3,3,1,1,58,091,204,2,25,25,2
2222,222,2,4,4,4,2,3,4,4,3,4,3,3,2,3,3,3,4,3,1,52,091,217,2,23,23,4
2223,222,2,4,3,4,2,4,4,4,4,3,4,4,2,3,3,4,4,2,1,41,022,110,2,15,15,2
2224,222,2,3,3,3,4,3,4,2,2,3,2,3,2,2,2,3,3,2,1,46,091,204,4,10,9,1
2231,223,2,3,3,3,1,4,2,3,2,3,3,4,2,3,3,4,4,2,1,44,030,213,2,16,16,-4
2232,223,2,4,5,5,3,4,1,3,1,5,3,4,2,5,4,4,4,3,1,44,054,403,4,24,9,1
2233,223,2,3,4,4,3,4,1,3,1,4,4,4,2,3,3,4,4,4,1,41,054,403,3,15,15,-4
2234,223,2,2,3,3,4,3,2,4,1,3,3,3,3,3,3,3,4,3,2,40,021,107,2,16,16,2
2241,224,2,4,4,4,3,4,3,3,3,2,4,4,3,4,4,4,5,4,1,43,093,221,2,13,13,1
2242,224,2,4,4,4,3,4,3,2,3,2,4,4,2,4,4,4,5,3,1,44,093,221,2,16,16,1
2243,224,2,3,3,3,1,4,2,3,3,4,3,3,1,2,2,3,4,2,1,43,093,221,5,16,16,-4
2244,224,2,4,3,4,3,4,2,4,3,2,4,4,3,4,4,4,4,4,1,47,010,101,2,19,19,1
2251,225,2,4,3,3,2,3,2,3,3,3,3,4,2,3,4,3,3,2,2,39,092,219,2,16,4,-4
2252,225,2,4,4,4,1,4,3,3,4,2,4,4,2,3,3,4,3,3,2,42,094,201,2,-3,-3,-4
2253,225,2,4,3,4,1,5,2,2,3,2,4,4,2,3,3,4,3,3,2,44,075,306,2,21,21,-4
2254,225,2,4,3,4,2,4,1,3,3,2,3,3,3,3,3,3,3,3,1,46,050,504,2,17,17,1
2261,226,2,2,3,3,1,3,3,3,4,2,3,3,2,3,3,3,3,2,2,28,010,101,2,3,3,2
2262,226,2,4,2,3,3,4,4,4,4,2,3,4,1,4,4,4,4,1,2,36,092,504,2,10,2,2
2263,226,2,3,3,3,2,3,4,5,5,1,4,4,1,4,5,5,4,2,2,28,092,217,2,3,3,-4
2271,227,2,3,2,2,2,3,4,4,3,4,2,4,2,1,1,4,4,2,1,40,091,217,4,9,9,1
2272,227,2,3,3,3,1,3,2,3,3,4,3,4,2,3,3,4,4,4,1,45,092,217,2,18,18,1
2273,227,2,3,2,3,1,3,3,4,4,4,4,4,2,3,3,2,4,4,1,36,091,222,5,10,10,2
2274,227,2,3,3,3,1,3,4,4,4,4,2,5,1,4,4,3,3,3,1,40,091,206,2,11,11,-4
2281,228,2,2,4,3,3,3,4,4,3,2,2,3,1,3,3,3,3,2,1,38,010,101,3,12,12,-4
2282,228,2,4,4,4,1,4,4,4,3,2,3,4,1,4,4,4,4,2,1,44,091,222,4,17,17,1
2283,228,2,3,4,3,2,4,3,4,3,3,2,4,2,4,4,4,4,3,1,45,091,217,2,11,11,-4
2284,228,2,3,4,3,3,3,4,3,2,2,2,3,1,4,4,3,3,3,1,42,091,217,2,16,13,1
2291,229,2,2,2,2,2,3,2,1,1,4,3,4,1,3,2,2,3,2,1,51,022,107,2,27,26,-4
2292,229,2,2,3,3,2,3,2,4,3,4,3,3,1,4,4,4,4,3,1,53,050,408,2,25,6,-4
2293,229,2,3,2,3,4,3,3,3,2,4,2,3,1,3,3,3,3,1,2,38,030,213,2,15,15,-4
2294,229,2,4,4,4,2,4,4,4,2,4,3,4,2,4,4,4,4,3,1,41,054,403,4,12,12,-4
2301,230,2,4,3,3,3,5,3,5,4,2,2,4,2,5,5,5,5,4,1,44,010,101,3,18,18,1
2302,230,2,3,3,3,1,4,5,5,2,3,4,5,1,5,4,4,3,5,1,47,091,202,4,20,20,1
2303,230,2,4,4,4,1,4,4,4,3,3,4,4,2,5,4,4,4,4,1,43,070,305,2,16,16,1
2304,230,2,4,4,3,1,4,4,5,2,2,4,4,1,4,4,4,4,4,1,46,091,202,4,19,19,2
2311,231,2,3,3,4,1,3,5,4,3,2,3,5,1,1,3,4,4,2,2,32,092,217,2,10,1,-4
2312,231,2,5,4,4,1,4,5,5,2,4,3,4,3,4,3,3,4,2,2,40,092,504,2,14,1,2
2313,231,2,5,4,4,1,4,4,4,3,2,4,4,2,3,3,4,4,3,2,33,092,504,2,4,4,-4
2314,231,2,3,3,4,1,4,4,4,3,2,4,4,3,4,4,4,4,4,2,51,092,217,2,24,24,1
2321,232,2,4,4,4,1,3,3,3,3,3,4,4,2,4,4,4,4,4,1,44,091,204,2,15,15,1
2322,232,2,4,4,4,1,3,4,4,2,3,3,4,2,3,3,3,4,4,1,40,030,213,2,15,15,2
2323,232,2,4,4,3,3,4,4,4,5,4,4,4,1,3,3,4,3,4,1,45,091,217,4,7,7,4
2324,232,2,3,5,5,3,2,5,5,5,3,4,4,2,4,4,3,4,4,1,34,091,217,2,6,6,1
2331,233,2,4,4,4,1,4,4,4,4,4,5,5,3,5,5,5,5,5,1,46,091,217,2,16,5,-4
2332,233,2,3,3,3,1,2,3,3,3,3,3,4,2,4,3,3,4,2,1,36,022,108,2,4,4,-4
2333,233,2,4,4,4,1,2,4,4,4,3,3,4,2,4,3,3,4,3,1,45,092,504,4,16,10,4
2334,233,2,3,3,3,2,2,3,3,3,3,3,3,3,3,3,3,4,3,1,50,092,217,2,22,2,4
2341,234,2,3,3,4,2,3,1,2,3,3,2,4,2,3,3,4,3,2,1,42,091,217,2,8,8,2
2342,234,2,4,4,5,1,4,2,3,3,2,3,4,2,3,3,4,4,3,1,55,091,217,2,25,20,4
2343,234,2,2,1,1,3,4,4,4,4,2,2,4,1,4,4,4,4,4,1,59,091,217,2,35,32,-4
2344,234,2,1,1,1,2,3,3,3,3,2,2,3,1,3,4,4,4,1,1,42,091,204,4,10,10,2
2351,235,2,4,2,5,1,4,4,4,4,4,4,4,1,4,4,4,4,2,2,34,090,508,4,12,7,2
2352,235,2,4,2,5,1,4,4,5,5,4,4,4,1,4,4,4,4,1,1,52,090,214,2,24,20,1
2353,235,2,1,2,2,3,3,3,3,3,3,3,3,1,3,3,3,4,1,2,49,040,203,2,27,27,2
2354,235,2,3,2,3,2,3,4,3,4,3,3,4,2,3,3,3,4,2,2,34,010,101,5,13,13,4
2361,236,2,5,4,4,1,5,3,5,3,5,4,4,2,5,5,5,4,3,1,56,070,305,3,23,1,1
2362,236,2,4,4,4,1,5,1,4,2,5,4,5,2,4,4,4,4,4,1,46,091,504,5,16,1,-4
2363,236,2,4,3,3,4,3,3,4,4,5,3,2,2,4,4,3,3,3,1,43,092,219,4,17,2,1
2364,236,2,4,2,4,3,4,3,3,4,4,3,4,1,3,3,3,4,3,1,52,075,504,6,27,8,1
2371,237,2,4,5,5,1,4,1,5,3,4,3,4,2,3,3,3,4,4,1,50,092,204,4,25,25,-4
2372,237,2,3,3,3,1,4,2,3,3,3,3,4,2,4,4,4,4,3,1,42,030,213,4,15,15,1
2373,237,2,2,4,3,2,2,1,3,2,2,2,3,2,3,3,2,3,2,1,53,091,217,4,10,10,1
2374,237,2,3,3,3,3,3,2,4,3,4,3,4,1,4,3,3,3,2,1,45,091,217,4,11,1,1
2381,238,2,3,2,4,3,3,3,4,4,2,2,3,2,4,4,4,3,3,2,40,010,101,4,17,17,2
2382,238,2,4,3,3,4,3,2,2,4,2,2,3,2,3,3,3,4,2,1,41,021,107,2,15,15,1
2383,238,2,3,3,3,3,3,3,4,4,2,3,3,1,5,5,3,5,3,1,34,075,306,4,7,7,1
2384,238,2,4,3,3,2,4,2,3,3,2,3,3,2,4,4,4,4,2,1,40,092,504,2,14,3,1
2391,239,2,3,3,4,2,3,3,4,3,3,2,4,1,3,3,4,3,4,1,42,091,204,2,7,7,2
2392,239,2,4,2,4,2,3,3,4,5,5,3,4,1,4,4,3,4,2,1,41,091,204,3,13,13,2
2393,239,2,3,4,3,1,3,4,4,3,2,4,4,2,3,3,3,4,2,2,29,091,222,2,4,2,4
2394,239,2,4,3,3,4,4,2,5,3,2,2,4,1,5,4,4,3,2,1,30,091,217,4,7,7,4
2401,240,2,4,1,5,2,3,1,2,3,1,2,3,1,4,4,4,4,2,2,39,092,102,2,16,16,1
2402,240,2,2,3,4,2,3,2,2,2,2,2,3,2,3,3,4,3,1,2,25,092,219,2,2,2,4
2403,240,2,3,4,5,2,4,1,2,2,1,4,3,1,4,3,3,4,1,1,35,011,112,3,11,11,2
2404,240,2,4,3,2,4,4,1,2,3,2,2,4,1,4,5,4,5,2,1,43,040,211,2,18,18,1
2411,241,2,3,5,4,1,5,2,4,4,2,4,5,2,4,3,4,4,4,2,30,091,403,4,5,5,1
2412,241,2,4,4,4,1,2,3,4,3,3,4,4,2,4,3,3,4,4,2,40,010,101,2,12,12,1
2413,241,2,4,4,4,1,4,3,3,4,4,3,3,1,4,4,4,4,2,2,40,070,305,4,11,11,1
2414,241,2,4,4,4,1,4,3,4,3,3,3,4,2,4,3,3,4,3,2,31,092,217,2,7,7,1
2421,242,2,4,4,4,1,4,2,3,3,3,4,4,2,3,3,4,4,2,2,40,020,104,2,16,16,1
2422,242,2,3,3,3,3,4,1,4,3,2,3,4,2,3,3,4,4,2,1,56,092,504,4,28,28,1
2423,242,2,4,4,4,3,3,2,3,3,2,3,4,2,3,3,4,4,2,2,38,092,504,3,14,14,-4
2431,243,2,2,1,2,4,2,2,3,4,4,2,2,1,2,2,4,3,1,2,45,091,202,2,8,8,2
2432,243,2,2,2,2,3,2,2,2,2,2,3,4,2,4,2,4,4,3,1,30,091,217,2,2,2,1
2433,243,2,2,2,3,1,3,3,3,4,4,3,4,2,4,3,3,5,3,1,33,091,217,3,1,1,-4
2434,243,2,5,4,4,3,3,3,3,4,3,4,5,1,2,2,4,3,2,1,28,091,217,2,1,1,1
2441,244,2,3,3,3,2,4,3,4,3,3,3,3,2,3,3,3,4,2,2,30,092,403,2,7,7,-4
2442,244,2,2,2,2,2,3,3,4,5,3,1,3,1,3,3,3,3,1,2,31,092,217,2,8,1,-4
2443,244,2,3,3,3,4,4,4,5,5,3,2,3,2,2,2,3,3,1,2,33,092,219,2,10,10,-4
2444,244,2,2,3,3,4,3,3,3,4,3,1,3,2,2,2,4,4,2,2,32,091,217,2,9,9,2
2451,245,2,4,4,4,1,4,4,3,4,2,3,3,1,3,2,3,3,2,2,47,010,101,2,24,24,1
2452,245,2,4,3,4,4,4,4,4,3,2,3,3,1,3,3,4,4,2,2,32,092,217,4,10,10,1
2453,245,2,4,4,4,2,4,3,3,3,3,3,3,1,3,3,4,3,3,2,36,092,217,4,4,2,1
2454,245,2,4,3,3,2,4,3,5,4,3,3,4,2,4,4,4,4,3,2,29,010,101,3,5,5,1
2461,246,2,4,3,4,1,4,4,4,5,4,4,5,2,5,4,4,4,4,1,44,022,108,2,16,16,1
2462,246,2,4,4,5,1,5,5,5,5,4,4,5,1,5,5,5,5,4,1,45,021,107,2,8,8,1
2463,246,2,4,4,4,3,4,3,4,4,4,4,5,2,5,5,5,5,5,1,43,091,222,2,9,9,1
2464,246,2,4,5,5,3,5,4,4,5,3,4,5,2,5,4,4,4,3,1,39,091,222,5,10,10,1
2471,247,2,3,2,2,4,3,3,3,3,4,2,4,2,3,3,3,3,4,1,42,012,104,2,16,16,1
2472,247,2,4,3,4,1,4,4,4,3,4,3,5,2,3,3,3,3,4,1,29,092,217,4,4,4,1
2473,247,2,3,3,2,2,2,4,4,4,3,3,4,2,3,3,4,3,3,2,44,092,504,4,20,20,-4
2474,247,2,3,3,3,1,3,4,4,4,4,4,4,2,4,4,4,4,4,2,41,092,504,2,18,1,1
2481,248,2,2,4,4,2,3,3,4,4,4,3,4,2,4,4,3,4,2,2,28,022,108,4,7,7,2
2482,248,2,2,2,3,2,3,4,4,4,4,3,4,2,3,3,3,3,2,1,37,090,214,3,14,8,2
2483,248,2,3,4,4,4,3,4,4,4,4,3,3,1,4,4,2,3,3,1,36,091,204,5,14,9,1
2484,248,2,4,5,5,4,3,4,3,5,4,2,3,2,3,3,4,5,2,2,39,075,306,3,16,16,1
2491,249,2,3,3,3,1,4,2,4,4,3,3,4,1,3,3,3,4,3,1,42,010,101,2,16,16,1
2492,249,2,3,3,3,2,3,3,3,3,2,2,3,1,3,3,3,3,1,2,36,070,305,2,11,11,1
2493,249,2,3,3,3,2,3,3,3,3,3,2,3,2,3,3,3,3,2,1,36,092,504,4,4,1,1
2494,249,2,4,4,4,1,3,2,3,2,2,2,4,2,3,3,4,4,2,1,31,092,217,4,6,3,4
2501,250,2,4,3,2,3,3,2,3,4,2,4,4,1,3,3,4,4,2,2,29,011,112,2,7,7,1
2502,250,2,4,3,3,3,4,2,3,4,2,3,4,2,3,3,4,4,2,1,40,070,305,4,15,13,1
2503,250,2,4,2,2,1,4,2,2,3,3,2,4,1,3,3,3,3,4,2,43,092,504,2,20,20,1
2504,250,2,4,2,2,3,4,3,3,4,3,4,4,1,4,4,4,4,4,1,47,092,504,2,22,22,1
2511,251,2,4,4,5,3,4,4,4,3,2,4,4,2,5,4,4,5,4,1,44,090,206,4,17,5,1
2512,251,2,4,4,4,3,4,2,2,4,3,4,4,2,5,4,4,3,4,1,41,060,211,4,18,3,2
2521,252,2,4,4,4,3,4,3,2,5,4,4,4,3,4,4,4,4,4,1,34,092,217,2,9,9,2
2522,252,2,3,3,4,1,4,3,3,4,3,4,4,2,3,4,4,4,4,2,34,010,101,2,11,11,4
2531,253,2,4,4,5,2,3,4,4,4,2,3,5,2,5,5,5,5,2,1,28,040,210,4,1,1,-4
2532,253,2,4,4,4,2,3,4,4,3,3,3,3,2,4,3,3,4,2,1,42,030,213,2,17,17,1
2533,253,2,3,3,4,1,4,3,2,4,2,4,5,2,4,4,4,4,2,1,43,070,305,4,16,16,1
2534,253,2,3,3,3,1,3,3,4,3,2,2,4,2,4,4,4,4,2,1,29,091,202,2,3,2,-4
2541,254,2,3,3,3,4,2,3,3,4,2,3,4,2,2,2,3,3,2,2,41,092,504,2,14,11,2
2542,254,2,3,4,5,3,3,4,5,5,2,3,3,1,2,3,2,4,1,1,44,075,306,2,15,15,1
2543,254,2,3,3,3,2,4,4,4,4,3,3,4,3,2,2,3,4,2,2,42,070,305,2,17,17,1
2544,254,2,2,2,2,2,3,4,3,4,1,2,3,1,2,2,3,4,2,1,34,091,217,4,4,1,2
2551,255,2,3,4,4,2,3,4,4,4,5,3,3,3,3,3,3,4,2,1,46,091,204,4,21,21,1
2552,255,2,3,5,5,3,5,5,5,4,4,4,4,3,4,4,4,4,4,1,57,091,217,4,34,25,1
2553,255,2,3,3,4,1,4,4,4,4,5,4,4,3,4,4,4,4,4,1,31,091,217,2,6,6,1
2554,255,2,4,4,4,1,3,4,4,4,5,3,3,3,3,3,3,4,2,2,30,091,217,2,5,5,-4
2561,256,2,2,3,3,4,3,5,5,3,3,3,4,3,3,3,3,3,2,2,33,091,506,2,10,10,2
2562,256,2,4,3,4,2,3,3,4,5,4,2,3,4,2,4,4,4,3,2,28,094,506,4,2,2,4
2571,257,2,3,2,3,1,2,2,4,5,1,3,4,1,3,3,4,4,3,1,31,091,204,2,4,3,4
2572,257,2,4,2,3,1,3,3,3,4,2,3,4,2,3,4,5,4,2,1,29,091,204,2,3,3,4
2573,257,2,3,2,2,1,3,3,3,3,2,3,3,2,3,3,3,3,2,1,50,091,204,4,23,13,4
2581,258,2,3,4,3,4,5,5,5,5,2,2,3,2,5,5,4,4,1,1,46,091,204,4,26,1,1
2582,258,2,4,3,4,1,4,3,4,3,2,2,3,2,5,5,5,4,2,1,46,091,204,4,20,15,1
2583,258,2,3,4,4,2,3,3,3,4,4,3,3,2,4,4,4,4,2,1,48,091,204,2,25,25,-4
2584,258,2,4,4,3,2,4,4,4,4,3,3,4,2,5,4,4,4,3,1,50,040,211,4,24,24,1
2591,259,2,3,3,3,3,3,4,3,5,4,4,4,2,4,4,4,4,4,1,43,092,504,2,14,14,1
2592,259,2,4,4,4,1,5,5,5,3,4,4,5,2,5,5,5,5,4,2,47,020,104,2,23,23,1
2601,260,2,3,3,3,4,3,2,2,4,3,2,3,2,3,3,3,3,1,2,34,075,306,2,8,8,2
2602,260,2,4,5,4,1,4,3,4,4,2,2,4,2,4,4,4,4,2,1,40,090,222,2,15,15,2
2603,260,2,3,4,4,4,3,2,3,5,3,1,3,1,5,5,4,4,4,1,49,021,107,2,20,20,-4
2604,260,2,3,3,2,2,3,2,2,4,3,3,4,3,3,3,4,4,2,2,26,090,214,2,2,1,4
2611,261,2,3,5,2,3,3,3,3,4,4,4,4,2,4,4,2,3,4,1,46,091,204,2,25,25,1
2612,261,2,4,4,4,3,3,4,4,2,3,4,4,2,4,4,4,4,4,2,27,091,202,2,4,3,4
2613,261,2,5,3,3,2,4,3,3,3,3,2,3,2,3,4,4,4,4,1,40,091,217,4,17,17,-4
2614,261,2,4,5,5,3,4,4,5,3,4,4,4,2,4,3,3,3,3,1,37,091,204,2,7,4,4
2621,262,2,4,4,4,1,4,3,3,4,4,3,4,1,5,5,4,3,3,1,41,091,204,2,4,4,2
2622,262,2,4,3,5,1,4,3,4,4,1,3,4,3,5,5,5,4,2,1,46,091,204,4,20,20,-4
2623,262,2,5,4,4,1,4,2,4,3,3,3,4,2,5,5,5,5,3,1,45,091,217,4,21,21,1
2624,262,2,3,2,3,4,2,3,4,3,1,2,2,1,4,4,3,3,2,1,44,091,217,2,9,9,1
2631,263,2,3,4,4,3,4,3,3,4,3,3,4,2,4,4,4,4,3,1,43,092,504,2,20,20,-4
2632,263,2,3,4,4,2,4,4,4,3,3,4,4,2,3,3,4,4,2,2,27,092,219,2,3,3,-4
2633,263,2,4,3,4,1,4,3,3,4,3,4,4,2,4,4,4,4,3,1,42,092,504,2,15,2,2
2634,263,2,4,4,4,2,3,4,4,4,3,3,4,3,4,4,4,4,3,2,35,092,219,2,11,11,1
2641,264,2,4,3,4,1,4,4,5,5,2,4,5,3,4,4,4,4,3,1,47,091,204,4,22,1,2
2642,264,2,3,3,4,2,4,4,4,4,3,2,3,3,4,4,4,4,2,1,32,091,204,5,6,6,2
2643,264,2,3,2,3,1,2,5,5,4,3,3,4,2,3,4,4,4,3,1,34,091,204,3,12,12,-4
2644,264,2,4,3,4,1,4,2,4,4,2,3,4,3,3,3,2,4,2,1,43,091,217,4,8,1,-4
2651,265,2,5,5,5,1,3,4,5,5,4,4,4,2,5,5,4,4,2,2,44,092,504,2,22,1,2
2652,265,2,2,4,4,2,2,4,5,2,3,3,4,2,4,4,3,3,2,2,33,092,217,4,6,6,4
2653,265,2,4,3,4,2,3,4,5,4,2,2,4,3,4,4,4,4,3,2,33,092,217,2,8,8,4
2654,265,2,4,4,4,4,4,4,3,5,3,4,4,2,5,4,5,5,4,2,35,011,112,2,12,12,2
2661,266,2,5,5,5,1,5,5,5,5,4,4,5,2,4,4,4,5,3,1,38,075,306,2,9,9,4
2662,266,2,4,4,3,1,4,4,3,4,4,4,5,2,3,4,3,4,3,2,33,092,219,2,8,2,4
2663,266,2,4,3,3,1,4,3,3,5,2,3,5,2,4,4,4,3,2,1,34,092,219,4,7,7,1
2664,266,2,3,3,3,1,3,3,3,4,2,2,4,1,2,3,3,3,4,1,35,092,219,3,8,8,4
2671,267,2,4,4,5,1,4,2,3,4,3,4,4,2,4,4,4,4,2,1,42,091,217,4,10,2,1
2672,267,2,4,4,4,1,4,3,4,4,4,3,4,3,4,3,4,4,3,1,48,091,217,4,22,19,1
2673,267,2,4,4,4,3,4,3,3,4,3,4,4,2,4,4,4,4,3,2,31,091,217,2,8,8,2
2674,267,2,4,3,3,1,4,3,3,2,2,3,3,1,4,4,4,4,1,1,43,092,217,2,19,15,-4
2681,268,2,3,1,4,1,3,2,3,5,4,3,3,2,4,3,5,5,1,1,47,090,202,4,21,21,1
2682,268,2,3,2,3,3,3,3,3,4,3,3,4,2,3,3,3,3,2,1,43,030,217,2,17,17,-4
2683,268,2,4,4,4,2,3,2,3,4,4,4,4,2,4,4,4,4,2,1,42,092,219,4,12,1,1
2684,268,2,3,3,4,3,3,3,4,4,3,4,3,2,4,4,4,4,3,2,34,092,219,4,12,12,2
2691,269,2,3,3,4,1,4,4,4,4,3,4,4,2,4,4,3,4,3,2,33,092,504,2,10,7,2
2692,269,2,5,4,4,1,5,4,3,4,1,5,5,2,5,5,5,5,4,1,43,092,504,4,17,17,1
2693,269,2,3,2,3,2,3,3,3,4,2,2,3,3,3,4,4,4,2,1,45,070,305,4,22,22,1
2694,269,2,4,2,4,1,4,3,3,5,1,4,4,1,4,4,4,4,3,1,39,092,504,4,16,16,2
2701,270,2,4,3,4,4,3,1,2,3,1,4,4,2,4,3,4,4,4,1,44,061,206,4,16,1,1
2702,270,2,4,3,4,4,4,1,2,3,2,4,3,2,3,3,4,4,4,1,43,030,213,4,18,15,4
2703,270,2,3,4,4,3,3,2,4,3,2,3,4,2,3,3,4,4,3,2,32,061,217,2,9,3,-4
2711,271,2,4,2,4,1,5,3,3,3,2,3,4,1,4,5,5,5,3,1,45,070,305,2,20,17,2
2712,271,2,4,3,4,3,4,4,4,3,3,4,4,2,3,3,4,4,3,2,30,012,104,2,5,5,2
2713,271,2,4,1,3,1,4,4,4,4,2,3,4,2,3,3,3,4,3,2,40,092,504,2,15,5,2
2714,271,2,4,4,4,1,4,5,5,5,5,3,4,2,4,3,4,4,2,2,40,092,504,2,15,5,2
2721,272,2,3,2,3,3,3,3,3,3,3,2,3,3,3,3,3,3,2,1,44,091,204,2,14,14,2
2722,272,2,4,2,3,3,3,3,3,3,3,3,4,2,4,4,4,4,2,1,43,091,204,2,16,16,2
2723,272,2,3,2,4,2,4,3,3,2,3,3,4,2,4,4,4,4,1,1,49,091,204,2,23,16,1
2724,272,2,4,4,4,2,3,2,1,3,3,2,4,2,3,4,3,3,2,1,43,091,204,2,7,2,2
2731,273,2,3,1,2,3,4,2,4,3,2,3,3,1,4,4,4,4,2,1,39,092,504,4,12,3,2
2732,273,2,3,1,3,2,2,3,4,4,3,3,4,1,4,4,4,4,3,1,49,092,504,2,22,15,-4
2733,273,2,4,2,3,3,4,3,5,4,3,3,4,2,4,4,4,4,2,1,52,092,504,2,24,24,1
2734,273,2,3,2,3,4,3,3,4,3,2,1,2,1,4,4,4,4,1,1,40,092,504,3,12,11,2
2741,274,2,4,2,3,3,3,2,3,3,3,4,4,2,3,3,3,4,4,1,45,091,204,6,21,21,2
2742,274,2,3,3,4,2,3,2,3,3,2,2,3,1,4,4,5,4,2,1,40,091,204,4,14,14,2
2751,275,2,4,1,2,4,3,4,4,4,4,3,3,2,2,2,3,3,3,2,34,092,504,4,11,8,2
2752,275,2,3,3,3,2,3,3,3,4,4,4,4,2,2,3,3,4,3,2,36,092,504,2,10,1,2
2753,275,2,4,3,4,4,4,4,4,2,3,4,4,3,3,3,4,4,4,2,32,092,504,3,10,3,2
2754,275,2,4,3,3,2,3,4,4,4,3,3,4,2,3,3,4,4,4,2,45,092,504,2,16,1,2
2761,276,2,3,3,4,3,4,4,4,4,3,4,5,2,4,3,5,5,4,1,34,091,504,3,8,5,1
2762,276,2,3,3,3,1,4,3,3,4,4,3,4,2,3,3,4,4,3,1,40,092,504,2,14,14,1
2763,276,2,3,3,3,1,4,4,5,4,2,4,4,3,2,3,3,4,4,1,40,092,219,3,14,14,1
2771,277,2,3,2,3,1,4,5,5,5,4,3,5,2,4,4,4,4,2,1,45,091,504,4,18,14,1
2772,277,2,3,1,2,2,3,3,3,3,4,2,3,2,3,3,3,3,2,1,44,092,217,2,17,17,2
2773,277,2,5,5,5,1,4,4,4,4,4,4,4,3,5,5,5,5,3,1,44,092,504,2,16,3,1
2774,277,2,4,2,3,1,4,4,3,4,4,3,4,2,3,3,4,4,3,1,44,091,504,2,14,3,1
2781,278,2,4,3,4,2,4,5,5,5,4,3,4,2,4,4,4,4,3,2,32,092,504,4,10,10,2
2782,278,2,3,3,3,1,3,4,4,2,3,3,4,2,4,3,4,3,3,2,34,092,504,2,10,10,2
2791,279,2,4,3,4,2,4,3,3,4,3,3,4,1,3,3,4,4,2,2,37,090,211,2,17,2,2
2792,279,2,4,4,4,2,4,4,4,5,4,3,4,3,4,3,4,4,2,1,51,090,214,2,23,23,1
2793,279,2,3,2,3,3,3,4,3,5,2,2,3,2,3,3,4,3,2,2,41,092,504,2,17,17,2
2794,279,2,5,4,4,1,4,3,4,5,4,3,3,2,3,3,4,4,2,2,35,092,504,2,11,10,2
2801,280,2,3,3,3,2,3,4,4,4,3,3,4,2,3,3,3,4,2,1,47,091,203,4,20,15,1
2802,280,2,2,3,4,1,2,3,3,2,2,4,4,1,4,4,4,3,2,2,42,092,217,4,10,10,1
2803,280,2,3,3,2,2,4,3,3,4,2,4,4,1,3,2,4,4,2,1,42,021,108,4,15,15,2
2804,280,2,2,3,3,2,3,3,2,4,1,2,3,1,2,2,3,3,1,1,47,011,112,4,21,21,2
2811,281,2,4,4,3,1,4,5,4,5,3,3,3,3,4,3,3,4,3,1,42,040,210,4,18,18,2
2812,281,2,4,4,4,3,4,4,4,1,1,4,3,3,4,3,3,4,4,2,48,061,217,4,25,10,1
2813,281,2,3,3,3,1,4,5,4,3,1,3,4,2,3,3,4,4,4,1,43,061,504,4,15,8,2
2814,281,2,3,3,3,1,3,5,5,3,2,3,4,3,4,3,4,4,3,1,33,010,101,2,7,7,2
2821,282,2,4,3,5,3,3,4,4,3,4,2,4,2,3,4,4,4,2,2,40,092,504,3,17,6,2
2822,282,2,2,2,3,4,3,3,3,3,2,2,3,1,3,3,3,3,1,2,41,092,201,2,15,8,-4
2823,282,2,3,3,3,3,3,4,4,4,4,4,4,2,4,4,4,4,2,1,43,092,504,2,18,18,-4
2831,283,2,3,3,2,2,3,1,2,3,3,3,3,2,1,1,3,3,2,1,46,092,219,5,22,22,-4
2832,283,2,3,3,3,2,3,1,2,2,3,3,4,2,1,1,3,3,3,1,44,092,504,2,10,10,4
2833,283,2,3,3,3,3,4,2,1,2,3,3,4,1,3,3,3,3,3,1,49,092,505,4,23,23,4
2834,283,2,3,3,3,1,4,3,3,3,3,3,4,2,3,3,4,4,3,1,44,092,504,2,15,10,3
2841,284,2,4,2,4,2,4,3,4,4,4,3,4,3,4,4,4,4,3,1,49,091,204,2,29,29,1
2842,284,2,4,4,4,4,3,3,4,4,2,3,3,2,4,4,3,4,3,1,30,091,222,2,4,3,-4
2843,284,2,3,2,3,1,4,3,2,3,2,4,3,2,5,4,5,4,2,1,45,091,217,4,10,10,2
2844,284,2,3,2,3,1,4,3,3,3,3,3,3,2,4,4,4,3,2,1,50,091,203,2,25,11,-4
2851,285,2,4,4,4,1,4,4,4,5,3,4,4,2,4,4,4,4,4,1,53,091,204,2,25,25,-4
2852,285,2,3,2,3,2,3,2,2,3,4,3,3,2,3,3,4,4,3,1,40,091,217,2,10,10,-4
2853,285,2,3,3,3,1,3,3,4,3,4,3,3,2,3,3,3,3,2,2,32,091,217,4,8,8,-4
2854,285,2,3,2,4,1,2,3,3,4,4,4,4,2,5,5,4,4,3,1,49,091,222,2,21,21,2
2861,286,2,3,4,3,1,4,3,3,4,4,5,2,5,3,4,4,4,3,1,42,030,213,4,15,15,1
2862,286,2,5,5,5,3,5,4,4,5,3,4,5,2,5,5,5,5,4,1,35,092,219,4,11,1,1
2863,286,2,3,4,3,3,3,2,2,4,4,2,4,1,3,4,4,4,1,1,35,092,504,2,12,6,1
2864,286,2,3,3,3,1,5,3,2,4,4,4,4,2,3,4,4,4,4,1,46,030,213,2,18,18,1
2871,287,2,4,2,3,1,4,4,5,3,2,3,4,1,3,4,4,4,3,2,39,092,504,2,13,13,2
2872,287,2,3,1,3,1,3,4,5,3,2,2,4,1,3,4,5,4,2,2,35,010,101,2,14,14,2
2881,288,2,4,3,3,1,3,4,5,4,3,3,3,2,3,3,3,4,3,1,49,054,403,2,23,21,1
2882,288,2,3,3,3,3,3,4,4,4,4,4,4,3,4,3,4,4,3,1,43,092,504,2,23,23,1
2883,288,2,2,2,2,2,3,4,4,5,2,2,4,2,3,3,4,3,1,1,53,075,306,2,24,24,1
2884,288,2,3,3,3,3,3,5,4,4,4,4,3,2,4,3,3,3,2,1,48,092,504,4,28,28,1
2891,289,2,2,2,3,2,3,4,4,4,3,2,3,2,3,3,4,4,1,1,42,091,202,2,17,17,2
2892,289,2,4,4,4,1,2,3,4,4,4,3,3,2,4,4,4,4,2,1,44,091,204,4,21,21,2
2893,289,2,2,3,3,1,4,4,4,4,4,4,4,2,3,3,4,5,2,1,32,091,217,2,5,5,2
2894,289,2,3,4,4,1,4,4,4,4,3,3,4,1,4,4,5,4,2,2,24,030,213,2,1,1,2
2901,290,2,3,2,3,3,4,2,3,4,3,4,4,3,3,3,4,4,3,1,40,075,306,2,12,12,-4
2902,290,2,3,3,4,2,3,4,4,4,3,3,4,2,3,3,4,3,3,2,41,092,504,2,16,15,1
2911,291,2,4,4,4,1,4,3,4,4,4,4,4,2,4,4,4,4,2,1,43,091,217,4,8,8,1
2912,291,2,3,4,4,3,4,3,3,4,4,3,4,1,4,4,4,4,2,1,43,091,217,4,8,2,1
2913,291,2,3,3,3,1,5,5,4,4,3,4,4,3,4,4,4,4,4,1,40,091,204,2,8,8,1
2914,291,2,3,4,3,3,3,2,2,3,4,3,3,1,3,3,3,4,3,1,45,061,204,4,8,8,1
2921,292,2,3,3,3,3,3,3,3,4,3,4,3,2,3,3,3,3,4,2,32,092,504,2,8,8,1
2922,292,2,3,3,3,1,3,2,3,3,1,4,5,1,2,2,3,3,3,2,32,070,305,4,8,8,1
2931,293,2,3,2,3,2,3,3,3,4,2,3,3,1,4,2,4,4,2,1,46,091,204,2,23,23,1
2932,293,2,3,3,3,2,4,3,3,4,2,4,4,2,4,4,4,4,3,1,50,091,217,2,23,23,1
2933,293,2,3,3,3,2,3,2,3,5,4,2,2,2,3,2,3,3,3,1,39,091,202,2,14,14,2
2941,294,2,3,3,3,2,3,3,4,4,3,3,3,2,3,3,3,4,2,2,39,092,504,2,12,12,-4
2942,294,2,4,3,3,3,4,3,4,4,3,4,4,1,3,3,4,4,3,2,27,030,213,2,2,2,-4
2943,294,2,3,2,3,3,4,3,4,4,3,4,3,2,3,3,3,4,3,1,40,092,504,4,15,15,2
2952,295,2,4,2,4,3,4,3,4,5,3,3,4,2,3,3,3,4,4,1,49,021,107,2,23,23,1
2953,295,2,4,3,3,1,4,4,5,5,4,4,4,2,3,3,4,4,4,1,50,092,217,4,23,23,1
2954,295,2,5,3,5,1,3,5,3,5,4,4,5,1,4,4,5,5,5,1,55,092,219,2,25,25,1
2961,296,2,3,4,4,2,3,3,3,4,1,3,3,1,3,4,4,4,3,1,43,061,217,2,16,10,2
2962,296,2,3,2,4,1,4,3,4,5,2,4,5,1,4,4,5,5,1,1,43,091,217,2,4,4,1
2963,296,2,2,2,3,4,3,3,3,4,1,2,3,1,2,4,4,4,2,1,44,091,217,2,11,11,2
2971,297,2,4,1,2,1,4,3,4,3,5,3,5,1,4,3,5,5,1,2,47,054,403,2,24,24,2
2972,297,2,4,2,4,4,1,2,3,2,4,2,4,1,4,3,3,2,2,2,48,021,107,4,24,2,-4
2973,297,2,4,3,3,4,3,3,4,4,4,3,4,2,3,3,3,4,2,2,38,060,201,2,15,15,-4
2974,297,2,4,2,4,2,4,3,4,4,2,3,4,2,3,3,3,4,1,1,41,040,223,2,12,12,-4
2981,298,2,5,4,4,1,5,4,5,5,4,4,5,3,5,5,4,4,4,1,44,092,504,2,16,16,1
2982,298,2,3,3,3,1,4,4,4,4,4,4,4,3,5,5,4,5,4,1,54,092,504,4,23,23,1
2983,298,2,4,4,4,2,4,3,3,3,3,3,4,1,4,4,4,4,4,1,43,092,217,2,17,17,1
2984,298,2,4,3,4,1,4,3,3,4,4,4,4,2,4,4,4,4,3,1,40,092,504,2,14,8,1
2991,299,2,3,3,4,1,3,2,3,3,4,3,4,1,4,4,4,4,3,1,44,091,204,4,17,17,-4
2992,299,2,3,4,4,3,4,2,4,4,4,3,4,2,3,3,4,4,4,1,41,091,204,4,15,13,2
2993,299,2,4,2,4,3,4,2,2,3,3,2,3,1,4,3,3,4,2,1,42,091,217,2,16,16,2
2994,299,2,4,4,5,1,4,3,4,4,5,4,4,4,5,5,5,5,4,1,39,091,222,2,13,13,-4
3001,300,2,5,4,4,3,4,4,4,4,4,4,3,4,2,4,4,4,2,1,52,092,504,2,24,24,1
3002,300,2,3,3,3,3,3,4,4,4,4,4,4,4,4,4,4,4,2,1,52,092,504,2,22,22,-4
3011,301,3,3,3,3,2,3,4,3,4,4,3,3,4,2,2,4,3,3,1,37,010,101,3,15,15,4
3012,301,3,4,3,4,4,4,4,4,4,4,3,3,3,3,3,3,4,4,1,47,030,213,4,21,21,1
3013,301,3,3,3,3,2,3,4,3,4,4,3,3,3,3,3,3,4,3,1,41,022,110,2,16,16,-4
3014,301,3,4,4,4,1,3,4,4,4,4,4,5,5,4,3,4,5,4,1,52,040,210,4,25,25,1
3021,302,3,4,4,4,4,3,1,1,4,1,3,4,1,3,3,3,3,2,1,32,010,101,4,5,5,2
3022,302,3,3,3,4,2,3,1,2,4,3,3,4,2,3,3,3,3,3,1,37,030,213,4,7,7,2
3023,302,3,4,4,3,3,3,1,2,3,4,4,5,3,3,4,3,4,2,1,34,040,220,4,5,5,2
3024,302,3,3,4,4,4,5,2,2,3,4,4,4,3,3,3,4,4,3,1,40,070,305,2,13,13,2
3031,303,3,4,3,5,3,3,4,4,3,2,3,5,2,3,4,4,3,3,2,48,070,305,4,26,26,-4
3032,303,3,4,3,4,3,3,4,4,4,2,2,3,2,4,4,4,4,2,1,41,022,108,2,18,18,2
3033,303,3,3,4,4,3,4,4,3,5,2,3,4,2,4,4,4,4,3,1,34,030,213,2,7,7,2
3034,303,3,4,4,5,3,2,5,4,4,2,5,5,2,4,4,5,5,2,2,36,040,223,4,12,12,2
3041,304,3,4,4,4,3,4,2,3,4,4,4,4,3,3,4,4,4,4,2,40,040,203,3,15,15,1
3042,304,3,5,5,5,1,3,3,3,4,4,5,4,4,4,4,4,5,5,1,44,030,213,4,20,20,1
3043,304,3,3,3,4,2,2,2,3,4,5,4,4,4,4,3,2,2,4,1,33,010,101,4,12,12,2
3044,304,3,3,3,3,1,3,3,3,4,4,4,4,4,4,4,4,4,5,1,45,020,104,2,20,20,2
3051,305,3,4,4,5,3,3,3,4,5,4,4,4,1,2,1,3,4,2,1,48,070,305,2,22,22,4
3052,305,3,4,3,3,4,2,4,5,3,3,4,4,1,2,2,3,3,3,2,33,022,108,3,10,10,2
3053,305,3,3,3,3,3,3,4,4,4,3,3,4,3,3,3,4,4,3,2,27,010,101,2,3,3,2
3054,305,3,4,3,4,2,4,5,4,4,2,3,4,2,3,2,3,4,3,1,40,074,307,4,15,15,4
3063,306,3,3,2,3,2,3,2,2,3,3,2,3,2,3,3,3,3,3,1,49,020,104,4,27,19,-4
3064,306,3,4,4,4,3,3,3,3,3,4,3,4,3,4,4,3,4,3,1,44,091,217,4,19,19,1
3072,307,3,3,3,3,1,4,2,2,3,4,3,3,2,4,4,4,4,3,1,43,050,408,2,15,15,1
3073,307,3,4,4,4,1,4,2,3,3,4,4,4,2,4,4,4,4,3,1,45,040,203,2,15,13,1
3074,307,3,5,3,4,1,4,2,2,3,5,4,3,3,4,5,4,4,3,1,50,070,305,4,26,26,1
3081,308,3,3,3,4,3,2,3,3,5,3,4,4,3,3,3,4,4,3,2,47,011,112,2,22,22,1
3082,308,3,4,4,3,4,3,2,2,3,2,4,4,3,2,3,4,4,3,2,41,022,107,4,9,9,4
3083,308,3,4,4,4,4,4,3,3,3,4,4,4,3,3,3,4,4,4,2,34,010,101,2,10,10,-4
3084,308,3,4,4,4,3,4,4,4,4,3,4,4,4,3,4,5,4,4,2,34,010,101,2,11,11,1
3091,309,3,4,4,4,1,3,3,3,3,3,3,4,3,3,3,4,4,2,1,52,030,213,2,23,23,1
3092,309,3,4,4,4,1,4,4,4,3,3,4,4,3,4,4,4,4,3,1,52,070,305,3,25,25,1
3093,309,3,4,4,4,4,4,4,4,3,4,3,4,3,3,3,3,4,3,2,50,010,101,4,28,28,2
3094,309,3,4,4,4,1,3,4,4,3,4,4,4,2,4,4,4,4,3,2,41,012,104,3,14,14,1
3101,310,3,3,2,2,1,2,5,4,4,3,3,3,2,3,3,3,3,3,1,55,070,305,4,30,30,1
3102,310,3,4,4,3,1,3,5,5,5,4,3,3,3,3,3,3,4,3,1,42,010,101,4,16,16,1
3103,310,3,3,3,3,1,3,5,3,3,3,4,4,2,3,3,3,3,3,2,50,010,101,2,29,29,1
3104,310,3,3,4,3,1,3,4,3,3,3,4,3,2,3,3,3,3,3,1,35,054,403,2,6,6,1
3111,311,3,3,4,3,4,3,3,3,3,3,2,4,3,3,4,4,4,2,1,49,053,406,4,17,17,-4
3112,311,3,3,5,4,1,4,4,3,3,2,4,4,3,4,3,3,4,3,1,38,010,301,4,13,5,1
3113,311,3,3,3,3,4,4,2,2,3,2,4,4,4,4,4,3,4,2,1,37,070,305,4,9,9,-4
3114,311,3,5,5,5,1,5,4,4,3,3,3,4,4,5,5,4,4,4,2,49,053,406,4,25,25,-4
3121,312,3,3,4,4,1,4,3,3,5,3,4,4,2,3,3,4,4,5,1,54,040,223,2,30,25,-4
3122,312,3,4,4,5,1,4,4,5,5,4,4,5,4,4,4,4,5,5,1,43,070,305,4,18,18,1
3123,312,3,4,5,5,3,5,4,4,5,3,5,5,3,5,5,5,5,5,1,56,030,213,4,30,30,1
3124,312,3,4,4,5,1,2,4,4,4,2,4,4,2,4,3,5,5,5,1,33,040,203,4,6,4,1
3131,313,3,4,3,3,3,4,2,3,3,3,3,4,2,3,3,3,4,2,2,40,022,108,2,18,18,2
3132,313,3,3,3,3,1,4,3,3,3,4,3,3,3,3,3,3,4,3,1,35,010,101,2,10,10,-4
3133,313,3,3,3,4,2,3,3,3,3,4,4,4,3,3,3,4,4,3,1,38,070,305,2,15,15,2
3134,313,3,4,3,4,1,4,2,2,2,2,4,4,1,3,3,4,4,3,1,47,030,213,4,18,18,2
3141,314,3,3,3,3,2,3,3,3,2,2,1,4,4,2,2,3,3,4,1,36,010,101,2,12,12,2
3142,314,3,3,3,3,2,2,3,2,3,2,4,4,4,3,3,4,4,4,2,28,070,305,2,5,5,4
3143,314,3,2,2,2,2,3,3,2,3,4,4,4,3,3,2,3,3,4,2,34,022,107,2,10,10,2
3144,314,3,1,3,3,4,2,3,2,4,4,4,4,3,2,2,2,3,3,2,36,010,101,2,12,12,2
3161,316,3,3,3,3,1,3,3,3,4,4,4,4,3,3,4,4,4,4,1,34,022,110,3,7,7,1
3162,316,3,3,3,4,3,3,3,3,4,4,4,4,4,4,4,4,4,4,1,46,022,108,2,16,16,2
3163,316,3,3,3,3,1,3,2,1,3,4,3,4,3,2,3,3,4,3,1,41,040,210,2,14,11,-4
3164,316,3,4,3,4,1,3,3,3,3,4,4,4,4,4,4,4,4,3,1,36,010,101,2,11,11,2
3171,317,3,4,4,3,1,4,4,4,2,4,4,4,3,3,4,5,4,3,1,35,011,112,2,8,8,1
3172,317,3,3,3,3,2,3,3,3,4,5,4,4,3,4,4,5,4,3,1,37,070,305,4,13,13,1
3173,317,3,2,-2,-2,2,2,2,2,1,4,3,4,1,4,4,4,4,3,1,41,021,107,3,14,4,1
3174,317,3,3,3,4,1,3,3,3,2,4,3,3,3,4,4,4,4,3,1,44,040,211,2,18,18,1
3181,318,3,4,4,4,1,3,3,3,4,4,5,5,3,3,3,3,4,4,2,40,070,305,4,12,12,1
3182,318,3,4,4,4,1,4,3,3,4,4,4,4,4,4,4,4,4,4,2,42,010,101,2,20,20,-4
3183,318,3,5,4,4,1,4,3,5,4,4,5,5,3,4,4,4,4,4,2,40,070,305,2,18,18,-4
3184,318,3,4,4,4,1,4,3,3,4,3,4,4,3,3,2,4,4,3,2,33,040,223,4,7,7,-4
3191,319,3,3,3,5,1,4,4,3,3,4,4,4,3,4,4,4,4,4,1,46,030,213,2,20,18,1
3192,319,3,4,4,4,3,4,4,2,3,3,3,4,2,3,3,3,4,2,1,52,070,305,2,20,20,1
3193,319,3,3,3,4,1,3,3,2,2,4,5,4,2,4,4,4,5,2,1,42,010,101,2,17,17,2
3194,319,3,3,3,3,1,3,2,2,3,5,4,4,2,4,4,5,4,3,1,39,010,101,2,14,14,2
3201,320,3,2,3,4,3,4,2,2,3,2,2,3,3,2,2,4,4,1,1,51,021,107,2,27,27,-4
3202,320,3,2,3,3,4,2,2,2,2,2,1,3,4,2,3,3,3,2,1,45,030,213,4,18,18,1
3203,320,3,1,3,4,3,3,2,2,4,2,3,4,4,3,3,3,3,3,1,51,070,305,2,23,23,2
3204,320,3,2,2,2,2,2,2,2,4,3,3,4,3,3,3,3,3,2,1,43,022,108,2,19,19,2
3211,321,3,3,3,3,3,4,3,3,3,4,2,4,2,4,3,4,4,2,2,38,010,101,4,15,15,2
3212,321,3,2,3,3,2,3,3,2,2,2,4,4,2,4,4,4,4,3,1,39,022,108,4,16,16,2
3213,321,3,3,4,4,3,3,3,3,4,4,3,4,3,4,4,4,4,3,2,35,030,213,4,13,13,-4
3214,321,3,4,4,4,1,4,4,4,4,4,4,4,4,4,4,4,4,3,1,40,040,223,6,16,16,2
3221,322,3,3,3,3,2,3,1,2,3,5,4,4,3,4,3,4,4,3,1,33,050,408,2,5,5,2
3222,322,3,3,3,3,2,3,3,4,3,5,4,5,2,4,4,4,4,4,1,50,030,213,4,21,21,1
3223,322,3,4,3,3,3,4,2,2,4,5,4,4,3,4,4,4,5,4,2,29,040,220,2,5,5,-4
3224,322,3,4,3,4,3,4,3,4,5,5,3,5,2,3,4,4,4,4,2,48,022,102,2,25,2,2
3231,323,3,5,5,5,1,5,3,4,4,4,4,4,4,4,4,4,5,5,1,48,022,108,4,23,23,1
3232,323,3,2,3,2,3,2,4,3,4,4,3,4,4,4,4,4,4,3,1,42,030,213,2,16,16,-4
3233,323,3,4,4,4,2,3,4,4,4,4,4,4,4,4,4,4,4,4,1,56,040,223,4,31,27,4
3234,323,3,3,3,3,3,2,3,3,4,4,4,4,4,4,3,3,3,4,1,44,070,305,2,19,19,1
3241,324,3,4,4,4,3,4,2,3,3,4,4,5,3,4,5,4,4,4,1,54,030,213,2,24,24,1
3242,324,3,4,3,4,1,4,2,2,3,4,4,4,3,4,4,4,4,4,1,53,070,305,2,24,24,1
3243,324,3,4,3,4,1,4,2,2,3,4,3,3,2,4,4,4,4,4,2,42,010,101,2,19,19,-4
3244,324,3,4,4,4,1,4,2,3,3,4,4,4,3,4,4,4,4,4,1,31,040,210,2,2,2,1
3251,325,3,4,4,4,1,4,4,4,2,5,5,4,3,3,3,5,5,4,1,44,010,101,3,20,20,1
3252,325,3,4,5,5,1,5,4,4,5,5,5,4,5,5,3,4,4,5,1,44,040,223,2,15,15,-4
3253,325,3,2,4,4,1,2,3,3,3,4,5,4,4,4,3,4,4,5,1,42,010,101,2,17,17,-4
3254,325,3,4,4,4,1,4,5,4,3,4,5,4,3,4,3,3,3,5,1,45,040,211,2,19,19,-4
3261,326,3,2,3,3,1,4,3,3,5,2,3,3,3,3,3,3,4,3,1,44,050,408,4,22,22,1
3262,326,3,3,3,3,1,4,3,3,4,2,4,4,3,3,3,3,4,3,1,41,010,101,4,15,15,2
3263,326,3,3,3,3,1,4,3,3,5,2,4,3,3,3,3,3,4,3,1,40,030,213,4,13,13,2
3264,326,3,3,2,2,1,3,2,2,4,2,3,4,3,3,3,4,4,3,1,46,070,305,4,23,23,-4
3271,327,3,5,4,4,3,4,5,5,4,4,5,5,4,3,3,4,5,5,1,49,030,213,6,26,26,4
3272,327,3,5,5,5,3,4,5,5,5,5,5,5,5,3,3,4,4,5,1,43,040,223,4,13,13,2
3273,327,3,4,4,3,1,3,4,4,3,4,5,5,4,4,3,4,5,5,1,38,010,101,5,15,15,4
3281,328,3,-3,-3,-3,-3,-3,-3,-3,-3,-3,-3,-3,-3,-3,-3,-3,-3,-3,1,51,010,101,2,22,22,1
3282,328,3,4,4,4,3,4,4,4,5,3,5,5,4,4,4,4,4,4,1,40,070,305,2,14,14,1
3283,328,3,-3,-3,-3,-3,-3,-3,-3,-3,-3,-3,-3,-3,-3,-3,-3,-3,-3,1,52,040,223,2,26,21,1
3284,328,3,-3,-3,-3,-3,-3,-3,-3,-3,-3,-3,-3,-3,-3,-3,-3,-3,-3,2,38,030,213,2,14,14,1
3291,329,3,4,2,4,1,4,4,4,5,3,4,4,4,4,4,4,4,3,1,52,070,305,2,25,25,1
3292,329,3,3,2,3,3,3,3,3,4,2,3,4,3,3,3,3,3,3,2,38,010,101,2,15,15,2
3293,329,3,4,4,4,1,4,4,4,5,3,4,4,3,4,4,4,5,3,1,55,040,211,2,32,32,-4
3294,329,3,3,3,3,1,4,3,3,4,2,3,3,3,3,3,3,4,3,1,53,070,305,2,26,26,1
3301,330,3,3,4,4,3,4,3,3,4,4,4,4,4,4,3,3,3,4,1,52,030,213,2,25,25,1
3302,330,3,3,3,4,1,2,3,4,4,4,4,4,4,4,3,3,4,4,1,41,021,107,5,16,16,2
3303,330,3,5,4,5,1,4,3,2,3,4,4,4,4,4,4,4,4,5,1,46,030,213,2,18,18,2
3304,330,3,3,2,3,1,3,2,2,4,4,3,3,4,2,2,3,3,4,1,44,010,101,2,20,20,2
3311,331,3,3,4,3,2,4,2,2,3,4,4,4,3,3,3,3,4,3,1,42,010,101,4,15,15,-4
3312,331,3,4,4,4,2,5,3,3,4,4,4,4,4,3,3,3,4,4,1,35,070,305,4,5,5,-4
3313,331,3,3,3,3,2,3,3,3,3,4,4,3,3,3,3,2,4,3,1,42,070,305,3,16,16,2
3314,331,3,3,3,3,3,3,3,3,3,3,5,5,3,4,4,4,5,5,2,41,030,213,2,20,20,2
3321,332,3,3,3,2,2,2,3,2,1,2,2,3,1,2,1,5,4,1,1,40,030,213,4,16,16,1
3322,332,3,3,2,4,3,4,4,4,2,3,4,4,3,4,4,4,4,3,1,32,010,101,2,6,6,-4
3323,332,3,2,3,3,1,3,3,3,1,3,3,3,3,3,2,3,3,3,2,35,030,213,4,13,13,1
3324,332,3,5,2,3,1,3,4,4,3,4,4,4,2,5,5,4,4,4,1,40,030,213,4,14,14,-4
3331,333,3,3,3,2,4,3,1,2,2,3,3,3,2,3,3,3,3,2,1,34,010,101,2,9,9,1
3332,333,3,3,3,4,1,4,2,3,3,2,4,4,2,5,4,4,4,3,1,46,040,211,2,6,6,1
3333,333,3,3,3,3,1,4,2,2,3,2,3,3,2,3,3,3,3,2,1,50,030,213,4,25,25,2
3334,333,3,2,2,2,1,3,1,1,1,3,1,1,2,2,3,2,2,2,1,31,070,305,2,6,6,2
3341,334,3,3,4,4,4,3,5,4,4,4,3,4,4,3,3,3,3,4,1,32,010,101,2,3,3,2
3342,334,3,3,4,4,3,3,4,4,4,3,3,3,3,4,4,3,3,3,1,45,040,223,2,23,21,1
3343,334,3,4,3,4,4,3,5,4,4,3,3,3,3,4,3,4,3,2,1,45,030,213,2,15,15,2
3344,334,3,3,4,4,3,4,3,4,4,4,3,4,3,4,4,4,4,3,2,36,070,305,2,14,14,2
3351,335,3,4,3,3,1,4,3,3,4,4,4,4,2,4,3,3,3,2,1,51,070,305,2,20,20,1
3352,335,3,3,3,3,1,4,4,4,3,5,3,4,2,4,4,4,4,2,1,46,010,101,2,21,21,2
3353,335,3,3,3,3,3,4,3,3,2,3,4,4,2,3,3,4,3,2,1,48,010,101,4,20,20,2
3354,335,3,3,3,3,1,4,3,3,4,3,3,3,2,3,3,3,3,2,1,42,030,213,2,20,20,2
3361,336,3,3,3,3,1,3,4,4,3,3,3,3,3,3,3,3,3,2,1,45,012,104,4,19,16,1
3362,336,3,3,3,3,1,4,4,4,3,3,3,3,3,3,3,3,3,2,1,36,010,101,3,10,10,1
3371,337,3,3,3,3,2,4,3,3,3,2,2,1,2,3,3,4,2,2,1,41,070,305,2,16,16,1
3372,337,3,4,4,3,2,2,4,4,3,1,4,4,1,3,4,4,4,2,2,25,010,101,2,2,2,4
3373,337,3,3,3,3,3,3,2,3,3,4,3,3,2,3,3,3,3,2,1,42,022,107,4,15,15,1
3374,337,3,4,3,3,4,3,3,2,3,2,2,4,1,2,4,3,4,1,1,33,021,107,4,2,2,2
3381,338,3,4,4,3,2,3,3,3,3,4,4,4,2,3,3,3,4,3,1,47,070,305,2,17,17,1
3382,338,3,4,5,5,3,4,5,4,5,4,4,5,4,4,4,4,4,4,2,35,070,305,3,6,3,1
3383,338,3,4,4,3,1,4,4,4,4,4,4,3,3,3,3,4,4,3,1,47,030,213,2,17,17,1
3384,338,3,4,5,5,1,3,4,4,5,4,4,4,3,5,4,4,5,4,2,38,010,101,4,16,16,1
3391,339,3,3,3,3,2,4,4,3,3,3,3,3,3,4,3,4,4,3,2,48,051,408,3,22,22,1
3392,339,3,3,3,4,2,3,4,3,3,3,3,3,2,3,3,3,4,2,1,37,070,305,4,13,13,2
3393,339,3,4,4,4,1,2,4,4,4,2,4,4,3,5,5,5,5,4,1,46,070,305,4,19,19,1
3394,339,3,4,5,5,2,4,4,3,4,1,4,4,3,4,3,4,4,3,1,31,040,223,4,2,2,4
3401,340,3,5,5,5,3,3,5,4,5,5,4,4,2,4,4,5,4,3,1,41,022,108,2,16,16,4
3402,340,3,4,5,5,1,5,5,5,4,3,4,4,3,4,4,4,5,4,1,39,071,305,4,15,15,1
3403,340,3,2,3,4,2,4,5,3,4,4,4,4,2,3,3,3,4,3,1,38,040,220,4,9,1,2
3404,340,3,4,3,4,3,4,5,2,5,5,4,4,3,3,3,4,5,4,1,40,010,101,3,14,14,4
3411,341,3,4,4,4,1,5,4,4,3,5,4,4,4,4,4,5,5,5,1,40,022,108,4,14,14,-4
3412,341,3,5,5,5,1,4,4,4,3,4,4,4,4,4,4,4,4,5,1,48,030,213,4,26,26,1
3413,341,3,2,4,3,3,4,4,4,2,4,4,4,3,4,3,4,4,5,1,50,070,305,2,22,22,1
3414,341,3,4,4,4,1,5,3,3,4,4,4,4,4,5,4,4,4,5,1,41,010,101,4,19,19,1
3421,342,3,4,4,4,1,4,4,4,4,4,4,3,3,4,4,4,4,4,1,44,021,108,3,19,19,-4
3422,342,3,4,3,4,1,4,3,3,3,4,4,4,4,3,4,3,4,4,1,45,070,305,2,18,18,2
3423,342,3,3,3,3,1,4,3,3,4,4,4,4,2,4,4,4,4,4,1,42,030,213,4,15,15,-4
3424,342,3,5,5,5,1,5,5,5,4,4,5,5,3,5,5,5,5,5,1,38,040,210,2,11,11,2
3431,343,3,4,2,4,1,4,1,2,2,2,3,4,2,5,5,5,5,3,1,52,070,305,2,23,23,-4
3432,343,3,4,4,5,3,5,2,2,3,3,4,4,2,4,5,5,5,4,1,57,021,107,2,26,26,2
3433,343,3,4,3,4,3,3,3,4,4,2,4,4,2,4,4,4,4,3,1,45,020,104,2,12,12,2
3434,343,3,4,3,4,3,3,4,4,4,3,4,4,2,4,4,4,4,3,1,38,010,101,3,12,12,1
3441,344,3,5,4,5,2,5,4,4,5,3,4,5,2,3,4,4,4,4,1,50,010,101,2,20,20,1
3442,344,3,4,3,3,2,2,2,4,5,1,4,4,2,3,3,4,4,3,1,40,070,305,3,10,10,2
3443,344,3,3,3,3,3,5,4,4,5,3,4,5,3,3,3,3,4,5,2,35,010,101,4,10,8,2
3444,344,3,3,4,3,3,3,3,3,4,3,4,5,3,3,3,3,3,3,2,44,070,305,2,21,21,2
3451,345,3,3,3,3,2,3,4,3,2,2,3,4,2,3,3,3,4,2,1,34,020,104,2,12,12,2
3452,345,3,2,2,3,4,3,4,4,4,4,4,4,2,4,4,4,4,1,1,35,022,108,4,7,7,2
3453,345,3,4,4,5,1,4,3,3,3,2,4,4,2,4,4,4,4,2,1,52,022,108,4,30,30,1
3454,345,3,3,3,3,2,3,2,4,2,2,2,3,2,3,3,3,3,1,1,55,021,107,4,33,27,1
3461,346,3,5,5,5,3,5,4,4,3,3,4,4,3,4,4,3,4,4,1,38,075,301,3,12,2,1
3462,346,3,3,3,3,1,4,3,3,2,3,4,4,2,4,4,4,4,3,1,47,010,101,2,20,20,1
3463,346,3,5,4,5,3,4,4,4,5,5,5,5,3,5,5,5,5,5,1,41,040,211,2,6,6,1
3464,346,3,4,4,4,1,4,3,3,4,4,4,4,2,4,4,4,4,3,1,40,021,107,5,10,10,1
3471,347,3,3,4,3,3,2,4,3,4,3,4,4,5,5,5,3,4,5,1,31,050,408,4,4,4,-4
3472,347,3,4,5,5,1,4,3,3,4,4,4,4,4,4,4,4,4,4,1,29,030,213,2,2,2,1
3473,347,3,4,3,4,3,2,4,4,3,4,4,4,3,3,4,4,3,4,1,50,022,110,4,20,20,1
3474,347,3,3,2,2,2,3,3,3,5,5,4,3,4,1,2,3,4,3,1,44,010,101,4,16,16,-4
3481,348,3,5,4,4,1,4,4,4,5,2,3,4,2,4,4,4,4,3,1,43,022,107,3,21,21,1
3482,348,3,3,3,3,1,4,4,4,4,3,4,4,3,3,3,4,4,3,1,36,010,101,2,11,11,4
3483,348,3,2,4,3,2,4,4,3,4,1,2,3,2,2,3,4,4,2,1,31,030,213,2,4,4,-4
3484,348,3,3,2,4,3,4,4,4,4,5,4,5,3,3,3,4,4,2,1,39,010,101,2,17,14,1
3491,349,3,3,2,4,3,4,3,3,4,4,3,4,2,3,3,3,4,2,1,56,010,101,3,30,30,1
3492,349,3,2,2,2,4,3,1,3,2,3,5,4,2,2,3,4,4,2,2,31,070,305,4,6,6,2
3493,349,3,4,1,3,2,4,3,1,4,5,3,4,3,2,3,3,4,3,1,54,030,213,2,28,28,1
3494,349,3,3,2,2,2,3,2,2,2,3,3,4,3,3,3,3,4,3,1,34,040,210,4,8,8,2
3501,350,3,4,3,3,3,4,4,4,5,4,4,4,3,3,3,4,4,4,1,39,022,108,3,8,8,1
3502,350,3,3,2,2,3,4,2,2,3,3,4,4,3,2,3,3,4,4,1,36,030,213,4,13,13,1
3503,350,3,4,4,3,3,4,3,2,3,2,4,5,3,4,3,4,4,4,1,36,030,213,2,10,10,-4
3504,350,3,3,3,2,1,3,2,3,3,4,4,4,2,3,3,4,4,4,1,39,070,305,3,16,16,1
3511,351,3,3,4,4,1,4,4,5,5,5,4,4,4,1,1,3,4,4,2,40,022,110,4,13,11,-4
3512,351,3,4,4,4,3,4,3,4,4,4,3,3,4,2,2,3,4,4,1,31,010,101,2,6,2,2
3513,351,3,3,3,3,3,4,4,4,5,5,4,4,4,4,4,4,4,4,1,34,070,305,3,8,8,-4
3514,351,3,4,4,4,2,4,3,3,3,3,3,3,3,3,3,5,5,5,2,41,022,108,2,18,18,2
3521,352,3,3,2,3,4,3,3,3,3,2,3,4,3,3,3,2,3,3,1,43,075,306,4,15,15,1
3522,352,3,3,2,3,3,4,3,3,3,3,4,4,3,4,3,3,4,3,1,30,040,210,2,4,4,1
3531,353,3,3,4,4,1,4,4,4,3,2,3,4,2,3,3,2,4,2,2,30,070,305,2,2,2,4
3532,353,3,3,4,4,2,3,5,4,3,3,4,4,3,3,4,4,3,2,2,31,010,101,2,3,3,-4
3533,353,3,3,3,3,1,4,4,4,4,4,4,3,3,3,3,3,3,3,1,37,022,107,3,11,11,2
3534,353,3,2,3,4,2,4,4,4,5,5,3,4,2,3,4,4,4,3,1,38,020,104,3,13,13,1
3541,354,3,3,3,4,3,3,2,4,4,5,2,4,1,4,4,3,3,3,1,32,010,101,3,6,6,-4
3542,354,3,4,4,4,1,5,2,3,3,3,3,4,3,4,4,5,5,3,1,28,021,107,2,1,1,2
3543,354,3,3,3,3,2,4,2,3,2,3,3,4,2,4,4,4,4,2,1,30,091,217,2,3,2,2
3544,354,3,3,4,4,1,4,2,4,4,5,3,4,1,4,4,4,4,4,1,28,091,217,2,3,3,2
3551,355,3,3,3,3,3,4,2,2,4,2,4,5,3,3,3,4,4,4,1,36,022,108,2,9,9,4
3552,355,3,3,3,3,1,3,3,3,3,2,4,4,3,3,3,4,4,4,1,30,070,305,2,6,5,1
3553,355,3,5,5,5,1,5,3,3,4,2,5,5,3,3,3,5,5,5,1,45,050,408,2,18,18,1
3554,355,3,4,4,4,1,4,3,2,4,5,5,3,3,3,4,3,4,4,2,40,070,305,4,9,7,-4
3561,356,3,4,5,5,3,4,3,3,3,3,5,5,4,3,3,3,4,5,1,31,011,112,2,7,7,2
3562,356,3,4,4,4,1,5,3,3,3,4,4,4,3,3,3,4,4,5,1,30,022,108,2,5,5,-4
3563,356,3,4,4,4,3,4,3,3,2,2,4,4,3,4,4,4,4,5,1,41,030,213,2,16,16,2
3564,356,3,4,4,4,3,4,3,4,3,2,4,4,4,3,3,3,4,4,1,30,040,210,2,6,6,-4
3571,357,3,3,3,5,4,4,5,4,5,4,4,4,4,4,4,3,4,3,1,43,021,107,2,15,15,1
3572,357,3,3,3,3,3,3,3,3,4,2,3,3,4,4,3,3,3,3,1,30,030,213,2,5,5,1
3573,357,3,4,4,4,1,4,4,4,5,5,4,4,4,3,3,4,4,3,2,34,070,305,3,4,4,-4
3574,357,3,1,2,3,4,2,5,4,5,5,3,3,5,1,1,3,4,3,2,31,030,213,4,8,8,2
3581,358,3,5,4,4,1,4,4,4,3,2,4,4,2,4,4,4,4,3,2,34,010,101,2,13,13,1
3582,358,3,5,4,4,1,3,4,4,4,3,4,4,2,4,3,4,3,3,2,41,010,101,2,19,19,1
3583,358,3,5,5,5,1,4,4,4,5,3,4,5,2,4,4,4,4,4,2,45,030,213,4,23,23,1
3584,358,3,4,4,4,1,5,4,4,3,2,5,5,2,4,5,5,5,3,1,40,050,408,2,13,13,1
3591,359,3,2,3,3,2,3,2,4,2,4,3,3,2,2,2,3,3,4,1,47,070,305,2,22,22,1
3592,359,3,3,4,4,2,4,2,3,3,2,3,3,3,3,3,3,3,3,1,46,022,110,2,19,19,1
3593,359,3,1,2,2,4,3,1,1,1,1,3,3,2,1,1,1,4,3,1,40,022,103,2,10,10,2
3601,360,3,2,4,3,2,4,5,4,5,2,2,4,3,2,2,4,5,3,1,38,070,305,4,11,11,2
3602,360,3,2,3,3,4,3,4,4,4,2,2,4,3,3,3,4,4,2,1,30,022,108,3,6,6,2
3603,360,3,3,4,4,4,4,4,4,2,1,3,4,2,2,3,3,3,1,1,26,040,220,3,3,3,2
3604,360,3,3,4,4,2,3,3,2,2,1,2,3,3,2,3,3,4,2,2,29,070,305,2,5,5,2
3611,361,3,3,3,3,2,3,2,2,2,2,3,4,2,3,4,3,3,3,1,40,011,112,4,15,15,2
3612,361,3,3,3,3,1,4,2,3,2,2,3,4,3,3,4,3,3,3,1,33,022,108,2,7,7,2
3613,361,3,2,3,3,3,3,3,2,4,2,3,3,2,3,3,3,3,2,1,29,010,101,2,6,6,2
3614,361,3,3,2,2,2,3,3,3,3,2,3,3,2,2,2,2,3,3,1,33,070,305,2,7,7,2
3621,362,3,2,3,3,1,4,4,4,5,3,4,4,3,3,3,4,4,3,1,44,030,213,2,18,18,-4
3622,362,3,3,3,3,3,3,5,5,4,2,3,4,2,3,3,4,3,3,1,38,040,203,2,15,13,1
3623,362,3,3,3,2,1,4,4,3,5,3,4,4,3,3,3,4,4,3,1,36,070,305,2,7,7,1
3624,362,3,4,2,3,1,4,4,4,5,2,4,4,3,4,4,4,4,3,1,41,022,107,2,12,12,1
3631,363,3,3,2,2,2,3,4,3,3,2,4,4,2,3,3,3,4,4,1,30,010,101,4,3,3,-4
3632,363,3,5,5,5,1,4,4,5,4,3,3,4,3,4,3,4,4,4,2,52,054,403,2,20,20,1
3633,363,3,4,4,3,3,4,3,5,3,4,4,5,4,4,3,4,4,4,1,41,040,223,2,17,17,2
3634,363,3,4,4,4,2,2,4,4,4,3,4,5,3,5,4,3,3,4,1,33,070,305,4,5,5,-4
3641,364,3,3,3,3,2,4,3,3,4,3,4,4,3,4,4,4,4,3,1,40,030,213,2,14,14,1
3642,364,3,3,4,3,4,3,3,3,3,4,3,4,2,3,3,4,3,2,1,44,040,220,2,18,18,1
3643,364,3,4,3,3,1,3,4,4,2,5,3,4,2,4,4,3,3,2,1,42,040,211,2,15,15,1
3644,364,3,3,4,4,4,4,3,2,3,4,3,4,2,1,3,3,3,2,1,47,091,219,4,20,20,-4
3651,365,3,3,3,3,2,4,5,4,4,3,2,4,2,3,3,4,4,1,1,33,070,305,4,2,2,-4
3652,365,3,2,3,3,2,3,4,4,4,2,2,3,2,3,3,3,3,2,2,28,010,101,2,3,3,4
3653,365,3,3,3,3,2,3,4,4,4,2,3,4,2,3,3,4,4,2,2,25,010,101,2,2,2,-4
3654,365,3,3,3,4,4,3,4,4,3,2,2,4,2,3,3,5,5,1,1,45,040,210,4,20,18,1
3661,366,3,3,3,3,3,3,2,2,4,3,3,4,3,2,2,3,3,2,2,42,022,103,2,15,15,2
3662,366,3,2,3,3,3,3,4,4,4,4,3,4,4,3,2,4,3,2,2,31,010,101,2,3,3,2
3663,366,3,3,3,4,2,4,4,4,4,4,3,4,3,4,4,4,4,2,2,42,075,301,3,13,3,-4
3664,366,3,3,3,4,2,4,4,3,3,4,3,4,4,3,3,3,4,2,1,35,040,210,3,8,8,-4
3671,367,3,3,3,3,2,4,3,3,3,3,2,3,2,2,2,4,4,3,1,34,030,213,2,7,7,1
3681,368,3,2,3,3,2,3,3,3,3,1,2,3,3,3,3,3,3,2,1,48,010,101,4,20,20,1
3682,368,3,1,2,2,2,3,4,3,3,2,2,2,2,2,2,2,3,1,1,39,012,104,4,13,13,-4
3683,368,3,3,4,4,2,3,4,3,3,2,2,3,1,3,3,3,4,2,1,41,040,210,4,14,14,1
3684,368,3,2,2,3,2,4,4,2,4,1,2,3,2,1,1,2,4,1,1,47,050,408,4,20,20,1
3691,369,3,2,3,3,1,2,4,4,4,4,4,5,3,4,3,3,3,4,2,29,010,101,2,5,5,-4
3692,369,3,3,4,5,1,4,5,5,3,4,4,4,3,3,3,3,4,4,2,37,010,101,3,14,14,2
3693,369,3,3,3,3,2,4,4,4,4,4,4,4,4,4,4,4,4,4,1,43,040,211,2,17,17,-4
3694,369,3,3,3,3,1,4,4,5,4,4,4,5,3,3,4,4,4,3,2,29,040,210,2,6,6,2
3701,370,3,4,3,4,3,3,2,3,4,4,4,4,3,3,2,3,4,4,2,43,070,305,2,20,20,1
3702,370,3,4,4,4,1,5,3,4,5,4,4,5,3,4,4,4,4,4,1,32,040,211,2,7,7,-4
3703,370,3,3,3,3,2,4,3,3,4,4,3,4,3,3,3,2,4,3,1,44,040,210,2,18,16,-4
3704,370,3,5,5,5,1,5,5,4,4,5,5,5,4,4,4,4,5,4,1,42,030,213,2,11,11,-4
3711,371,3,3,3,3,1,4,5,4,5,3,4,5,3,3,3,4,4,4,1,42,040,210,2,18,18,1
3712,371,3,4,4,4,1,4,5,5,4,4,4,4,3,4,4,4,4,4,1,41,040,211,4,14,14,1
3713,371,3,3,3,3,1,4,3,3,5,5,5,5,3,4,4,4,4,4,1,40,070,305,2,16,16,1
3721,372,3,2,3,4,1,3,2,4,4,3,4,4,4,4,4,3,3,5,1,41,011,112,4,11,10,2
3722,372,3,3,3,3,1,5,2,3,2,3,4,4,4,4,4,4,4,5,1,46,040,203,4,20,20,-4
3723,372,3,3,3,4,2,3,1,3,1,3,4,4,4,4,4,4,4,4,1,37,010,101,3,11,11,2
3724,372,3,3,4,4,3,4,3,3,4,5,4,4,4,4,3,2,3,5,1,47,070,305,4,24,24,1
3731,373,3,3,3,3,3,3,3,3,3,3,3,4,4,4,4,3,4,5,1,35,021,107,2,10,8,2
3732,373,3,3,3,3,3,4,3,3,3,4,4,4,3,4,3,4,4,4,1,33,010,101,2,9,9,2
3733,373,3,4,4,4,1,4,3,3,3,4,4,4,3,4,4,4,4,4,2,28,030,213,2,4,4,-4
3734,373,3,4,4,4,1,4,4,4,3,3,4,4,3,4,3,4,4,3,2,28,070,305,2,2,2,-4
3741,374,3,3,3,3,1,4,2,3,4,3,3,3,3,4,4,3,4,2,2,42,010,101,4,15,15,-4
3742,374,3,3,4,3,3,3,3,3,4,4,4,4,3,2,3,3,3,3,1,51,040,203,4,24,24,2
3743,374,3,3,4,3,1,4,1,2,3,3,3,3,3,3,3,3,3,2,1,38,040,203,2,6,6,4
3744,374,3,3,3,3,1,4,2,2,4,3,4,4,2,4,4,3,4,3,1,38,075,301,2,10,10,-4
3751,375,3,4,4,4,1,4,3,3,4,3,4,5,2,4,5,4,4,3,1,50,010,101,2,21,21,1
3752,375,3,3,4,4,3,4,3,3,5,2,3,4,2,4,4,4,4,2,1,41,070,305,4,10,10,4
3753,375,3,4,4,4,1,4,3,3,5,3,4,4,3,4,4,4,4,2,1,30,030,213,2,3,3,1
3754,375,3,4,2,3,1,4,2,2,4,1,3,4,1,3,3,3,4,2,1,47,040,210,2,16,16,4
3761,376,3,2,2,3,3,5,1,2,4,3,4,4,2,2,2,4,4,3,1,48,030,213,2,23,21,1
3762,376,3,4,4,4,1,4,3,3,3,3,4,4,3,4,4,4,4,4,1,32,010,101,2,4,4,1
3763,376,3,4,4,4,1,3,3,3,4,3,3,3,4,3,3,3,4,4,1,42,070,305,2,15,15,2
3764,376,3,3,3,3,2,4,3,3,4,3,3,4,3,3,3,4,4,4,1,38,010,101,2,10,10,1
3771,377,3,5,5,5,1,5,4,4,4,4,4,5,3,4,4,4,4,4,1,45,010,101,3,20,20,-4
3772,377,3,2,3,3,1,4,4,3,2,3,3,3,3,3,3,3,3,3,2,34,040,210,3,11,11,2
3773,377,3,3,3,4,4,4,3,3,3,3,4,5,3,5,4,5,5,5,2,38,021,107,4,14,14,2
3774,377,3,3,3,3,3,4,4,3,2,2,3,3,3,4,3,3,3,3,2,42,010,101,4,19,19,1
3781,378,3,4,4,4,3,4,2,1,3,4,4,4,3,4,4,4,4,5,1,44,020,104,4,22,22,1
3782,378,3,4,4,4,1,4,2,2,3,4,4,4,4,3,3,3,4,5,1,38,070,305,3,15,15,1
3783,378,3,4,4,4,1,4,2,3,2,3,4,4,4,3,3,4,4,4,1,43,040,220,4,18,18,2
3784,378,3,4,4,4,1,5,2,3,3,3,4,5,4,5,5,5,5,5,1,44,060,204,4,15,15,1
3791,379,3,4,4,4,2,3,1,2,4,3,2,3,2,2,2,1,3,2,1,43,070,305,4,15,15,1
3792,379,3,2,3,3,3,3,2,2,4,3,3,4,3,3,3,3,3,3,1,43,022,110,2,15,15,2
3793,379,3,4,4,4,1,2,2,2,2,3,3,4,2,2,2,3,5,3,1,41,040,203,2,15,15,1
3794,379,3,5,4,5,2,4,2,2,5,3,3,5,3,4,4,4,4,2,1,42,010,101,2,15,14,-4
3801,380,3,5,5,5,1,4,3,4,4,4,4,5,2,4,4,4,4,5,1,46,040,211,3,17,10,1
3802,380,3,2,4,5,3,4,3,4,4,2,4,5,2,2,2,4,4,5,1,49,070,305,4,23,23,-4
3803,380,3,4,4,4,1,4,2,3,3,4,4,4,3,3,2,3,4,4,1,39,022,110,2,17,17,-4
3804,380,3,3,2,3,2,4,3,3,4,4,3,4,2,2,3,3,4,3,1,44,030,213,4,16,16,-4
3811,381,3,4,3,4,1,4,3,3,4,4,5,4,3,4,4,4,4,5,1,43,030,213,2,15,15,2
3812,381,3,5,5,5,3,3,2,3,2,3,4,5,3,3,4,4,4,4,1,40,010,101,6,14,14,2
3813,381,3,5,3,3,1,5,2,3,2,4,5,5,4,3,4,5,5,4,1,44,030,213,2,19,19,2
3814,381,3,3,3,3,1,4,3,4,4,3,3,3,3,4,4,3,3,3,1,47,022,108,2,22,22,2
3821,382,3,2,1,3,2,5,4,4,4,5,5,4,3,4,5,3,4,2,2,50,010,101,3,27,27,-4
3822,382,3,1,2,4,1,4,3,4,5,5,4,4,3,4,4,4,4,2,2,47,020,104,3,-3,-3,-3
3823,382,3,3,4,4,1,5,3,4,4,4,4,4,2,5,4,3,4,3,1,51,010,101,4,21,21,1
3824,382,3,1,4,4,3,4,3,4,4,4,4,4,2,4,4,4,4,3,1,54,010,101,2,30,27,1
3831,383,3,3,3,3,1,4,3,2,4,3,4,4,3,3,3,3,4,4,2,44,072,308,2,16,15,2
3832,383,3,3,3,3,1,4,2,2,3,4,4,3,3,3,3,3,3,3,2,42,040,211,2,12,10,1
3833,383,3,3,3,3,1,4,3,3,4,4,4,3,3,3,3,4,4,3,2,47,070,305,2,20,20,2
3834,383,3,3,3,3,1,4,2,3,4,3,4,4,3,3,3,4,3,4,1,34,010,101,2,4,4,-4
3841,384,3,2,1,3,2,3,3,4,3,4,3,3,3,4,2,2,3,1,1,45,030,213,2,18,18,-4
3842,384,3,4,1,4,3,4,3,5,5,3,2,5,1,5,3,3,4,1,1,43,040,220,2,16,16,-4
3851,385,3,3,3,3,2,3,2,2,2,2,3,4,1,4,3,3,3,3,1,43,010,101,2,17,17,-4
3852,385,3,3,3,3,4,3,2,2,3,3,3,3,1,3,3,3,3,2,1,37,010,101,2,9,9,1
3853,385,3,1,1,2,4,3,2,2,2,1,3,3,1,1,1,2,3,4,1,35,030,213,4,10,9,1
3861,386,3,3,3,3,1,4,4,3,4,3,3,3,2,4,3,3,4,3,1,43,070,305,2,15,15,2
3862,386,3,2,3,3,2,4,4,3,3,3,2,2,2,3,3,2,3,2,1,43,030,213,2,16,16,2
3863,386,3,2,3,3,2,4,4,3,3,3,2,2,2,3,3,2,3,2,1,43,030,213,2,16,16,2
3871,387,3,3,4,5,1,4,4,4,3,2,3,4,3,4,4,3,4,4,2,39,010,101,4,23,23,1
3872,387,3,4,4,4,3,4,4,4,3,3,3,3,3,3,3,3,3,3,1,43,010,101,2,19,19,2
3873,387,3,4,4,4,3,4,4,4,3,3,3,3,3,3,3,3,3,3,2,28,030,213,2,3,3,2
3874,387,3,4,4,4,3,4,4,4,3,2,3,4,3,4,4,3,4,4,1,49,040,211,2,23,23,-4
3881,388,3,3,3,3,3,4,2,4,3,4,4,4,4,2,2,4,3,4,1,48,010,101,3,21,21,-4
3882,388,3,2,3,3,3,3,3,3,3,4,3,3,3,3,3,3,3,4,1,45,070,301,4,16,16,-4
3883,388,3,2,4,3,3,3,2,3,3,4,3,4,3,2,3,3,4,4,1,46,010,101,2,21,21,2
3884,388,3,3,4,5,3,3,3,3,3,4,4,4,4,4,4,3,2,3,1,43,040,203,2,17,17,-4
3891,389,3,2,4,3,3,4,3,2,3,4,4,4,3,2,2,4,4,4,1,39,030,213,4,16,16,2
3892,389,3,3,4,4,1,4,3,3,3,4,4,4,4,3,3,3,4,4,1,49,021,107,2,26,26,-4
3893,389,3,4,4,5,1,5,3,3,2,4,4,5,3,4,3,4,5,4,1,46,040,211,4,21,21,-4
3894,389,3,3,4,3,4,3,3,2,3,4,3,4,3,2,2,3,3,3,1,46,070,305,2,22,22,-4
3901,390,3,4,3,3,1,5,2,2,2,2,4,5,2,3,3,4,5,4,1,46,030,213,2,17,17,1
3902,390,3,4,3,3,1,4,3,3,3,4,4,3,3,3,4,4,3,3,1,41,010,101,4,16,16,1
3903,390,3,4,4,4,1,5,3,3,3,3,4,4,4,4,4,4,4,4,1,45,030,213,4,17,17,1
3904,390,3,3,2,2,1,4,2,4,3,3,4,4,3,4,3,2,3,4,1,44,070,305,2,17,17,1
3911,391,3,4,3,1,1,3,3,3,5,4,3,3,3,3,3,4,3,3,1,51,030,213,4,26,26,-4
3912,391,3,3,4,3,4,4,1,2,4,3,3,3,3,2,2,3,4,3,1,40,010,101,2,14,14,2
3913,391,3,3,4,4,1,2,3,3,4,4,4,4,3,3,3,3,3,3,2,40,022,110,2,14,14,2
3914,391,3,3,3,3,2,2,3,4,5,4,4,4,3,4,4,4,4,4,1,42,040,211,4,13,13,2
3921,392,3,3,2,3,1,4,2,3,3,2,3,4,1,3,3,2,4,3,1,50,010,101,3,25,25,2
3922,392,3,2,2,2,1,2,4,3,3,3,2,3,3,3,3,3,3,3,1,45,021,107,2,15,15,2
3923,392,3,3,3,3,2,3,3,3,3,2,3,3,2,3,3,3,3,4,1,41,030,213,2,15,15,2
3924,392,3,3,3,3,1,3,3,3,3,3,3,4,3,3,3,3,3,3,1,36,070,305,4,6,6,2
3931,393,3,4,4,4,1,3,4,4,3,3,4,4,4,4,4,3,4,4,1,38,022,108,5,2,1,1
3932,393,3,4,4,4,1,4,4,3,3,3,4,5,3,3,3,4,5,4,1,40,070,305,2,10,10,1
3933,393,3,4,4,4,1,5,3,4,4,5,4,5,3,4,4,4,5,4,1,38,010,101,2,13,13,1
3934,393,3,4,3,3,1,4,3,4,3,3,4,4,3,3,3,4,4,4,1,34,040,210,4,4,4,2
3941,394,3,2,3,3,1,3,2,2,2,2,3,4,4,4,3,4,4,3,2,26,030,213,3,3,3,2
3942,394,3,4,3,5,3,4,2,2,4,1,4,4,3,4,4,4,4,3,1,39,010,101,3,15,15,2
3943,394,3,4,4,4,1,4,3,3,3,3,4,4,3,4,4,4,5,3,2,27,022,107,2,5,5,4
3944,394,3,4,4,4,3,5,3,3,4,3,5,4,3,5,4,5,5,3,1,45,070,305,2,18,18,2
3951,395,3,3,1,3,1,4,4,4,3,2,3,3,2,4,4,4,4,2,1,46,030,213,4,19,19,2
3952,395,3,3,2,3,3,3,5,5,5,2,3,3,3,3,3,3,3,3,1,43,010,101,5,21,21,2
3953,395,3,3,1,4,3,4,5,5,4,3,4,4,2,4,4,4,4,1,1,42,040,210,4,17,17,2
3954,395,3,4,3,4,3,4,5,5,5,3,3,4,3,4,3,3,4,2,1,38,030,213,4,15,15,2
3961,396,3,5,3,5,1,4,4,4,4,4,4,4,4,4,4,4,4,2,1,53,010,101,2,25,25,1
3962,396,3,5,3,5,1,5,4,4,4,4,4,4,4,4,4,4,4,2,1,43,022,108,2,15,15,2
3963,396,3,3,3,3,3,3,4,4,4,2,3,4,2,3,3,4,4,3,2,30,010,101,2,6,6,2
3964,396,3,4,3,4,3,4,3,3,4,3,3,3,4,3,3,3,3,3,1,44,070,305,4,17,17,1
3971,397,3,4,3,5,3,4,3,4,4,3,3,4,2,4,5,4,4,2,1,41,030,213,4,19,19,-4
3981,398,3,3,2,2,1,4,5,4,2,2,4,4,1,2,2,2,3,2,2,44,010,101,2,16,16,-4
3982,398,3,4,4,4,1,3,5,4,4,4,3,3,2,3,4,4,3,3,2,34,010,101,2,12,12,1
3991,399,3,3,3,4,1,4,3,3,4,4,4,4,2,3,3,4,3,2,1,35,010,101,3,3,3,2
3992,399,3,3,4,3,1,4,4,3,5,4,4,4,3,3,4,4,4,4,2,28,040,223,4,3,3,2
3993,399,3,3,3,4,1,4,4,3,5,4,4,4,3,3,3,4,4,4,1,34,030,213,2,5,5,2
3994,399,3,4,4,4,1,3,3,3,4,3,3,3,2,1,2,3,4,3,2,37,053,406,2,14,14,2
4001,400,3,4,4,3,1,4,5,4,5,4,5,5,3,4,4,4,5,3,1,48,022,108,4,21,21,-4
4002,400,3,3,3,3,1,4,5,4,4,3,4,4,3,3,3,4,5,3,1,44,040,223,4,17,17,2
4003,400,3,3,3,2,1,3,4,4,3,3,4,4,2,3,4,4,4,3,1,37,010,101,2,8,8,1
4004,400,3,2,4,3,3,4,4,3,4,4,3,3,3,3,3,4,4,3,1,47,075,306,3,22,22,-4
