BYAID,BYA01001,BYA01002,BYA01003,BYA02001,BYA02002C1,BYA02002C2,BYA02002C3,BYA02002C4,BYA02002C5,BYA02003,BYA02004,BYA02005,BYA02006,BYA03001,BYA03002,BYA03003,BYA03004,BYA03005C,BYA03006,BYA03007,BYA03008,BYA04001,BYA04002,BYA04004,BYA04005C,BYA04006,BYA05001,BYA05002,BYA05003,BYA05004,BYA05005,BYA05006,BYA05007,BYA05008,BYA05009,BYA05010,BYA05011,BYA05012,BYA06001,BYA06002,BYA06003,BYA06004,BYA06007,BYA06008,BYA06009,BYA06010,BYA06011,BYA06012,BYA06013,BYA06014,BYA06015,BYA07001,BYA07002,BYA08001,BYA08002,BYA08004,BYA08005,BYA08006,BYA08007,BYA08008,BYA08009,BYA08010,BYA08011,BYA08012,BYA08013,BYA08014,BYA08015,BYA08016,BYA08017,BYA08018,BYA08019,BYA08020,BYA08021,BYA08022,BYA08023,BYA08024,BYA08025,BYA08026,BYA08027,BYA08028,BYA08029,BYA08030,BYA08031,BYA08032,BYA08033,BYA08034,BYA08035,BYA09001,BYA09002,BYA09003,BYA09004,BYA09005,BYA09006,BYA09007,BYA09008,BYA09009,BYA09010,BYA09011,BYA09012,BYA09013,BYA09014,BYA09015,BYA09016,BYA09017,BYA09018,BYA09019,BYA09020,BYA09021,BYA09022,BYA09023,BYA09024,BYA09025,BYA09026,BYA09027,BYA09028,BYA10001,BYA10002,BYA10003,BYA10004,BYA10005,BYA10006,BYA10007,BYA10008,BYA10009,BYA10010,BYA10011,BYA10012,BYA10013,BYA10014,BYA10015,BYA10016,BYA10017,BYA10018,BYA10019,BYA10020,BYA10021,BYA10022,BYA10023,BYA10024,BYA10025,BYA10026,BYA10027,BYA10028,BYA10029,BYA10030,BYA10031,BYA10032,BYA10033,BYA10034,BYA10035,BYA10036,BYA10037,BYA10038,BYA10039,BYA10040,BYA10041,BYA10042,BYA10043,BYA10044,BYA10045,BYA10046
301,1,1,2,1,30,-4,-4,-4,-4,1,4,6,2,1,1,1,1,07,4,4,4,1,2,1,-3,3,2,2,5,5,4,4,4,3,3,3,4,3,12,5,424,85,0,25,-3,98,221/221,4,21,16,0,1,56,6,1,1,1,1,2,1,1908,1625,45,100,543,545,537,15,15,15,0,59,0,10,4,11,22,26,13,10,4,0,35,0,0,2,537,349808,104077,453885,469338,830459,1299796,44471,3226,47697,106,0,89610,0,0,29810,1920904,96217,187714,283931,72236,210209,281852,41005,137375,742677,820375,0,1846983,-5,-5,-5,-5,-5,-5,-5,-5,-5,-5,-5,-5,-5,-5,-5,-5,-5,-5,-5,-5,-5,-5,-5,-5,-5,-5,-5,-5,-5,-5,-5,-5,-5,-5,-5,-5,-5,-5,-5,-5,-5,-5,-5,-5,-5,-5
302,2,1,2,1,30,70,-4,-4,-4,1,3,5,1,1,1,2,1,-4,5,3,4,1,1,1,206,3,1,1,4,3,4,5,2,5,4,4,4,3,30,40,70,128,30,10,0,99.5,214/223,5,20,22,0,1,52,6,1,2,1,1,1,1,1971,1022,30,64,335,334,353,10,10,10,0,8,0,7,13,8,9,5,8,11,3,0,21,0,0,0,458,-5,-5,-5,-5,-5,-5,-5,-5,-5,-5,-5,-5,-5,-5,-5,-5,-5,-5,-5,-5,-5,-5,-5,-5,-5,-5,-5,-5,4672,1130474,1223,1136369,84592,6249,44518,50237,185596,1927588,1401332,3328920,120364,0,120364,598,0,0,0,273425,592812,866237,3696,5641779,3285451,304681,0,5123,0,0,4410,0,0,1140550,0,0,69273,16887,101579,63409,4176,0,0,587708,843031,5583246
303,1,1,2,1,30,70,-4,-4,-4,1,3,10,2,1,1,1,2,03,4,3,5,1,1,1,610,4,3,3,3,3,4,5,2,5,5,5,4,4,35,42,63,58,0,3,4,99,215/220,5,17,38,0,1,42,6,1,1,1,1,3,1,1984,1292,38,83,438,448,406,13,13,12,0,37,3,7,5,15,23,19,8,2,1,0,33,0,0,0,489,244503,179887,424390,358695,631648,990342,34596,2283,36879,264,0,0,0,0,61169,1513045,72174,136660,208834,75550,244179,206067,30491,73805,630092,631648,0,1470574,-5,-5,-5,-5,-5,-5,-5,-5,-5,-5,-5,-5,-5,-5,-5,-5,-5,-5,-5,-5,-5,-5,-5,-5,-5,-5,-5,-5,-5,-5,-5,-5,-5,-5,-5,-5,-5,-5,-5,-5,-5,-5,-5,-5,-5,-5
304,1,1,2,1,70,30,-4,-4,-4,1,3,5,2,1,1,2,2,09,4,4,5,1,2,1,408,4,4,4,5,4,5,4,4,5,4,4,5,5,75,15,143,68,0,25,12,97,172/220,5,40,43,0,1,49,6,1,1,1,1,3,1,1986,1957,58,123,649,643,665,19,19,20,0,53,4,5,9,13,34,28,17,8,5,0,65,0,0,0,642,282966,266509,549475,547185,1291012,1838197,70953,33638,104591,0,0,0,0,0,97602,2589866,101866,151983,253849,55988,237488,368901,47321,243186,952884,1291012,0,2497744,-5,-5,-5,-5,-5,-5,-5,-5,-5,-5,-5,-5,-5,-5,-5,-5,-5,-5,-5,-5,-5,-5,-5,-5,-5,-5,-5,-5,-5,-5,-5,-5,-5,-5,-5,-5,-5,-5,-5,-5,-5,-5,-5,-5,-5,-5
305,1,1,2,2,-5,-5,-5,-5,-5,1,2,6,2,1,1,2,2,-4,4,3,4,3,1,1,408,3,3,3,4,3,4,4,3,3,3,3,4,3,48,62,82,90,0,4,0,99,208/223,1,13,28,0,1,48,6,1,1,1,1,2,1,1982,1164,33,70,392,385,387,11,11,11,0,41,2,4,10,6,18,16,10,3,1,0,25,0,0,2,505,265957,167587,433544,324312,634186,958498,27697,34126,61823,0,0,20000,0,0,5097,1478962,69035,143745,212780,52467,205754,261327,22744,86929,629222,634186,0,1476188,-5,-5,-5,-5,-5,-5,-5,-5,-5,-5,-5,-5,-5,-5,-5,-5,-5,-5,-5,-5,-5,-5,-5,-5,-5,-5,-5,-5,-5,-5,-5,-5,-5,-5,-5,-5,-5,-5,-5,-5,-5,-5,-5,-5,-5,-5
306,1,1,2,2,-5,-5,-5,-5,-5,1,3,5,1,1,1,2,2,-4,3,2,4,4,1,1,610,3,2,3,2,3,3,3,3,4,4,4,4,3,-2,-2,125,58,-2,17,7,95,-2,3,22,23,0,1,51,6,1,1,1,1,3,1,1988,1480,43,89,415,490,575,12,14,17,0,43,4,7,7,9,18,21,12,7,4,0,40,0,0,0,464,228768,215963,444731,408948,699468,1108415,10161,13264,23426,0,2500,23000,0,0,56235,1658307,84257,128335,212592,111991,220323,219415,39823,103032,694585,699033,0,1606210,-5,-5,-5,-5,-5,-5,-5,-5,-5,-5,-5,-5,-5,-5,-5,-5,-5,-5,-5,-5,-5,-5,-5,-5,-5,-5,-5,-5,-5,-5,-5,-5,-5,-5,-5,-5,-5,-5,-5,-5,-5,-5,-5,-5,-5,-5
307,2,1,1,2,-5,-5,-5,-5,-5,1,4,10,2,1,1,1,1,-4,3,3,3,1,3,1,611,4,2,3,3,5,4,4,2,4,4,4,4,3,30,40,120,150,0,3,12,99.5,206/221,1,62,11,0,1,35,6,1,2,1,1,1,1,1938,1160,36,75,393,386,381,12,12,12,0,2,0,3,11,10,10,19,11,5,6,0,19,0,0,0,437,-5,-5,-5,-5,-5,-5,-5,-5,-5,-5,-5,-5,-5,-5,-5,-5,-5,-5,-5,-5,-5,-5,-5,-5,-5,-5,-5,-5,5494,1306745,40,1312279,0,0,35000,0,35000,2712343,378657,3091000,771,37800,38570,0,0,0,0,312728,653611,966340,13468,5456657,4000145,264256,0,5771,2997,0,510,0,0,216242,0,0,60759,18619,116184,141801,9376,0,0,613474,960212,5450132
308,2,1,2,1,30,70,-4,-4,-4,1,4,4,2,1,2,1,1,09,4,4,4,1,2,1,509,4,4,4,3,3,4,4,3,4,4,4,4,3,41,25,124,136,30,10,10,98,217/223,1,43,10,0,1,47,6,1,2,1,1,2,1,1910,1595,45,92,528,539,528,15,15,15,0,45,2,2,15,16,24,18,7,8,0,0,28,0,0,0,677,-5,-5,-5,-5,-5,-5,-5,-5,-5,-5,-5,-5,-5,-5,-5,-5,-5,-5,-5,-5,-5,-5,-5,-5,-5,-5,-5,-5,6535,1600013,1182,1607730,0,0,57572,39770,97342,2536989,1205185,3742174,2150,290792,292943,896,0,0,0,371482,814214,1185697,10463,6937244,4126730,353692,16630,7005,0,0,0,0,0,1226064,0,0,68364,29215,141060,128561,4141,0,0,813410,1184752,6914873
309,2,1,2,2,-5,-5,-5,-5,-5,1,4,8,2,1,1,1,2,-4,4,4,5,3,1,1,610,4,3,3,3,3,3,4,3,4,3,3,4,3,39,15,159,134,7,6,8,97,212/220,11,40,10,0,1,46,6,1,2,1,1,2,1,1930,1345,42,85,455,456,434,14,14,14,0,44,3,11,16,11,11,13,10,6,4,0,28,0,0,1,580,-5,-5,-5,-5,-5,-5,-5,-5,-5,-5,-5,-5,-5,-5,-5,-5,-5,-5,-5,-5,-5,-5,-5,-5,-5,-5,-5,-5,6535,1600013,1182,1607730,0,0,57572,39770,97342,2536989,1205185,3742174,2150,290792,292943,896,0,0,0,371482,814214,1185697,10463,6937244,4126730,353692,16630,7005,0,0,0,0,0,1226064,0,0,68364,29215,141060,128561,4141,0,0,813410,1184752,6914873
310,2,1,2,1,30,70,-4,-4,-4,1,4,4,2,1,2,2,2,09,4,4,4,1,2,1,611,4,4,4,3,3,4,4,3,4,4,4,4,3,40,20,92,136,40,10,25,98,217/225,1,45,9,0,1,41,6,1,2,1,1,2,1,1978,959,28,57,333,347,279,10,10,8,0,16,0,1,6,3,5,13,17,8,4,0,19,0,0,0,377,-5,-5,-5,-5,-5,-5,-5,-5,-5,-5,-5,-5,-5,-5,-5,-5,-5,-5,-5,-5,-5,-5,-5,-5,-5,-5,-5,-5,4576,1150089,1213,1155877,107416,7857,41951,148886,306110,2157476,144860,2302336,63075,65748,128823,0,0,0,0,273251,667472,940723,7695,4841564,3422446,234304,2400,5568,2750,0,0,0,0,134203,0,0,50745,25679,106410,32223,6203,0,0,588391,809650,4611321
311,2,1,2,2,-5,-5,-5,-5,-5,2,-5,-5,2,1,2,2,2,03,4,4,4,4,3,1,611,5,2,3,3,2,2,4,3,4,4,3,4,2,2,0,193,42,38,9,27,99.45,207/220,170,0,0,0,1,44,8,1,2,1,1,3,1,1960,884,18,29,296,294,294,6,6,6,0,9,0,1,3,7,3,8,5,1,0,1,15,0,0,0,447,-5,-5,-5,-5,-5,-5,-5,-5,-5,-5,-5,-5,-5,-5,-5,-5,-5,-5,-5,-5,-5,-5,-5,-5,-5,-5,-5,-5,163900,2356497,698,2521094,0,0,0,0,0,0,230472,230472,40737,0,40737,12141,0,0,0,256476,1141263,1397739,64375,4266557,2154945,405510,56752,1085,0,0,0,0,0,153469,0,0,24081,49283,6426,123283,14162,0,0,1146888,1364123,4135884
312,2,1,2,1,10,70,30,-4,-4,1,4,5,2,1,1,1,1,03,5,4,4,1,1,1,610,4,4,4,4,3,4,4,3,4,4,4,4,4,42,-3,388,-3,-3,20,-3,-3,223/223,12,0,1,0,1,49,6,1,2,1,1,1,1,1897,1541,45,90,498,475,568,14,14,17,0,13,3,18,15,11,9,11,9,11,3,0,29,0,0,0,494,-5,-5,-5,-5,-5,-5,-5,-5,-5,-5,-5,-5,-5,-5,-5,-5,-5,-5,-5,-5,-5,-5,-5,-5,-5,-5,-5,-5,6753,1735638,1829,1744220,0,0,60000,30000,90000,2464798,506505,2971303,30274,0,30274,4446,0,12000,0,404449,1273259,1677708,42295,6572245,4183380,601112,0,0,0,0,8467,50000,4412,27128,0,0,68810,47829,43913,208852,32053,0,0,1295801,1697258,6571758
313,1,1,2,2,-5,-5,-5,-5,-5,1,3,4,2,1,1,1,2,-4,4,4,4,3,2,1,104,3,4,4,4,4,3,3,2,3,3,4,3,3,100,20,70,-2,-2,20,0,99.3,215/222,7,8,36,0,2,52,6,1,1,1,1,3,1,1986,1183,38,83,382,366,435,12,12,14,0,48,1,7,13,22,19,8,7,2,4,0,33,0,0,3,404,229048,106518,335566,331245,633103,964348,15984,5244,21228,1262,0,20700,0,0,76048,1419152,66077,112890,178966,78749,217634,179350,16389,80940,573062,596749,0,1348777,-5,-5,-5,-5,-5,-5,-5,-5,-5,-5,-5,-5,-5,-5,-5,-5,-5,-5,-5,-5,-5,-5,-5,-5,-5,-5,-5,-5,-5,-5,-5,-5,-5,-5,-5,-5,-5,-5,-5,-5,-5,-5,-5,-5,-5,-5
314,2,1,2,1,70,30,-4,-4,-4,1,5,7,2,1,1,2,2,04,3,4,4,1,3,1,715,4,3,2,4,2,4,5,2,3,3,4,5,5,389,92,92,0,5,12,1,99.3,207/221,22,7,-2,-2,1,43,6,1,2,1,1,2,1,1989,1841,51,104,591,577,673,16,16,19,0,46,1,21,23,22,25,8,1,2,1,0,29,0,0,1,560,-5,-5,-5,-5,-5,-5,-5,-5,-5,-5,-5,-5,-5,-5,-5,-5,-5,-5,-5,-5,-5,-5,-5,-5,-5,-5,-5,-5,7960,2253172,2334,2263466,0,0,13000,0,13000,1995144,425065,2420209,53849,0,53849,1402,0,0,0,501509,1040304,1541814,64739,6358478,4087454,369107,10873,3568,1810,0,0,0,0,301244,0,0,80999,28587,75334,223018,5874,0,0,927538,1341349,6115405
315,2,1,2,1,30,70,-4,-4,-4,1,4,5,1,2,1,1,1,-4,4,3,4,2,1,1,611,3,3,3,3,3,3,4,2,4,4,4,4,3,70,89,95,74,0,14,9,99.9,222/222,13,14,2,0,1,52,6,1,2,1,1,3,1,1982,1223,36,72,415,410,398,12,12,12,0,33,0,10,9,3,19,19,9,2,1,0,27,0,0,0,455,-5,-5,-5,-5,-5,-5,-5,-5,-5,-5,-5,-5,-5,-5,-5,-5,-5,-5,-5,-5,-5,-5,-5,-5,-5,-5,-5,-5,5699,1445852,1013,1452564,0,0,54271,0,54271,2143171,494621,2637792,79592,0,79592,3884,0,0,0,324569,698824,1023393,883,5252380,3659356,436658,15350,0,0,0,0,0,0,109931,0,0,57512,4206,57487,156047,2847,0,0,714416,992514,5213810
316,2,1,2,2,-5,-5,-5,-5,-5,1,1,8,2,1,1,1,2,09,4,4,2,1,3,1,103,2,2,3,3,3,4,4,3,3,4,4,4,4,-2,-2,180,-2,0,19,0,95,222/222,18,38,34,0,1,57,6,1,2,1,1,1,1,1975,1506,45,87,419,494,593,12,15,18,0,4,0,6,15,14,8,12,14,13,5,0,28,0,0,1,631,-5,-5,-5,-5,-5,-5,-5,-5,-5,-5,-5,-5,-5,-5,-5,-5,-5,-5,-5,-5,-5,-5,-5,-5,-5,-5,-5,-5,5699,1855829,1767,1863295,0,0,6300,0,6300,2552034,360760,2912794,42292,0,42292,1949,0,0,0,1039113,913435,1952547,52668,6831846,4430032,268501,14071,9980,0,0,580,0,0,34851,0,0,76074,21895,121090,304519,5749,0,0,913632,1442959,6200975
317,2,1,2,1,30,-4,-4,-4,-4,1,4,7,1,1,1,1,1,08,3,3,3,3,1,1,611,3,3,3,2,3,3,4,2,3,4,4,4,4,40,15,300,136,6,16,30,99.57,190/222,15,75,0,0,1,53,6,1,2,1,1,3,1,1972,1615,45,90,467,537,611,13,15,17,0,25,1,14,14,13,17,15,2,11,3,0,22,0,0,1,563,-5,-5,-5,-5,-5,-5,-5,-5,-5,-5,-5,-5,-5,-5,-5,-5,-5,-5,-5,-5,-5,-5,-5,-5,-5,-5,-5,-5,6151,1861246,1378,1868774,0,0,7300,0,7300,2493484,574819,3068303,30,26544,26574,299,0,0,0,440292,1415507,1855799,51034,6878083,4360940,351515,0,7632,0,0,0,109282,0,171700,0,0,67878,37138,40411,280129,2612,0,0,1415501,1843668,6844736
318,2,1,1,2,-5,-5,-5,-5,-5,1,3,5,1,1,1,2,2,-4,3,3,4,1,3,1,408,3,3,3,3,3,4,4,3,4,4,4,4,4,56,28,116,92,12,8,38,99.9,215/220,34,20,8,0,1,59,6,1,2,1,1,3,1,1958,1858,53,96,619,598,641,17,17,19,0,47,6,21,8,10,14,12,12,12,1,0,40,0,0,1,499,-5,-5,-5,-5,-5,-5,-5,-5,-5,-5,-5,-5,-5,-5,-5,-5,-5,-5,-5,-5,-5,-5,-5,-5,-5,-5,-5,-5,8371,2247701,1215,2257286,116500,8786,56340,0,181626,2346096,354762,2700858,52296,0,52296,1494,0,0,0,513663,1676951,2190615,29495,7413669,4770996,311874,23418,0,0,0,0,0,27790,85915,0,0,76919,14203,76129,334142,4310,0,0,1676521,2182224,7402217
319,2,1,2,1,30,-4,-4,-4,-4,1,3,8,2,1,1,2,2,04,3,3,3,3,1,1,307,3,3,3,3,3,4,4,2,4,4,5,4,4,45,43,59,69,0,10,10,98,181/222,4,33,29,0,1,49,6,1,2,1,1,3,1,1964,1102,34,73,354,387,361,11,12,11,0,10,0,0,0,7,27,19,8,12,0,0,19,0,0,2,464,-5,-5,-5,-5,-5,-5,-5,-5,-5,-5,-5,-5,-5,-5,-5,-5,-5,-5,-5,-5,-5,-5,-5,-5,-5,-5,-5,-5,4946,1189594,1074,1195613,0,0,25000,0,25000,2987922,399239,3387161,0,66696,66696,0,0,0,0,316821,305943,622763,12174,5309407,4209812,363417,11513,5277,0,0,200,3747,0,70774,0,0,62316,14958,109305,91763,7968,0,0,272358,558668,5223407
320,1,1,1,2,-5,-5,-5,-5,-5,1,3,10,1,1,1,2,2,-4,3,3,3,1,1,1,307,2,2,2,3,3,3,4,4,4,4,5,4,3,20,60,80,70,335,31,15,99.8,187/221,5,12,18,0,1,46,6,1,1,1,1,3,1,1982,1001,30,67,341,343,317,10,10,10,0,28,0,5,4,6,19,15,10,5,3,0,26,0,0,3,352,215269,261576,476845,274474,563622,838096,23047,29203,52250,396,0,0,0,0,56434,1424021,66677,154979,221656,61514,250414,199226,45659,77551,634364,563548,0,1419567,-5,-5,-5,-5,-5,-5,-5,-5,-5,-5,-5,-5,-5,-5,-5,-5,-5,-5,-5,-5,-5,-5,-5,-5,-5,-5,-5,-5,-5,-5,-5,-5,-5,-5,-5,-5,-5,-5,-5,-5,-5,-5,-5,-5,-5,-5
321,1,1,2,1,30,-4,-4,-4,-4,1,3,5,2,2,2,2,2,09,4,4,4,1,1,1,509,3,3,3,3,4,3,4,2,4,4,4,3,2,150,30,150,50,5,11,0,98,222/222,2,17,28,0,1,50,6,1,1,1,1,3,1,1987,1326,39,82,433,452,441,13,13,13,0,38,4,9,3,15,17,14,14,6,0,0,30,0,0,3,500,256593,150117,406710,369149,706467,1075616,26465,11276,37741,0,0,4000,0,0,16,1524083,71973,170465,242438,129229,169160,186323,23190,63170,571072,706467,0,1519978,-5,-5,-5,-5,-5,-5,-5,-5,-5,-5,-5,-5,-5,-5,-5,-5,-5,-5,-5,-5,-5,-5,-5,-5,-5,-5,-5,-5,-5,-5,-5,-5,-5,-5,-5,-5,-5,-5,-5,-5,-5,-5,-5,-5,-5,-5
322,2,1,1,2,-5,-5,-5,-5,-5,1,3,6,1,1,1,2,2,-4,4,4,4,3,1,1,610,2,2,3,4,5,4,4,3,4,4,4,4,4,60,10,180,60,15,14,3,99,190/221,20,15,25,0,1,50,6,1,2,1,1,2,1,1944,1443,41,82,490,505,448,14,14,13,0,42,2,19,11,16,15,9,4,5,1,0,28,0,0,0,565,-5,-5,-5,-5,-5,-5,-5,-5,-5,-5,-5,-5,-5,-5,-5,-5,-5,-5,-5,-5,-5,-5,-5,-5,-5,-5,-5,-5,6754,1667938,1636,1676328,0,0,24800,0,24800,1980810,306977,2287787,98454,0,98454,1494,0,0,0,388749,906831,1295581,7367,5391811,3610213,226565,0,7515,0,0,0,0,0,120403,0,0,61815,18434,118817,190483,4226,0,0,906639,1300413,5265109
323,2,1,2,1,70,-4,-4,-4,-4,1,2,3,2,1,1,2,2,-4,5,5,5,1,2,1,611,3,4,4,4,5,4,4,4,5,4,4,5,5,-3,-3,-3,-3,-3,4,0,98,-3,13,23,0,0,1,53,6,1,2,1,1,1,1,1906,1700,47,89,569,577,554,16,16,15,0,4,0,7,3,5,18,20,17,17,2,0,27,0,0,0,698,-5,-5,-5,-5,-5,-5,-5,-5,-5,-5,-5,-5,-5,-5,-5,-5,-5,-5,-5,-5,-5,-5,-5,-5,-5,-5,-5,-5,7878,2059522,2189,2069589,103350,7650,39000,124000,274000,3088971,835269,3924240,3756,0,3756,299,0,0,0,452997,653767,1106764,29722,7408370,5099953,373793,4684,0,374,0,6750,0,0,804404,0,0,79973,42933,113416,211711,16011,0,0,653689,1117732,7407689
324,1,1,2,1,30,70,-4,-4,-4,1,4,9,2,1,1,2,2,-4,4,2,4,3,3,2,-5,3,3,3,3,4,4,3,2,5,4,3,4,2,0,0,50,400,0,5,0,99.5,223/223,3,35,19,0,2,49,6,2,1,1,1,2,1,1927,1062,35,74,300,360,402,10,12,12,1,44,1,7,6,6,18,18,12,4,2,0,29,0,0,4,458,419299,266086,685385,277848,986793,1264641,13368,1123,14491,0,0,1355,46477,0,46477,2012349,139827,106943,246770,208620,304394,184778,14958,17355,730105,982545,0,1959420,-5,-5,-5,-5,-5,-5,-5,-5,-5,-5,-5,-5,-5,-5,-5,-5,-5,-5,-5,-5,-5,-5,-5,-5,-5,-5,-5,-5,-5,-5,-5,-5,-5,-5,-5,-5,-5,-5,-5,-5,-5,-5,-5,-5,-5,-5
325,2,1,2,1,22,21,40,20,-4,1,5,10,2,1,2,1,2,-4,4,4,4,1,2,1,408,4,5,5,3,5,5,5,3,5,5,5,5,5,0,0,50,300,0,0,0,99.9,220/220,7,30,0,0,1,50,6,2,2,1,1,1,1,1987,1107,30,63,352,387,368,10,10,10,0,6,0,8,2,3,26,18,5,0,1,0,14,0,0,2,362,-5,-5,-5,-5,-5,-5,-5,-5,-5,-5,-5,-5,-5,-5,-5,-5,-5,-5,-5,-5,-5,-5,-5,-5,-5,-5,-5,-5,5984,1336554,547,1343085,0,0,18902,32400,51302,2094939,136195,2231134,5791,0,5791,0,0,0,0,281659,1199007,1480666,8057,5120035,3255128,308840,32400,0,0,5000,0,0,0,14668,0,0,53288,28152,36455,153662,0,0,0,1199006,1470563,5086599
326,2,1,2,1,10,70,22,-4,-4,1,5,8,1,1,2,2,2,-4,2,3,3,1,3,1,611,5,3,3,5,2,3,4,3,3,3,3,3,3,0,20,3,150,0,2,4,97,218/218,4,12,14,0,1,48,6,2,2,1,1,1,1,1984,491,15,34,165,158,168,5,5,5,0,5,1,0,3,3,10,13,2,2,0,0,15,0,0,5,176,-5,-5,-5,-5,-5,-5,-5,-5,-5,-5,-5,-5,-5,-5,-5,-5,-5,-5,-5,-5,-5,-5,-5,-5,-5,-5,-5,-5,2839,538379,302,541520,0,0,2890,10500,13390,1320023,95090,1415113,3866,0,3866,0,0,0,0,146652,509710,656362,1741,2631992,1726030,200050,0,0,0,0,0,0,0,14991,0,0,27090,10126,13664,47908,0,0,0,509710,608498,2549569
327,1,1,2,1,30,40,-4,-4,-4,1,1,10,1,1,1,2,2,01,5,5,5,3,3,1,611,4,5,5,4,4,4,4,4,4,4,4,5,5,0,0,15,91,0,4,0,100,210/210,3,0,0,0,1,44,7,2,1,1,1,3,1,1990,304,19,61,144,137,23,8,8,3,0,26,1,5,7,15,17,11,4,1,0,0,23,15,0,11,40,1570753,918089,2488842,76579,645953,722532,53846,3441,57287,0,0,2000,150731,0,150731,3421392,57809,207896,265705,16633,1113862,804858,34144,127936,2097433,645953,0,3009091,-5,-5,-5,-5,-5,-5,-5,-5,-5,-5,-5,-5,-5,-5,-5,-5,-5,-5,-5,-5,-5,-5,-5,-5,-5,-5,-5,-5,-5,-5,-5,-5,-5,-5,-5,-5,-5,-5,-5,-5,-5,-5,-5,-5,-5,-5
328,2,1,2,2,-5,-5,-5,-5,-5,1,5,2,2,1,1,1,2,06,4,4,5,1,3,1,611,4,3,4,3,4,4,4,4,4,4,4,4,4,0,0,30,157,0,3,2,98.9,218/222,7,0,4,0,1,51,6,2,2,1,1,2,1,1966,568,17,40,196,207,165,6,6,5,0,17,1,3,4,5,7,9,8,1,2,0,4,0,0,0,180,-5,-5,-5,-5,-5,-5,-5,-5,-5,-5,-5,-5,-5,-5,-5,-5,-5,-5,-5,-5,-5,-5,-5,-5,-5,-5,-5,-5,3417,688772,222,692411,0,0,0,0,0,1569966,130205,1700171,2664,0,2664,0,0,0,0,146486,585756,732242,23210,3150698,2083724,143038,0,0,0,421,0,0,0,78833,0,0,32534,13483,25640,53227,0,0,0,585756,710640,3016656
329,1,1,2,1,30,-4,-4,-4,-4,1,4,9,1,1,1,2,2,-4,5,4,5,3,2,1,611,3,4,4,3,4,4,4,4,4,4,3,4,4,0,30,36,250,0,2,26,99.8,226/226,3,26,18,0,1,56,6,2,1,1,1,3,1,1983,1289,38,82,437,426,426,12,12,12,2,43,2,9,12,11,12,18,10,5,3,0,28,2,0,1,379,280141,272251,552392,315451,1123255,1438706,29826,2207,32033,0,0,0,17999,0,17999,2041130,68890,113468,182358,120444,231216,172260,12915,124225,661060,1122383,0,1965801,-5,-5,-5,-5,-5,-5,-5,-5,-5,-5,-5,-5,-5,-5,-5,-5,-5,-5,-5,-5,-5,-5,-5,-5,-5,-5,-5,-5,-5,-5,-5,-5,-5,-5,-5,-5,-5,-5,-5,-5,-5,-5,-5,-5,-5,-5
330,2,1,2,2,-5,-5,-5,-5,-5,1,5,8,2,1,1,2,2,-4,4,4,5,2,3,1,611,4,4,3,5,4,5,4,4,5,4,4,5,5,0,10,90,290,2,1,0,99.8,203/221,11,31,11,0,1,52,6,2,2,1,1,1,1,1980,769,24,53,246,244,279,8,8,8,0,9,0,1,6,8,15,11,8,4,0,0,22,0,0,2,417,-5,-5,-5,-5,-5,-5,-5,-5,-5,-5,-5,-5,-5,-5,-5,-5,-5,-5,-5,-5,-5,-5,-5,-5,-5,-5,-5,-5,12308,2074800,4203,2091311,75900,5550,35650,472900,590000,371427,1650546,2021973,26,0,26,295,0,0,0,439963,703872,1143835,310820,6158260,2854764,1870437,246799,0,0,0,0,40,0,44323,0,0,44976,41460,61086,290291,0,0,0,703872,1141685,6158048
331,2,1,2,1,30,70,-4,-4,-4,1,5,5,2,1,1,1,2,-4,4,4,4,1,2,1,713,4,2,3,4,4,4,4,3,4,4,4,4,3,1,36,28,361,18,20,7,99,191/222,17,3,30,0,1,43,6,3,2,1,1,3,1,1953,1440,41,85,478,492,470,13,14,14,0,34,2,14,11,13,22,8,7,7,1,0,20,0,0,2,475,-5,-5,-5,-5,-5,-5,-5,-5,-5,-5,-5,-5,-5,-5,-5,-5,-5,-5,-5,-5,-5,-5,-5,-5,-5,-5,-5,-5,7361,1711783,1063,1720207,10000,0,0,0,10000,2681346,356161,3037507,936,0,936,0,2600,0,0,356242,1054430,1410672,35127,6217049,4211321,470053,109109,8905,4815,0,535,0,0,0,0,0,66631,19267,65712,176484,22186,283,0,1056471,1407034,6211772
332,2,1,2,1,30,70,-4,-4,-4,1,5,10,2,1,1,1,2,-4,4,3,4,1,1,1,611,4,5,4,4,3,4,4,2,5,5,4,4,4,0,56,47,373,10,12,4,99,220/223,4,64,0,0,1,56,6,3,2,1,1,1,1,1954,1354,39,81,456,444,454,13,13,13,0,13,0,3,19,8,10,3,12,20,6,0,18,0,0,3,497,-5,-5,-5,-5,-5,-5,-5,-5,-5,-5,-5,-5,-5,-5,-5,-5,-5,-5,-5,-5,-5,-5,-5,-5,-5,-5,-5,-5,6992,1627755,1014,1635761,0,0,21300,0,21300,3057222,406971,3464193,0,15047,15047,0,0,0,0,342153,1641361,1983514,30515,7150330,4569923,322044,177224,1583,10262,0,0,0,0,83644,0,0,61858,45671,67558,145987,20097,995,0,1641331,1983497,7148177
333,2,1,2,1,70,30,-4,-4,-4,1,4,7,1,1,1,1,2,-4,3,3,3,1,1,1,611,3,1,3,2,3,4,4,1,4,4,4,5,4,0,44,18,329,10,6,4,99.85,222/222,3,20,5,0,1,47,6,3,2,1,1,1,1,1957,994,30,63,316,334,344,10,10,10,0,3,1,5,10,1,13,19,10,4,0,0,18,0,0,1,391,-5,-5,-5,-5,-5,-5,-5,-5,-5,-5,-5,-5,-5,-5,-5,-5,-5,-5,-5,-5,-5,-5,-5,-5,-5,-5,-5,-5,4913,1195554,895,1201362,0,0,46751,0,46751,2365731,335398,2701129,2294,0,2294,0,0,0,0,251135,882323,1133458,25926,5110920,3453041,497582,3300,18725,2999,0,0,0,0,0,0,0,50557,16124,37228,124119,21737,623,0,882321,1132709,5108356
334,1,1,2,1,70,30,-4,-4,-4,1,5,5,2,1,1,2,2,-4,4,4,4,3,1,1,102,3,3,3,4,5,4,4,3,4,4,4,4,3,1,27,9,305,8,7,10,99.5,222/222,4,11,46,0,1,43,6,3,1,1,1,3,1,2000,1325,37,80,432,480,413,12,13,12,0,40,4,16,15,18,13,5,5,3,1,0,20,0,0,0,401,248746,118255,367001,332580,1205515,1538095,57097,8851,65948,0,0,21983,1668,0,1668,1994696,64010,83059,147070,130766,196011,235853,11874,30599,605104,1201552,0,1953725,-5,-5,-5,-5,-5,-5,-5,-5,-5,-5,-5,-5,-5,-5,-5,-5,-5,-5,-5,-5,-5,-5,-5,-5,-5,-5,-5,-5,-5,-5,-5,-5,-5,-5,-5,-5,-5,-5,-5,-5,-5,-5,-5,-5,-5,-5
335,2,1,2,1,70,30,-4,-4,-4,1,4,10,2,1,1,1,1,03,3,2,3,1,1,1,408,5,3,4,3,4,4,4,2,5,4,4,4,2,0,67,10,262,12,5,3,99,202/223,4,26,35,0,1,52,6,3,2,1,1,1,1,1981,1050,34,71,299,377,374,10,12,12,0,7,1,3,7,6,20,20,9,3,2,0,15,0,0,1,420,-5,-5,-5,-5,-5,-5,-5,-5,-5,-5,-5,-5,-5,-5,-5,-5,-5,-5,-5,-5,-5,-5,-5,-5,-5,-5,-5,-5,4620,1260625,663,1265908,2000,0,0,0,2000,2690557,769898,3460455,10724,0,10724,0,0,0,0,269084,1012181,1281265,52387,6072739,3864272,347565,171468,9323,0,0,3674,0,0,427892,0,0,57384,24349,68414,80527,3815,823,0,1011575,1246887,6071081
336,1,1,2,1,10,70,-4,-4,-4,1,4,5,2,1,1,1,1,07,3,3,4,2,3,1,712,5,5,4,4,2,2,4,2,3,3,4,4,2,0,35,2,33,1,0,0,95,222/222,1,8,5,0,1,45,6,3,1,1,1,3,4,1969,187,6,16,68,62,57,2,2,2,0,7,2,5,1,1,1,3,1,2,0,0,5,0,0,0,72,347577,151914,499491,97434,206627,304061,503,4419,4922,195,0,0,17061,0,17061,825730,31744,91630,123374,60691,172772,156690,13267,64309,467728,206411,0,797514,-5,-5,-5,-5,-5,-5,-5,-5,-5,-5,-5,-5,-5,-5,-5,-5,-5,-5,-5,-5,-5,-5,-5,-5,-5,-5,-5,-5,-5,-5,-5,-5,-5,-5,-5,-5,-5,-5,-5,-5,-5,-5,-5,-5,-5,-5
337,1,1,2,1,70,30,-4,-4,-4,1,2,6,1,1,1,1,1,-4,5,5,5,3,2,1,611,4,3,4,5,3,3,4,2,5,4,4,4,3,63,55,86,351,42,0,0,99.9,216/223,7,15,24,0,1,47,6,4,1,1,1,3,1,1996,1469,41,91,407,567,495,11,16,14,0,61,3,24,32,8,19,3,0,2,0,0,17,5,0,0,537,284057,197798,481855,363095,960281,1323376,28012,6806,34818,678,0,9845,63989,0,63989,1914561,76192,86669,162861,55866,324318,295484,15232,44536,735436,960281,0,1914561,-5,-5,-5,-5,-5,-5,-5,-5,-5,-5,-5,-5,-5,-5,-5,-5,-5,-5,-5,-5,-5,-5,-5,-5,-5,-5,-5,-5,-5,-5,-5,-5,-5,-5,-5,-5,-5,-5,-5,-5,-5,-5,-5,-5,-5,-5
338,2,1,2,1,30,70,-4,-4,-4,1,5,8,2,1,1,1,2,01,4,4,3,3,2,1,206,3,4,4,5,4,4,4,3,4,4,4,4,4,41,22,127,295,0,6,2,99.8,221/221,17,34,0,0,1,46,6,4,2,1,1,2,1,1986,1502,43,89,510,484,508,14,14,15,0,43,3,18,15,20,25,5,1,1,1,0,17,0,0,0,547,-5,-5,-5,-5,-5,-5,-5,-5,-5,-5,-5,-5,-5,-5,-5,-5,-5,-5,-5,-5,-5,-5,-5,-5,-5,-5,-5,-5,8433,1840942,1558,1850933,0,0,20000,0,20000,2034524,356593,2391117,117782,92908,210690,872,0,0,0,579409,448425,1027834,22527,5523973,3827623,434343,0,329,12884,0,0,0,0,244952,0,0,69623,30033,21770,234502,0,1993,0,448425,806346,5523973
339,1,1,2,1,70,30,-4,-4,-4,1,4,11,2,1,1,2,2,-4,4,4,4,1,1,1,712,4,4,4,3,2,4,4,3,4,4,4,4,3,10,60,108,337,0,24,40,99.8,218/224,6,29,23,0,1,50,6,4,1,1,1,3,1,2001,1504,42,90,521,454,529,14,13,15,0,47,2,16,18,16,18,14,2,4,0,0,31,1,0,0,534,269481,121699,391180,390025,1070431,1460456,50488,7144,57632,131,0,0,153774,0,153774,2063173,75871,51353,127224,59099,192035,296655,15668,75269,638726,1070431,0,2063173,-5,-5,-5,-5,-5,-5,-5,-5,-5,-5,-5,-5,-5,-5,-5,-5,-5,-5,-5,-5,-5,-5,-5,-5,-5,-5,-5,-5,-5,-5,-5,-5,-5,-5,-5,-5,-5,-5,-5,-5,-5,-5,-5,-5,-5,-5
340,1,1,2,1,70,30,-4,-4,-4,1,4,5,1,1,1,2,2,-4,4,4,4,3,2,1,610,3,5,4,4,5,4,4,3,4,4,4,4,4,13,17,197,147,0,0,0,98,222/222,4,30,20,0,1,58,6,4,1,1,1,1,1,1973,1144,34,72,369,409,366,10,12,11,1,35,1,8,23,9,15,10,2,3,1,0,23,3,0,0,490,293502,216717,510219,282041,844560,1126601,22918,34315,57233,1492,0,0,27315,0,27315,1722860,60696,134404,195100,34081,193208,356454,18726,28900,631369,845150,0,1722860,-5,-5,-5,-5,-5,-5,-5,-5,-5,-5,-5,-5,-5,-5,-5,-5,-5,-5,-5,-5,-5,-5,-5,-5,-5,-5,-5,-5,-5,-5,-5,-5,-5,-5,-5,-5,-5,-5,-5,-5,-5,-5,-5,-5,-5,-5
341,1,1,2,1,30,70,-4,-4,-4,1,4,5,2,1,1,2,2,-4,4,5,4,2,2,1,101,4,5,5,3,5,4,4,4,5,4,4,4,5,10,0,148,172,0,13,12,99,223/223,3,44,18,0,1,47,6,4,1,1,1,1,1,1994,1629,44,96,585,531,513,15,15,14,0,37,2,11,17,11,25,19,6,3,2,0,42,0,0,2,507,273311,173787,447098,410400,1005621,1416021,49240,8112,57352,0,0,0,144905,0,144905,2065376,80098,91865,171963,31706,327907,266848,21684,98949,747094,1005619,0,2065376,-5,-5,-5,-5,-5,-5,-5,-5,-5,-5,-5,-5,-5,-5,-5,-5,-5,-5,-5,-5,-5,-5,-5,-5,-5,-5,-5,-5,-5,-5,-5,-5,-5,-5,-5,-5,-5,-5,-5,-5,-5,-5,-5,-5,-5,-5
342,2,1,2,2,-5,-5,-5,-5,-5,1,5,12,1,1,1,1,1,-4,4,4,4,1,3,1,101,5,3,3,3,4,4,4,2,4,4,4,4,4,0,0,50,250,0,0,0,99,222/222,5,0,20,0,1,42,6,5,2,1,1,1,1,1966,929,26,54,289,325,315,8,9,9,0,1,0,3,2,7,21,11,7,2,1,0,16,0,0,1,293,-5,-5,-5,-5,-5,-5,-5,-5,-5,-5,-5,-5,-5,-5,-5,-5,-5,-5,-5,-5,-5,-5,-5,-5,-5,-5,-5,-5,4885,1074679,1037,1080601,0,0,13957,12000,25957,1829930,209380,2039310,79450,0,79450,0,0,0,0,223626,1114660,1338286,56955,4620559,2865503,326146,0,0,422,0,0,0,0,85628,0,0,35310,13459,43131,125994,3988,526,0,1114620,1337027,4614725
343,1,1,2,2,-5,-5,-5,-5,-5,1,5,2,2,1,1,2,2,07,4,3,5,2,1,1,102,3,2,3,4,1,4,4,1,4,4,4,4,3,10,30,30,290,0,12,4,98,232/232,1,9,40,0,2,49,6,5,1,1,1,2,1,1951,1085,32,65,383,340,362,11,10,11,0,38,2,11,10,3,10,10,10,6,3,0,11,0,0,2,374,220877,279836,500713,257755,1198927,1456682,6655,2976,9631,174,0,7000,8281,0,8281,1982481,48941,143612,192553,79161,196787,191547,13987,102498,583980,1162058,0,1938591,-5,-5,-5,-5,-5,-5,-5,-5,-5,-5,-5,-5,-5,-5,-5,-5,-5,-5,-5,-5,-5,-5,-5,-5,-5,-5,-5,-5,-5,-5,-5,-5,-5,-5,-5,-5,-5,-5,-5,-5,-5,-5,-5,-5,-5,-5
344,2,1,2,2,-5,-5,-5,-5,-5,1,5,11,2,1,1,2,2,-4,5,4,5,2,3,1,611,4,2,3,5,4,5,5,2,4,4,4,4,4,10,70,60,250,0,12,0,99,210/222,7,27,20,0,1,58,6,5,2,1,1,2,1,1951,1145,33,70,416,351,378,12,10,11,0,26,1,8,7,9,13,13,10,6,3,0,25,0,0,0,380,-5,-5,-5,-5,-5,-5,-5,-5,-5,-5,-5,-5,-5,-5,-5,-5,-5,-5,-5,-5,-5,-5,-5,-5,-5,-5,-5,-5,7207,1314253,1106,1322565,0,0,2137,0,2137,2518603,321323,2839926,63094,0,63094,519,0,0,0,283465,1256766,1540231,28692,5797165,3728865,240029,0,0,5595,0,0,0,0,194756,0,0,46522,21992,59362,108906,3000,1079,0,1256688,1497549,5666794
345,1,1,2,1,30,70,-4,-4,-4,1,5,12,2,1,1,2,2,-4,3,4,5,1,2,1,103,2,2,3,4,4,4,4,3,5,5,5,4,2,-3,-3,-3,-3,-3,22,0,98,218/220,3,43,11,0,1,53,6,6,1,1,1,3,1,1982,1355,40,86,422,465,468,12,14,14,0,36,4,19,19,8,6,9,14,4,3,0,39,1,0,0,464,317766,486358,804124,339473,1223515,1562988,1270,4583,5853,0,0,37760,39800,0,39800,2450525,130664,96390,227054,212557,383880,320252,15339,32078,964106,1223515,0,35850,-5,-5,-5,-5,-5,-5,-5,-5,-5,-5,-5,-5,-5,-5,-5,-5,-5,-5,-5,-5,-5,-5,-5,-5,-5,-5,-5,-5,-5,-5,-5,-5,-5,-5,-5,-5,-5,-5,-5,-5,-5,-5,-5,-5,-5,-5
346,2,1,2,1,70,30,-4,-4,-4,1,1,13,2,1,1,2,2,-4,5,5,5,1,1,1,611,4,3,3,4,4,5,5,3,5,5,5,5,4,0,36,23,391,0,7,0,99.29,217/223,5,65,0,0,1,55,6,6,2,1,1,1,1,1978,1197,36,73,393,396,408,12,12,12,0,4,0,2,10,10,16,21,11,2,1,0,24,0,0,2,456,-5,-5,-5,-5,-5,-5,-5,-5,-5,-5,-5,-5,-5,-5,-5,-5,-5,-5,-5,-5,-5,-5,-5,-5,-5,-5,-5,-5,6193,1478760,8768,1493721,0,0,27230,3982,31212,2619548,196703,2816251,4503,0,4503,500,0,0,0,304324,1620273,1924597,6035,6276819,3993296,280213,8301,29498,0,0,120,1205,0,29446,0,0,56739,8722,75728,132897,29998,240,0,1619782,1924106,6266185
347,2,1,2,2,-5,-5,-5,-5,-5,1,5,13,2,1,1,2,2,-4,4,4,5,1,2,1,101,4,4,4,4,4,4,4,4,4,4,4,4,4,0,10,50,350,0,1,0,99.5,222/228,14,50,3,0,1,45,6,6,2,1,1,1,1,1972,1270,34,69,422,421,427,11,11,12,0,9,3,9,3,5,12,13,12,6,6,0,30,0,0,1,424,-5,-5,-5,-5,-5,-5,-5,-5,-5,-5,-5,-5,-5,-5,-5,-5,-5,-5,-5,-5,-5,-5,-5,-5,-5,-5,-5,-5,6630,1537937,6772,1551339,0,0,3000,0,3000,2298130,240683,2538813,9713,0,9713,0,0,0,0,317262,1246765,1564027,6324,5673216,3709440,290848,2748,32811,275,0,1702,1990,0,59755,0,0,52169,11254,59876,158530,34352,687,0,1247109,1563977,5663546
348,1,1,2,1,70,30,-4,-4,-4,1,5,8,2,1,1,2,2,-4,4,4,5,1,2,1,105,1,4,4,5,5,5,5,3,5,5,5,4,3,0,82,32,305,-2,13,9,99.8,221/221,0,21,40,4,1,57,6,7,1,1,1,3,1,1999,1434,41,89,467,485,482,13,14,14,0,40,2,16,28,11,18,8,4,2,0,0,19,0,0,0,435,309169,130889,440058,328009,1233475,1561484,20681,7224,27905,0,0,0,48816,0,48816,2078263,77173,99570,176743,30833,307754,262344,15215,37782,653928,1233475,0,2064146,-5,-5,-5,-5,-5,-5,-5,-5,-5,-5,-5,-5,-5,-5,-5,-5,-5,-5,-5,-5,-5,-5,-5,-5,-5,-5,-5,-5,-5,-5,-5,-5,-5,-5,-5,-5,-5,-5,-5,-5,-5,-5,-5,-5,-5,-5
349,1,1,2,1,30,70,-4,-4,-4,1,5,8,2,1,1,2,2,-4,4,3,5,1,2,1,712,1,1,2,3,5,4,4,3,3,3,4,4,2,0,18,78,390,2,1,17,99,221/221,3,18,38,0,1,52,6,7,1,1,1,1,1,1982,1394,40,87,429,486,479,12,14,14,0,57,3,15,24,12,13,6,7,6,1,0,21,1,0,0,438,304234,184711,488945,317356,986462,1303818,12119,44814,56933,0,0,0,133438,0,133438,1983134,77987,82889,160876,68904,130799,568698,14963,0,783364,986458,0,1930698,-5,-5,-5,-5,-5,-5,-5,-5,-5,-5,-5,-5,-5,-5,-5,-5,-5,-5,-5,-5,-5,-5,-5,-5,-5,-5,-5,-5,-5,-5,-5,-5,-5,-5,-5,-5,-5,-5,-5,-5,-5,-5,-5,-5,-5,-5
350,1,2,2,2,-5,-5,-5,-5,-5,1,5,6,1,1,1,2,2,-4,3,3,3,2,3,1,712,2,2,3,4,3,4,4,2,3,3,4,4,4,67,35,43,95,27,16,11,99.95,205/221,1,39,6,0,1,46,9,8,1,1,1,3,3,1954,803,25,55,268,259,276,8,8,8,1,23,2,7,6,14,15,6,3,2,0,0,20,0,0,1,267,196222,566901,763123,197994,616331,814325,2820,38253,41073,0,14557,1630830,11634,290212,301846,3565754,41127,190583,231710,227555,606301,424691,14442,231965,1504954,616331,0,2352995,-5,-5,-5,-5,-5,-5,-5,-5,-5,-5,-5,-5,-5,-5,-5,-5,-5,-5,-5,-5,-5,-5,-5,-5,-5,-5,-5,-5,-5,-5,-5,-5,-5,-5,-5,-5,-5,-5,-5,-5,-5,-5,-5,-5,-5,-5
351,1,1,2,2,-5,-5,-5,-5,-5,1,4,5,2,1,1,2,2,-4,3,4,4,3,3,1,712,4,5,4,5,5,4,4,4,3,3,3,4,5,5,0,180,42,0,0,0,99,220/220,20,29,14,0,2,45,6,8,1,1,1,3,2,1985,1468,43,101,488,466,514,14,14,15,0,75,3,26,28,18,14,7,4,1,0,0,30,0,0,1,509,236583,278403,514986,358932,1221374,1580306,65709,5871,71580,0,0,79973,54566,111328,165894,2412739,67051,122066,189117,58542,215867,290665,18854,268876,852804,1221374,0,2263295,-5,-5,-5,-5,-5,-5,-5,-5,-5,-5,-5,-5,-5,-5,-5,-5,-5,-5,-5,-5,-5,-5,-5,-5,-5,-5,-5,-5,-5,-5,-5,-5,-5,-5,-5,-5,-5,-5,-5,-5,-5,-5,-5,-5,-5,-5
352,2,2,2,2,-5,-5,-5,-5,-5,1,5,4,2,1,1,2,2,09,2,2,2,4,2,1,611,4,3,3,3,2,2,4,2,2,2,2,3,3,4,6,8,48,2,1,5,99.5,210/222,1,22,3,0,1,56,9,8,2,1,1,3,4,1976,411,12,26,141,139,131,4,4,4,0,7,0,5,7,2,6,3,0,3,0,0,8,0,0,0,133,-5,-5,-5,-5,-5,-5,-5,-5,-5,-5,-5,-5,-5,-5,-5,-5,-5,-5,-5,-5,-5,-5,-5,-5,-5,-5,-5,-5,1777,310724,1131,313632,0,0,1500,0,1500,1095147,390918,1486065,69491,0,69491,6806,0,0,0,114689,116987,231676,1498,2110668,1265587,190628,2526,0,0,791,0,0,0,390693,0,0,15300,5963,17262,75874,0,0,0,116987,231386,2081611
353,1,1,2,2,-5,-5,-5,-5,-5,1,1,8,2,1,1,1,2,-4,4,4,2,1,3,1,611,2,2,3,3,3,4,4,3,3,4,4,4,4,-4,-4,-4,-4,-4,3,0,95,222/222,15,7,35,0,1,52,6,8,1,1,1,3,2,2002,1144,35,72,352,429,363,11,13,11,0,44,1,25,15,14,12,2,2,0,1,0,12,0,0,0,0,185018,248416,433434,290581,1342415,1632996,3897,3493,7390,26556,0,0,154241,0,154241,2254617,52334,98252,150586,23119,216790,404049,13062,0,657020,1425135,0,2232741,-5,-5,-5,-5,-5,-5,-5,-5,-5,-5,-5,-5,-5,-5,-5,-5,-5,-5,-5,-5,-5,-5,-5,-5,-5,-5,-5,-5,-5,-5,-5,-5,-5,-5,-5,-5,-5,-5,-5,-5,-5,-5,-5,-5,-5,-5
354,1,2,2,2,-5,-5,-5,-5,-5,1,4,7,2,1,1,2,2,-4,3,3,4,3,1,1,101,3,2,4,4,5,2,4,1,4,4,3,3,3,23,29,6,33,57,2,9,99,200/222,1,18,18,0,1,32,9,8,1,1,1,3,2,1974,524,18,42,158,187,179,6,6,6,0,18,2,11,9,6,5,5,1,3,0,0,9,0,0,0,177,208158,534401,742559,120211,123363,243574,3619,7516,11135,1260,0,328520,6049,0,6049,1333097,31819,42965,74784,63179,210221,338943,16393,112955,741691,123622,0,940097,-5,-5,-5,-5,-5,-5,-5,-5,-5,-5,-5,-5,-5,-5,-5,-5,-5,-5,-5,-5,-5,-5,-5,-5,-5,-5,-5,-5,-5,-5,-5,-5,-5,-5,-5,-5,-5,-5,-5,-5,-5,-5,-5,-5,-5,-5
355,2,1,2,1,70,30,-4,-4,-4,1,5,7,2,1,1,2,2,04,3,4,4,1,3,1,715,4,3,2,4,2,4,5,2,3,3,4,5,5,200,189,60,32,5,12,1,99.3,207/221,22,7,0,0,1,43,6,8,2,1,1,2,2,1988,1492,45,94,481,544,467,15,16,14,0,36,2,27,15,22,25,2,0,1,0,0,33,0,0,0,517,-5,-5,-5,-5,-5,-5,-5,-5,-5,-5,-5,-5,-5,-5,-5,-5,-5,-5,-5,-5,-5,-5,-5,-5,-5,-5,-5,-5,7744,1792678,1216,1801638,0,0,5000,0,5000,2320170,980747,3300917,404,0,404,0,0,0,0,389586,1182828,1572414,14417,6694790,3837490,1105762,0,0,0,0,0,0,0,175027,0,0,59993,35189,20510,273815,0,0,0,1182818,1572325,6690604
356,1,1,2,1,70,30,-4,-4,-4,1,5,6,2,1,1,2,2,-4,3,5,5,2,3,1,611,1,1,4,4,1,4,4,3,1,2,3,4,5,0,0,254,326,0,16,12,99.9,204/221,2,21,32,0,1,52,6,8,1,1,1,1,2,1974,1642,47,100,568,553,521,16,16,15,0,44,6,32,32,9,9,6,4,1,1,0,15,0,0,0,580,232956,270506,503462,409614,1526668,1936282,61387,57942,119329,0,0,38291,45629,0,45629,2642993,71006,136710,207716,61185,238821,368101,20723,159448,848278,1526668,0,2582662,-5,-5,-5,-5,-5,-5,-5,-5,-5,-5,-5,-5,-5,-5,-5,-5,-5,-5,-5,-5,-5,-5,-5,-5,-5,-5,-5,-5,-5,-5,-5,-5,-5,-5,-5,-5,-5,-5,-5,-5,-5,-5,-5,-5,-5,-5
357,1,1,2,2,-5,-5,-5,-5,-5,1,4,5,2,1,1,2,2,-4,3,4,4,3,3,1,509,4,5,4,5,5,4,4,4,3,3,3,4,5,5,0,180,42,0,0,0,99,220/220,20,29,14,0,2,45,6,8,1,1,1,3,2,1994,1470,43,90,497,463,510,14,14,15,0,61,3,22,29,11,12,9,2,1,1,0,21,0,0,0,525,236018,149457,385475,376267,1412546,1788813,66055,19009,85064,333,0,5617,113578,0,113578,2378880,65858,119764,185622,33508,280270,165524,18212,229144,726658,1412546,0,2324826,-5,-5,-5,-5,-5,-5,-5,-5,-5,-5,-5,-5,-5,-5,-5,-5,-5,-5,-5,-5,-5,-5,-5,-5,-5,-5,-5,-5,-5,-5,-5,-5,-5,-5,-5,-5,-5,-5,-5,-5,-5,-5,-5,-5,-5,-5
358,2,1,2,2,-5,-5,-5,-5,-5,1,3,8,2,1,1,1,2,-4,4,3,3,3,3,1,712,3,3,4,3,2,4,4,3,4,4,5,4,3,40,110,160,200,0,5,0,99.8,198/220,5,82,0,0,1,48,6,8,2,1,1,2,2,1975,1451,43,87,459,500,492,13,15,15,0,52,2,16,5,9,20,20,11,3,1,0,20,0,0,1,508,-5,-5,-5,-5,-5,-5,-5,-5,-5,-5,-5,-5,-5,-5,-5,-5,-5,-5,-5,-5,-5,-5,-5,-5,-5,-5,-5,-5,7390,1737529,1199,1746118,0,0,4040,0,4040,2581040,146100,2727140,88320,0,88320,1991,0,0,0,500565,929797,1430362,6171,6004142,4219328,266990,0,0,0,0,0,0,0,149899,0,0,57696,45658,6394,190580,0,0,0,929797,1230125,5866342
359,2,2,2,2,-5,-5,-5,-5,-5,2,-5,-5,2,1,1,2,1,-4,2,3,2,2,1,1,610,4,2,2,3,3,2,3,3,3,3,3,3,3,1,21,3,22,45,3,4,99.7,215/222,0,22,0,0,1,46,9,8,2,1,1,3,4,1961,219,9,22,46,81,92,2,3,4,0,2,0,1,1,5,7,6,1,0,0,1,9,0,0,0,92,-5,-5,-5,-5,-5,-5,-5,-5,-5,-5,-5,-5,-5,-5,-5,-5,-5,-5,-5,-5,-5,-5,-5,-5,-5,-5,-5,-5,567,165150,555,166272,0,0,11000,0,11000,1162626,146462,1309088,25030,0,25030,925,0,0,0,87948,122059,210007,4638,1726960,1189314,304026,6400,0,0,356,0,0,0,0,0,0,14520,8244,23496,6265,0,0,0,167355,219880,1719976
360,1,2,2,1,30,70,-4,-4,-4,1,5,7,2,1,1,1,2,-4,4,4,5,1,3,1,611,4,4,5,3,1,3,4,3,5,5,5,4,2,0,43,11,116,3,11,5,99.6,222/222,3,12,22,0,1,41,6,8,1,1,1,3,2,1999,649,21,44,218,215,216,6,6,6,3,19,2,8,10,8,11,3,1,0,1,0,19,0,0,0,185,200563,128480,329043,161535,617871,779406,6696,20860,27556,0,15532,461729,547476,0,547476,2160742,31876,51130,83006,70298,121421,198640,13809,863321,1267489,617871,0,1968366,-5,-5,-5,-5,-5,-5,-5,-5,-5,-5,-5,-5,-5,-5,-5,-5,-5,-5,-5,-5,-5,-5,-5,-5,-5,-5,-5,-5,-5,-5,-5,-5,-5,-5,-5,-5,-5,-5,-5,-5,-5,-5,-5,-5,-5,-5
361,2,1,2,1,70,30,40,-4,-4,1,5,5,2,1,1,2,1,01,5,5,5,2,3,1,712,4,2,3,4,4,3,3,3,5,5,3,3,3,150,-2,259,-2,20,13,65,95,221/221,20,47,21,0,1,47,6,8,2,1,1,3,2,1958,1527,44,89,525,513,489,15,15,14,0,26,2,15,12,19,17,15,3,4,1,1,29,0,0,0,510,-5,-5,-5,-5,-5,-5,-5,-5,-5,-5,-5,-5,-5,-5,-5,-5,-5,-5,-5,-5,-5,-5,-5,-5,-5,-5,-5,-5,8565,1804095,1545,1814205,97617,7268,43209,291,148385,2148569,264407,2412976,0,7269,7269,1422,0,0,0,389911,999068,1388979,46314,5819550,3924819,218283,0,0,0,0,0,0,7269,276552,0,0,58882,63959,59215,207855,0,0,0,999068,1388979,5815902
362,2,1,2,2,-5,-5,-5,-5,-5,1,5,9,2,1,1,2,2,-4,4,3,4,1,3,2,-5,2,4,4,5,3,4,4,3,4,4,4,4,4,7,4,219,270,0,3,2,99.8,218/221,2,66,4,0,1,45,6,8,2,1,1,1,2,1974,1325,36,73,467,449,409,12,12,12,0,6,1,2,11,12,19,11,9,7,1,0,11,0,0,1,550,-5,-5,-5,-5,-5,-5,-5,-5,-5,-5,-5,-5,-5,-5,-5,-5,-5,-5,-5,-5,-5,-5,-5,-5,-5,-5,-5,-5,7213,1543279,1330,1551822,106837,4650,48644,0,160131,2279538,125783,2405321,30940,0,30940,6714,0,0,0,358871,1362400,1721271,42414,5918613,3848842,359035,0,0,0,0,0,0,0,0,0,0,49562,45451,99640,132933,0,0,0,1362400,1689986,5897863
363,2,2,2,1,10,22,70,-4,-4,1,5,8,2,1,1,1,1,09,4,3,3,3,3,1,611,4,4,4,4,3,4,4,3,4,4,4,4,4,52,-2,196,238,-2,14,0,99.9,220/220,25,29,12,0,1,43,6,8,2,1,1,3,2,1989,1693,47,96,547,591,555,14,17,16,0,40,8,15,11,33,21,4,2,1,1,0,24,0,0,0,549,-5,-5,-5,-5,-5,-5,-5,-5,-5,-5,-5,-5,-5,-5,-5,-5,-5,-5,-5,-5,-5,-5,-5,-5,-5,-5,-5,-5,8791,2036363,5614,2050768,0,0,4422,0,4422,2071655,509177,2580832,46585,0,46585,4266,0,0,0,492466,1130688,1623154,16203,6326230,3985541,713639,0,0,0,4275,0,0,0,0,0,0,63161,43709,70908,247945,0,0,0,1118375,1544098,6247553
364,2,1,2,1,70,30,-4,-4,-4,1,5,8,1,1,1,2,2,-4,3,3,3,3,1,1,408,4,3,3,4,4,3,3,3,4,3,4,4,3,20,30,70,240,7,6,0,98,211/221,3,65,0,0,1,47,6,8,2,1,1,3,2,1984,1112,37,76,355,359,398,14,11,12,0,22,2,4,14,20,23,12,0,0,1,0,13,0,0,0,477,-5,-5,-5,-5,-5,-5,-5,-5,-5,-5,-5,-5,-5,-5,-5,-5,-5,-5,-5,-5,-5,-5,-5,-5,-5,-5,-5,-5,5780,1320854,1347,1327981,0,0,3000,0,3000,2525286,576985,3102271,-40504,0,-40504,4243,0,0,48297,404202,369581,773783,32924,5251995,3562938,306683,37803,0,0,2645,0,0,0,503917,63297,0,49724,24400,51217,202385,0,0,0,369581,697307,5174590
365,1,2,2,1,70,30,-4,-4,-4,1,5,5,2,1,1,2,2,-4,4,3,4,1,1,1,408,4,4,4,4,2,3,4,3,3,3,4,4,3,87,-2,87,-2,10,30,60,80,222/222,1,0,3,0,2,42,6,8,1,1,1,3,2,2000,632,19,40,188,212,232,6,6,7,0,18,3,8,6,5,7,8,2,1,0,0,20,0,0,0,187,189442,69801,259243,157282,316843,474125,16519,3932,20451,0,0,514,64451,0,64451,818784,30960,38191,69151,24337,99424,135216,14415,62662,336054,316823,0,722028,-5,-5,-5,-5,-5,-5,-5,-5,-5,-5,-5,-5,-5,-5,-5,-5,-5,-5,-5,-5,-5,-5,-5,-5,-5,-5,-5,-5,-5,-5,-5,-5,-5,-5,-5,-5,-5,-5,-5,-5,-5,-5,-5,-5,-5,-5
366,1,1,2,2,-5,-5,-5,-5,-5,1,3,10,2,1,1,1,2,-4,4,3,3,2,1,2,-5,2,2,3,4,4,2,3,3,3,3,3,3,2,40,10,80,100,0,32,17,98,212/223,8,16,30,0,1,44,6,8,1,1,1,3,2,1996,1794,48,108,684,573,537,16,16,16,0,70,4,27,34,14,18,7,4,0,0,0,23,0,0,0,527,230871,132506,363377,455858,962160,1418018,77003,22697,99700,2751,0,27528,58397,0,58397,1969771,71895,126476,198371,51366,201009,275432,23174,258259,809240,962160,0,1969771,-5,-5,-5,-5,-5,-5,-5,-5,-5,-5,-5,-5,-5,-5,-5,-5,-5,-5,-5,-5,-5,-5,-5,-5,-5,-5,-5,-5,-5,-5,-5,-5,-5,-5,-5,-5,-5,-5,-5,-5,-5,-5,-5,-5,-5,-5
367,1,2,2,1,30,70,-4,-4,-4,1,3,5,2,1,1,2,2,-4,5,5,5,1,1,2,-5,4,2,3,4,4,3,4,3,3,3,5,5,3,0,33,0,16,20,7,20,99.8,222/222,1,10,3,0,1,50,9,8,1,1,1,3,4,1975,193,6,16,69,68,56,2,2,2,0,4,1,0,3,2,5,2,1,1,1,0,8,0,0,0,69,136712,150613,287325,48085,101297,149382,871,1526,2397,430,0,13082,7257,0,7257,459873,14040,55651,69691,16368,126321,79360,10169,55070,287288,100408,0,457387,-5,-5,-5,-5,-5,-5,-5,-5,-5,-5,-5,-5,-5,-5,-5,-5,-5,-5,-5,-5,-5,-5,-5,-5,-5,-5,-5,-5,-5,-5,-5,-5,-5,-5,-5,-5,-5,-5,-5,-5,-5,-5,-5,-5,-5,-5
368,1,2,2,1,30,70,-5,-5,-5,1,5,6,2,1,1,2,2,-4,4,3,5,2,1,1,610,4,5,4,5,2,2,3,1,4,2,3,4,1,12,100,21,22,64,63,47,93.5,207/222,2,47,6,0,1,46,6,8,1,1,1,3,4,2000,1039,29,62,451,381,207,12,11,6,0,29,3,9,7,16,12,11,2,1,1,0,31,0,0,0,219,192378,32295,224673,261993,653762,915755,27724,655,28379,843,3000,251944,138890,0,138890,1563484,44660,56143,100803,83237,144048,209789,16546,321930,775550,653009,0,1529362,-5,-5,-5,-5,-5,-5,-5,-5,-5,-5,-5,-5,-5,-5,-5,-5,-5,-5,-5,-5,-5,-5,-5,-5,-5,-5,-5,-5,-5,-5,-5,-5,-5,-5,-5,-5,-5,-5,-5,-5,-5,-5,-5,-5,-5,-5
369,1,2,2,1,30,70,-4,-4,-4,1,4,6,1,1,1,2,2,-4,5,5,5,1,2,1,101,4,5,5,5,5,4,4,3,5,5,4,4,4,205,41,160,81,0,2,0,99.9,193/221,0,12,38,0,1,52,6,8,1,1,1,3,2,2000,1485,44,89,395,456,634,11,12,18,3,61,4,27,33,11,5,5,4,0,0,0,18,0,0,0,553,259953,268442,528395,366913,1334073,1700986,2252,4112,6364,2339,0,0,59457,0,59457,2297541,92896,126635,219531,46428,154223,344817,19640,86233,651341,1329579,0,2200451,-5,-5,-5,-5,-5,-5,-5,-5,-5,-5,-5,-5,-5,-5,-5,-5,-5,-5,-5,-5,-5,-5,-5,-5,-5,-5,-5,-5,-5,-5,-5,-5,-5,-5,-5,-5,-5,-5,-5,-5,-5,-5,-5,-5,-5,-5
370,2,2,2,2,-5,-5,-5,-5,-5,1,5,10,2,1,1,1,1,09,4,3,4,1,2,1,102,4,3,3,4,4,4,4,2,3,3,3,4,3,15,30,70,206,0,7,6,99.9,190/224,1,15,0,0,1,50,6,9,2,1,1,2,2,1967,1039,30,65,353,347,339,10,10,10,0,17,0,4,13,10,17,16,3,2,0,0,18,0,0,0,361,-5,-5,-5,-5,-5,-5,-5,-5,-5,-5,-5,-5,-5,-5,-5,-5,-5,-5,-5,-5,-5,-5,-5,-5,-5,-5,-5,-5,5005,867833,2137,874975,0,0,8336,0,8336,2793505,338902,3132407,31179,0,31179,0,0,0,0,223309,927009,1150318,6978,5204193,3525981,388551,43382,20986,25192,1304,0,0,0,31090,0,0,46806,21502,22461,79143,42287,1243,0,927008,1140450,5176936
371,2,2,2,2,-5,-5,-5,-5,-5,1,5,5,2,1,1,1,1,03,4,4,4,1,2,1,307,2,4,4,5,5,4,4,2,4,4,4,4,5,10,35,53,31,52,0,2,98,220/223,1,41,3,0,1,49,9,9,2,1,1,2,3,1963,500,21,48,157,158,185,7,7,7,0,17,0,4,5,14,14,8,0,2,0,1,10,0,0,0,185,-5,-5,-5,-5,-5,-5,-5,-5,-5,-5,-5,-5,-5,-5,-5,-5,-5,-5,-5,-5,-5,-5,-5,-5,-5,-5,-5,-5,2083,408475,1081,411639,0,0,2483,0,2483,2384672,720,2385392,100492,0,100492,0,27590,0,0,104822,269367,374189,4751,3306536,2457416,199650,122533,2733,0,656,27550,0,0,42102,0,0,34369,11249,27915,28349,0,0,0,269532,371414,3224054
372,1,2,2,2,-5,-5,-5,-5,-5,1,5,12,2,1,1,1,1,-4,4,4,5,3,3,1,307,4,2,3,2,4,4,4,4,4,4,4,4,5,0,0,180,150,0,0,0,99.9,205/223,0,22,11,0,1,51,6,9,1,1,1,1,2,1924,1042,30,69,357,350,335,10,10,10,0,14,1,3,5,12,15,20,7,4,2,0,24,0,0,1,324,269546,263633,533179,212613,658780,871393,81227,23714,104941,0,0,24000,41917,0,0,1575430,58955,143624,202579,76769,230559,280357,10257,86844,684786,658093,0,1545458,-5,-5,-5,-5,-5,-5,-5,-5,-5,-5,-5,-5,-5,-5,-5,-5,-5,-5,-5,-5,-5,-5,-5,-5,-5,-5,-5,-5,-5,-5,-5,-5,-5,-5,-5,-5,-5,-5,-5,-5,-5,-5,-5,-5,-5,-5
373,1,2,2,1,40,-4,-4,-4,-4,1,4,12,2,1,1,1,2,09,4,4,4,3,3,1,714,3,4,4,3,4,3,3,4,4,4,3,3,4,5,50,52,162,0,2,6,99,190/220,0,12,25,0,1,48,6,10,1,1,1,2,2,1942,1127,33,65,372,383,372,11,11,11,0,34,9,15,6,13,11,7,2,2,0,0,20,0,0,0,353,226863,324415,551278,221300,1223045,1444345,8500,6315,14815,0,0,6000,29883,0,29883,2046321,48905,90146,139051,125175,283825,168165,10893,54814,642872,1213820,0,1995743,-5,-5,-5,-5,-5,-5,-5,-5,-5,-5,-5,-5,-5,-5,-5,-5,-5,-5,-5,-5,-5,-5,-5,-5,-5,-5,-5,-5,-5,-5,-5,-5,-5,-5,-5,-5,-5,-5,-5,-5,-5,-5,-5,-5,-5,-5
374,2,1,2,2,-5,-5,-5,-5,-5,1,5,11,1,1,1,2,2,04,2,3,4,2,1,1,105,3,2,2,3,4,3,3,3,5,4,3,3,3,2,3,60,277,0,1,7,99,213/223,5,12,10,0,1,54,6,10,2,1,1,1,2,1977,1014,30,59,348,328,338,10,10,10,0,4,0,6,6,4,7,13,12,9,2,0,10,2,0,0,345,-5,-5,-5,-5,-5,-5,-5,-5,-5,-5,-5,-5,-5,-5,-5,-5,-5,-5,-5,-5,-5,-5,-5,-5,-5,-5,-5,-5,5101,1080181,941,1086223,38660,6778,42047,0,87485,2364669,287493,2652162,31957,0,31957,0,0,0,0,200428,937668,1138096,8397,5004320,3338224,451145,0,49034,2872,0,0,3290,0,0,0,0,38940,65473,53722,34642,0,0,0,866923,1059700,4904265
375,2,2,2,2,-5,-5,-5,-5,-5,1,4,8,2,1,1,2,2,08,3,3,4,3,2,1,712,4,3,3,4,4,3,4,3,4,4,3,4,3,0,105,3,69,2,31,0,95,218/222,0,15,2,0,1,51,6,10,2,1,1,1,3,1978,525,17,35,175,174,176,6,5,6,0,6,0,1,4,2,12,8,4,4,0,0,7,3,0,0,204,-5,-5,-5,-5,-5,-5,-5,-5,-5,-5,-5,-5,-5,-5,-5,-5,-5,-5,-5,-5,-5,-5,-5,-5,-5,-5,-5,-5,2124,305893,1068,309085,0,0,2500,0,2500,1824672,209949,2034621,15221,0,15221,0,0,0,0,101328,447210,548538,2053,2912018,1976101,267772,0,0,0,507,0,1702,0,92256,0,0,23100,7396,22077,48629,0,0,0,447209,548411,2886749
376,2,2,2,2,-5,-5,-5,-5,-5,1,1,7,2,1,1,2,2,-4,3,4,4,2,3,1,509,4,2,2,4,3,5,5,2,3,3,4,4,4,7,15,31,157,2,0,0,99.9,223/224,2,38,0,0,1,49,6,11,2,1,1,3,3,1975,572,18,40,180,186,206,6,6,6,0,8,1,1,7,11,5,11,3,0,1,0,7,0,0,0,215,-5,-5,-5,-5,-5,-5,-5,-5,-5,-5,-5,-5,-5,-5,-5,-5,-5,-5,-5,-5,-5,-5,-5,-5,-5,-5,-5,-5,1904,427188,1750,430842,0,0,2962,0,2962,1774941,1250673,3025614,25847,0,25847,0,644,0,0,202183,293168,495351,6642,3987902,2079278,354727,0,1212,1544,1187,0,0,0,713168,0,0,32951,16401,8464,91978,10735,939,0,293197,454665,3605781
377,1,2,2,1,70,30,-4,-4,-4,1,5,13,2,1,1,2,2,-4,3,3,3,1,3,1,102,4,2,2,3,3,3,3,3,4,4,4,4,4,0,0,94,275,1,3,0,99.8,222/222,1,18,35,0,1,47,6,11,1,1,1,2,2,1955,1086,33,71,357,362,367,11,11,11,0,37,1,10,6,16,13,11,9,4,1,0,36,0,0,0,358,228866,576868,805734,233112,411305,644417,10281,3306,13587,648,0,299543,37460,0,37460,1801389,56717,105839,162556,79784,303101,215376,13388,327328,938977,411349,0,1512882,-5,-5,-5,-5,-5,-5,-5,-5,-5,-5,-5,-5,-5,-5,-5,-5,-5,-5,-5,-5,-5,-5,-5,-5,-5,-5,-5,-5,-5,-5,-5,-5,-5,-5,-5,-5,-5,-5,-5,-5,-5,-5,-5,-5,-5,-5
378,1,2,2,1,70,30,40,-4,-4,1,1,13,2,1,1,2,2,-4,3,3,3,1,3,1,102,4,2,2,3,3,3,3,3,3,4,4,4,4,0,22,100,356,1,3,0,99.8,220/222,1,18,35,0,1,47,6,11,1,1,1,1,2,1968,1582,45,93,531,531,520,15,15,15,0,19,0,5,5,21,35,15,5,5,2,0,42,0,0,4,507,265827,142696,408523,314838,1017676,1332514,12503,5462,17965,0,0,0,0,25917,25917,1784919,71957,87403,159360,43582,254425,254281,13768,28429,594485,1016017,0,1769862,-5,-5,-5,-5,-5,-5,-5,-5,-5,-5,-5,-5,-5,-5,-5,-5,-5,-5,-5,-5,-5,-5,-5,-5,-5,-5,-5,-5,-5,-5,-5,-5,-5,-5,-5,-5,-5,-5,-5,-5,-5,-5,-5,-5,-5,-5
379,2,2,2,1,70,30,-4,-4,-4,1,1,10,1,1,1,1,1,-4,4,3,5,2,1,1,611,4,3,2,4,4,4,4,3,4,4,4,3,3,0,155,3,86,36,9,42,99.22,220/224,4,12,17,0,1,46,6,11,2,1,1,3,3,1974,761,24,51,242,252,267,8,8,8,0,7,0,4,6,6,17,11,2,5,0,0,3,0,0,0,280,-5,-5,-5,-5,-5,-5,-5,-5,-5,-5,-5,-5,-5,-5,-5,-5,-5,-5,-5,-5,-5,-5,-5,-5,-5,-5,-5,-5,3356,577200,2498,583054,0,0,36599,0,36599,2360448,401480,2761928,3090,0,3090,403,0,0,0,190085,513247,703332,6319,4094725,2770277,409901,0,503,4008,1775,576,0,0,198366,0,0,43080,29912,22431,86605,2743,3000,0,513110,700881,4086287
380,2,2,2,1,70,30,-4,-4,-4,1,4,15,1,1,1,2,2,03,4,3,4,1,2,1,712,3,2,3,4,3,3,3,2,4,4,3,3,3,30,22,18,160,0,0,0,99,219/222,0,24,6,0,1,48,6,12,2,1,1,3,2,1982,709,24,50,242,238,229,8,8,8,0,8,0,3,4,7,15,13,3,4,1,0,11,0,0,0,232,-5,-5,-5,-5,-5,-5,-5,-5,-5,-5,-5,-5,-5,-5,-5,-5,-5,-5,-5,-5,-5,-5,-5,-5,-5,-5,-5,-5,3192,537902,2518,543612,0,0,6900,0,6900,2331530,254822,2586352,2778,770000,772778,0,0,0,0,135805,537717,673522,7453,4590617,2666526,383846,0,7630,7083,2130,360,0,770000,141231,0,0,38998,0,26287,0,0,0,0,537688,602973,4581779
381,2,1,2,1,70,30,70,30,-4,1,5,13,2,1,1,1,1,-4,4,3,3,1,3,1,408,4,3,3,2,3,4,5,3,4,4,5,4,4,3,15,40,180,0,5,0,99,190/221,0,7,34,0,1,50,6,12,2,1,1,2,2,1964,733,24,50,247,246,240,8,8,8,0,8,0,3,1,8,15,13,6,4,0,0,7,0,0,2,256,-5,-5,-5,-5,-5,-5,-5,-5,-5,-5,-5,-5,-5,-5,-5,-5,-5,-5,-5,-5,-5,-5,-5,-5,-5,-5,-5,-5,4001,707559,340,711900,0,0,29400,0,29400,2248871,292919,2541790,34902,0,34902,0,0,0,0,132815,445583,578398,8088,3904478,2784675,453904,0,19703,6994,2200,0,0,0,46446,0,0,39000,0,40858,0,0,0,0,445582,525440,3839362
382,1,1,2,2,-5,-5,-5,-5,-5,1,5,14,2,1,1,2,2,-4,3,3,4,1,3,1,103,4,4,4,4,4,3,4,2,4,3,3,4,2,8,20,51,210,0,3,0,99.5,218/222,2,32,4,3,1,50,6,12,1,1,1,3,2,1976,742,24,56,240,245,257,8,8,8,0,14,0,1,0,5,11,24,11,3,1,0,35,0,0,3,272,423360,0,423360,147770,984799,1132569,117,6082,6199,0,0,16000,642,0,642,1578770,48797,51236,100033,6067,185369,233729,15700,20730,461595,985841,0,1547469,-5,-5,-5,-5,-5,-5,-5,-5,-5,-5,-5,-5,-5,-5,-5,-5,-5,-5,-5,-5,-5,-5,-5,-5,-5,-5,-5,-5,-5,-5,-5,-5,-5,-5,-5,-5,-5,-5,-5,-5,-5,-5,-5,-5,-5,-5
383,2,1,2,2,-5,-5,-5,-5,-5,1,5,8,2,1,1,2,2,-4,3,3,5,3,3,1,101,4,2,2,2,3,4,5,3,4,4,4,4,4,0,0,50,270,0,2,0,99,200/224,5,15,18,0,1,47,6,12,2,1,1,2,2,1981,988,30,61,318,319,351,10,10,10,0,32,0,4,10,13,18,10,2,3,1,0,15,0,0,1,392,-5,-5,-5,-5,-5,-5,-5,-5,-5,-5,-5,-5,-5,-5,-5,-5,-5,-5,-5,-5,-5,-5,-5,-5,-5,-5,-5,-5,5152,955760,638,961550,0,0,2400,0,2400,2417603,448634,2866237,232433,0,232433,0,0,0,0,197238,452608,649846,10385,4722851,3167927,497540,0,7053,3171,0,0,0,0,271678,0,0,47810,0,78541,0,0,0,0,452608,578959,4526328
384,2,2,2,2,-5,-5,-5,-5,-5,1,5,10,1,1,2,2,2,03,4,2,5,1,2,1,611,4,4,5,4,3,4,4,2,5,4,3,4,3,0,7,0,49,2,7,2,99.22,217/228,5,0,0,0,1,44,6,13,2,1,1,3,3,1984,150,6,17,57,57,36,2,2,2,0,6,0,3,2,2,5,4,1,0,0,0,5,0,0,1,58,-5,-5,-5,-5,-5,-5,-5,-5,-5,-5,-5,-5,-5,-5,-5,-5,-5,-5,-5,-5,-5,-5,-5,-5,-5,-5,-5,-5,725,104222,306,105253,0,0,3470,0,3470,891489,86222,977711,2613,0,2613,0,0,0,0,26917,126487,153404,910,1243361,866860,133742,900,2421,2200,390,1500,0,0,69232,0,0,12240,1170,3240,7707,0,790,0,131701,156848,1234093
385,2,2,2,1,70,30,-4,-4,-4,2,-5,-5,1,1,1,2,2,-4,5,1,3,3,1,1,712,3,3,3,4,3,3,4,1,3,3,3,3,3,4,20,5,60,4,0,0,99.21,220/224,4,10,0,1,1,45,6,13,2,1,1,3,4,1984,226,9,22,64,78,84,3,3,3,0,8,0,2,5,4,6,0,2,2,1,0,7,0,0,0,85,-5,-5,-5,-5,-5,-5,-5,-5,-5,-5,-5,-5,-5,-5,-5,-5,-5,-5,-5,-5,-5,-5,-5,-5,-5,-5,-5,-5,787,141975,337,143099,0,0,3000,0,3000,1171356,53589,1224945,6025,0,6025,51,0,0,0,51319,211151,262470,1418,1641008,1159576,169552,900,3487,11287,240,730,0,0,0,0,0,16131,4348,4260,21406,0,659,0,215048,261852,1607624
386,2,2,2,2,-5,-5,-5,-5,-5,1,4,3,2,1,1,2,2,07,3,3,4,2,1,2,-5,3,3,3,3,4,3,4,2,3,3,3,3,3,2,24,2,25,14,1,2,99.1,214/227,0,7,10,0,1,51,6,13,2,1,1,3,4,1965,210,9,22,65,69,76,3,3,3,0,4,0,0,1,1,9,6,2,3,0,0,2,0,0,0,66,-5,-5,-5,-5,-5,-5,-5,-5,-5,-5,-5,-5,-5,-5,-5,-5,-5,-5,-5,-5,-5,-5,-5,-5,-5,-5,-5,-5,824,122925,481,124230,0,0,2883,0,2883,1349805,84281,1434086,5469,0,5469,0,0,0,0,46434,206885,253319,126,1820113,1331145,177737,0,599,2500,292,1380,0,0,24000,0,0,17160,2517,9980,13419,0,10,0,228799,271885,1809538
387,1,2,2,1,70,30,-4,-4,-4,1,5,12,2,1,1,2,2,07,3,3,4,1,3,1,610,5,5,5,4,3,4,5,3,5,4,4,5,4,12,47,35,260,10,0,0,99.8,196/218,2,11,37,0,1,45,6,13,1,1,1,2,2,1995,1020,30,65,347,333,340,10,10,10,0,39,5,8,3,18,18,7,2,4,0,0,19,0,0,0,364,292294,327483,619777,194919,1170915,1365834,23713,2584,26297,0,0,32237,29528,0,29528,2073673,56784,76205,132989,18770,334648,220371,13334,125111,712234,1210010,0,2055233,-5,-5,-5,-5,-5,-5,-5,-5,-5,-5,-5,-5,-5,-5,-5,-5,-5,-5,-5,-5,-5,-5,-5,-5,-5,-5,-5,-5,-5,-5,-5,-5,-5,-5,-5,-5,-5,-5,-5,-5,-5,-5,-5,-5,-5,-5
388,2,2,2,2,-5,-5,-5,-5,-5,1,5,5,1,1,1,1,1,-4,4,3,4,3,3,1,611,4,4,4,4,4,4,4,4,4,4,4,4,4,0,0,72,168,0,0,0,99.8,210/210,0,10,15,0,1,55,6,14,2,1,1,1,2,1954,676,21,44,211,223,242,7,7,7,0,4,0,1,2,5,11,10,4,6,5,0,18,0,0,0,256,-5,-5,-5,-5,-5,-5,-5,-5,-5,-5,-5,-5,-5,-5,-5,-5,-5,-5,-5,-5,-5,-5,-5,-5,-5,-5,-5,-5,2870,543004,1519,547393,0,0,3500,0,3500,2113224,1077897,3191121,30398,0,30398,0,0,0,0,152256,484015,636271,5941,4414624,2546834,260507,0,3436,11432,1060,350,0,0,58073,0,0,31320,9375,24059,80796,2438,0,0,486255,634243,3515935
389,1,2,2,2,-5,-5,-5,-5,-5,1,4,10,2,1,1,1,1,-4,4,4,4,2,1,1,611,3,2,2,4,3,4,4,2,3,3,3,4,2,0,43,5,56,7,6,0,98.29,210/221,0,17,1,0,1,42,6,14,1,1,1,1,2,1984,483,15,33,158,161,164,5,5,5,0,11,0,0,1,11,7,8,2,4,0,0,17,0,0,0,167,146620,224306,370926,104986,648407,753392,2794,1548,4342,1159,0,0,8859,0,8859,1138678,30000,45473,75473,63571,161854,125526,6964,21669,379584,648407,0,1103464,-5,-5,-5,-5,-5,-5,-5,-5,-5,-5,-5,-5,-5,-5,-5,-5,-5,-5,-5,-5,-5,-5,-5,-5,-5,-5,-5,-5,-5,-5,-5,-5,-5,-5,-5,-5,-5,-5,-5,-5,-5,-5,-5,-5,-5,-5
390,2,2,2,1,70,30,-4,-4,-4,1,4,9,1,2,1,2,2,-4,4,3,3,1,1,1,611,4,3,3,3,3,4,4,3,3,3,4,4,4,8,23,8,93,20,0,0,99,212/243,1,25,10,0,1,50,6,14,2,1,1,1,3,1953,517,18,37,161,179,177,6,6,6,0,1,0,2,1,3,17,7,4,1,2,0,10,0,0,0,196,-5,-5,-5,-5,-5,-5,-5,-5,-5,-5,-5,-5,-5,-5,-5,-5,-5,-5,-5,-5,-5,-5,-5,-5,-5,-5,-5,-5,1928,391143,1279,394350,0,0,0,3722,3722,1685455,433087,2118542,0,0,0,603,0,0,0,232225,547602,779827,2682,3299726,1996237,206242,0,1778,2500,905,52039,0,0,308751,0,0,27480,6442,8878,69609,0,0,0,553843,666252,3234704
391,2,2,2,2,-5,-5,-5,-5,-5,1,5,11,2,1,1,2,1,-4,2,3,3,1,2,1,102,3,4,4,5,4,4,4,3,4,4,4,4,4,10,20,50,160,0,0,0,99,200/225,1,3,26,0,1,51,6,14,2,1,1,1,2,1954,654,21,45,211,212,231,7,7,7,0,5,0,4,4,9,4,12,6,4,2,0,15,0,0,1,247,-5,-5,-5,-5,-5,-5,-5,-5,-5,-5,-5,-5,-5,-5,-5,-5,-5,-5,-5,-5,-5,-5,-5,-5,-5,-5,-5,-5,2884,545729,1542,550155,0,0,18069,455000,473069,2174371,1044951,3219322,30212,0,30212,0,0,0,0,141936,500909,642845,1100,4916703,2591039,242314,0,2120,4180,1052,100,0,0,1428227,0,0,32520,2252,36314,69609,0,0,0,493564,634259,4903291
392,2,2,2,1,30,-4,-4,-4,-4,2,-5,-5,2,1,1,2,1,-4,3,2,3,2,3,1,611,3,4,4,3,3,2,3,3,3,3,3,3,4,0,32,0,76,5,2,16,98,202/222,1,7,16,0,1,57,6,14,2,1,1,1,3,1978,355,12,25,123,112,120,4,4,4,0,3,0,3,3,4,3,8,2,2,0,0,7,0,0,0,128,-5,-5,-5,-5,-5,-5,-5,-5,-5,-5,-5,-5,-5,-5,-5,-5,-5,-5,-5,-5,-5,-5,-5,-5,-5,-5,-5,-5,1449,262471,955,264875,0,0,1250,9912,11162,1186529,190980,1377509,199,0,199,0,0,0,0,80225,405559,485784,7925,2147454,1426361,177714,9912,26552,8300,596,0,0,0,11399,0,0,17720,4107,3760,51385,2623,0,0,404801,484396,2145230
393,2,2,2,1,30,-4,-4,-4,-4,1,5,10,1,1,1,1,1,-4,4,4,4,1,3,1,611,4,4,4,4,3,4,4,4,4,4,4,4,4,0,5,48,285,0,5,0,99,221/227,13,37,7,0,1,51,6,14,2,1,1,3,3,1975,1038,30,59,283,379,376,8,11,11,0,21,1,16,16,12,8,2,2,2,0,0,2,0,0,0,338,-5,-5,-5,-5,-5,-5,-5,-5,-5,-5,-5,-5,-5,-5,-5,-5,-5,-5,-5,-5,-5,-5,-5,-5,-5,-5,-5,-5,3339,780662,2034,786035,0,0,1060,0,1060,2082450,278789,2361239,142,0,142,0,0,0,0,234600,535989,770589,11627,3930692,2626922,412566,5737,4500,10200,1400,15500,0,0,37201,0,0,44293,3467,21648,161949,0,0,0,535991,767348,3881374
394,1,2,2,1,70,30,-4,-4,-4,1,5,7,2,1,1,2,2,01,4,4,4,3,3,1,408,3,2,3,4,4,4,4,4,5,5,5,4,3,0,31,11,50,71,10,52,100,207/224,4,0,0,0,1,48,6,15,1,1,1,3,4,2002,951,28,60,311,303,337,9,9,10,0,33,15,19,4,7,8,4,1,2,0,0,7,0,0,0,0,269999,210230,480229,191069,1381096,1572165,341,28938,29279,0,0,6436,44883,50000,94883,2182992,58624,64338,122962,50282,171900,279597,11436,125698,638913,1391372,0,2153247,-5,-5,-5,-5,-5,-5,-5,-5,-5,-5,-5,-5,-5,-5,-5,-5,-5,-5,-5,-5,-5,-5,-5,-5,-5,-5,-5,-5,-5,-5,-5,-5,-5,-5,-5,-5,-5,-5,-5,-5,-5,-5,-5,-5,-5,-5
395,1,1,2,1,70,30,-4,-4,-4,1,5,5,2,1,1,2,2,-4,4,1,4,3,3,1,611,4,5,5,5,4,4,4,3,5,4,4,4,3,0,0,40,150,3,5,0,99,208/224,0,22,20,0,1,48,6,15,1,1,1,3,2,1983,618,18,44,212,205,201,6,6,6,0,13,0,0,4,15,13,9,2,1,0,0,31,0,0,2,241,382130,64382,446512,127814,610048,737862,7609,1938,9547,0,0,8993,24259,0,24259,1227173,49632,92331,141963,37848,224176,160025,14782,882,437713,610122,0,1189798,-5,-5,-5,-5,-5,-5,-5,-5,-5,-5,-5,-5,-5,-5,-5,-5,-5,-5,-5,-5,-5,-5,-5,-5,-5,-5,-5,-5,-5,-5,-5,-5,-5,-5,-5,-5,-5,-5,-5,-5,-5,-5,-5,-5,-5,-5
396,1,2,2,1,70,30,-4,-4,-4,1,5,5,2,1,1,2,2,-4,4,2,4,3,2,2,-5,3,4,4,2,2,3,4,3,4,4,4,4,3,0,314,0,107,8,6,15,99,216/221,2,15,50,0,2,43,6,15,1,1,1,3,2,1998,1287,38,81,346,440,501,10,13,15,0,51,4,25,8,7,19,9,4,4,1,0,19,0,0,0,442,333843,274112,607955,249744,852706,1102450,4636,33176,37812,0,0,25282,23956,0,23956,1797455,74625,117087,191712,67832,325812,249960,13215,73599,730418,852706,0,1774836,-5,-5,-5,-5,-5,-5,-5,-5,-5,-5,-5,-5,-5,-5,-5,-5,-5,-5,-5,-5,-5,-5,-5,-5,-5,-5,-5,-5,-5,-5,-5,-5,-5,-5,-5,-5,-5,-5,-5,-5,-5,-5,-5,-5,-5,-5
397,1,2,2,2,-5,-5,-5,-5,-5,1,5,5,2,1,1,2,2,-4,4,2,5,1,2,2,-5,4,3,4,5,2,3,4,2,4,4,4,4,4,0,16,2,16,1,1,0,99,215/221,2,3,5,0,1,52,6,15,1,1,1,3,4,1982,81,3,12,23,25,33,1,1,1,0,6,0,4,1,2,1,0,2,2,0,0,7,0,0,0,35,130131,101554,231685,13952,78973,92925,68,668,736,0,25600,0,0,7821,7821,358767,13080,14550,27630,37182,112527,81175,6398,14360,251642,78945,0,358217,-5,-5,-5,-5,-5,-5,-5,-5,-5,-5,-5,-5,-5,-5,-5,-5,-5,-5,-5,-5,-5,-5,-5,-5,-5,-5,-5,-5,-5,-5,-5,-5,-5,-5,-5,-5,-5,-5,-5,-5,-5,-5,-5,-5,-5,-5
398,2,2,2,2,-5,-5,-5,-5,-5,1,5,8,2,1,1,2,2,-4,4,4,4,1,2,1,712,5,5,5,3,4,4,2,5,4,4,4,3,3,0,22,2,32,16,2,2,99.065,209/226,0,26,0,0,1,49,9,15,2,1,1,2,4,1967,182,12,27,56,52,74,4,4,4,0,9,0,1,5,5,8,5,3,0,0,0,4,0,0,0,72,-5,-5,-5,-5,-5,-5,-5,-5,-5,-5,-5,-5,-5,-5,-5,-5,-5,-5,-5,-5,-5,-5,-5,-5,-5,-5,-5,-5,576,116424,546,117546,1,3545,1,1,3548,1535702,25164,1560866,1,1,2,3,0,0,0,30801,23521,54322,10541,1746828,1512271,165510,7824,1700,2500,1000,1650,0,0,1,0,50,21060,2630,0,7111,0,0,0,23521,54322,1746828
399,1,2,2,1,30,70,-4,-4,-4,2,-5,-5,1,1,1,1,2,-4,4,3,5,1,3,1,102,5,4,5,4,4,5,3,4,4,4,4,4,4,0,116,13,201,0,4,5,99.6,215/225,4,8,34,0,1,51,6,15,1,1,1,2,2,1922,1030,30,68,339,351,340,10,10,10,0,36,2,22,13,6,8,10,5,2,0,0,14,0,0,1,393,275768,266079,541847,204610,866386,1070996,6074,17047,23121,0,0,50673,3893,0,3893,1690530,62096,98059,160155,49044,249750,139391,11706,87502,537393,866386,0,1563934,-5,-5,-5,-5,-5,-5,-5,-5,-5,-5,-5,-5,-5,-5,-5,-5,-5,-5,-5,-5,-5,-5,-5,-5,-5,-5,-5,-5,-5,-5,-5,-5,-5,-5,-5,-5,-5,-5,-5,-5,-5,-5,-5,-5,-5,-5
400,2,1,2,2,-5,-5,-5,-5,-5,1,3,2,1,1,1,2,2,-4,4,4,4,4,3,2,-5,3,4,3,4,3,3,4,2,4,4,4,4,4,0,20,68,262,0,0,0,98.99,213/223,0,9,1,0,1,53,6,15,2,1,1,1,2,1978,1146,32,69,401,391,354,11,11,10,0,11,1,7,9,11,21,10,7,2,1,0,31,0,0,3,453,-5,-5,-5,-5,-5,-5,-5,-5,-5,-5,-5,-5,-5,-5,-5,-5,-5,-5,-5,-5,-5,-5,-5,-5,-5,-5,-5,-5,5900,1333951,602,1340453,1,7798,1,2,7802,2688481,4,2688485,5000,1,5001,3,2,2,1,247752,1376219,1623971,11077,5676797,3698493,252134,54260,14246,9650,0,1050,2,1,21649,1,1340,54540,18264,50362,123784,1,800,1,1376219,1623971,5676797
