BYSID,BYS23001,,,BYSID,hope_job_reason
5002,1,,,5002,1
5003,3,,,5004,1
5004,1,,,5005,4
5005,4,,,5009,4
5008,1,,,5010,3
5009,4,,,5012,3
5010,3,,,5014,4
5012,3,,,5015,1
5014,4,,,5016,3
5015,1,,,5018,2
5016,3,,,5020,1
5018,2,,,5022,1
5020,1,,,5025,1
5022,1,,,5026,1
5025,1,,,5028,4
5026,1,,,5031,1
5028,4,,,5032,1
5031,1,,,5033,4
5032,1,,,5034,1
5033,4,,,5035,1
5034,1,,,5036,1
5035,1,,,5037,1
5036,1,,,5041,1
5037,1,,,5043,1
5041,1,,,5045,1
5042,4,,,5046,4
5043,1,,,5047,1
5045,1,,,5052,4
5046,4,,,5054,1
5047,1,,,5055,1
5052,4,,,5056,3
5054,1,,,5058,1
5055,1,,,5059,3
5056,3,,,5060,1
5058,1,,,5064,3
5059,3,,,5065,1
5060,1,,,5068,3
5064,3,,,5069,3
5065,1,,,5070,3
5066,3,,,5071,4
5068,3,,,5072,1
5069,3,,,5073,1
5070,3,,,5074,3
5071,4,,,5075,1
5072,1,,,5078,4
5073,1,,,5079,4
5074,3,,,5080,1
5075,1,,,5081,3
5078,4,,,5083,1
5079,4,,,5088,3
5080,1,,,5092,1
5081,3,,,5094,1
5082,1,,,5097,1
5083,1,,,5102,4
5088,3,,,5105,1
5092,1,,,5106,3
5094,1,,,5108,1
5097,1,,,5109,1
5098,4,,,5113,3
5101,1,,,5120,1
5102,4,,,5121,1
5105,1,,,5122,1
5106,3,,,5126,4
5108,1,,,5127,1
5109,1,,,5129,1
5113,3,,,5130,1
5120,1,,,5131,1
5121,1,,,5132,3
5122,1,,,5140,2
5126,4,,,5142,1
5127,1,,,5144,3
5129,1,,,5146,3
5130,1,,,5148,1
5131,1,,,5151,1
5132,3,,,5153,3
5140,2,,,5154,1
5142,1,,,5157,4
5144,3,,,5158,1
5146,3,,,5160,1
5147,1,,,5161,1
5148,1,,,5164,4
5151,1,,,5169,4
5153,3,,,5174,1
5154,1,,,5175,4
5155,1,,,5177,1
5157,4,,,5178,1
5158,1,,,5181,4
5159,2,,,5183,1
5160,1,,,5189,1
5161,1,,,5190,3
5163,1,,,5194,1
5164,4,,,5195,1
5169,4,,,5196,1
5174,1,,,5198,1
5175,4,,,5199,1
5177,1,,,5200,1
5178,1,,,5203,3
5181,4,,,5204,1
5182,1,,,5206,1
5183,1,,,5211,1
5189,1,,,5213,1
5190,3,,,5215,1
5191,3,,,5219,1
5194,1,,,5220,1
5195,1,,,5223,1
5196,1,,,5225,1
5198,1,,,5226,3
5199,1,,,5227,1
5200,1,,,5231,3
5203,3,,,5233,3
5204,1,,,5235,1
5206,1,,,5236,1
5211,1,,,5237,3
5213,1,,,5243,4
5215,1,,,5244,4
5219,1,,,5245,3
5220,1,,,5246,1
5221,1,,,5251,3
5222,4,,,5252,4
5223,1,,,5253,3
5225,1,,,5255,1
5226,3,,,5256,3
5227,1,,,5257,3
5231,3,,,5258,1
5233,3,,,5259,3
5235,1,,,5260,4
5236,1,,,5261,1
5237,3,,,5262,1
5243,4,,,5263,1
5244,4,,,5268,3
5245,3,,,5269,2
5246,1,,,5270,3
5251,3,,,5274,1
5252,4,,,5275,4
5253,3,,,5276,1
5255,1,,,5277,4
5256,3,,,5278,3
5257,3,,,5279,3
5258,1,,,5283,3
5259,3,,,5284,3
5260,4,,,5285,3
5261,1,,,5286,1
5262,1,,,5288,4
5263,1,,,5289,2
5268,3,,,5291,3
5269,2,,,5293,1
5270,3,,,5296,1
5274,1,,,5298,1
5275,4,,,5302,1
5276,1,,,5303,1
5277,4,,,5305,1
5278,3,,,5307,1
5279,3,,,5308,4
5283,3,,,5310,3
5284,3,,,5313,1
5285,3,,,5316,1
5286,1,,,5317,2
5288,4,,,5318,3
5289,2,,,5320,1
5291,3,,,5322,1
5293,1,,,5323,3
5296,1,,,5324,1
5298,1,,,5326,1
5302,1,,,5329,1
5303,1,,,5330,3
5305,1,,,5331,1
5307,1,,,5332,1
5308,4,,,5335,1
5310,3,,,5338,4
5313,1,,,5339,3
5316,1,,,5340,1
5317,2,,,5341,3
5318,3,,,5342,1
5320,1,,,5346,1
5322,1,,,5348,1
5323,3,,,5349,3
5324,1,,,5354,4
5326,1,,,5355,4
5329,1,,,5356,3
5330,3,,,5357,1
5331,1,,,5358,1
5332,1,,,5360,1
5335,1,,,5361,1
5338,4,,,5362,1
5339,3,,,5363,1
5340,1,,,5364,4
5341,3,,,5367,1
5342,1,,,5369,3
5345,1,,,5372,1
5346,1,,,5374,2
5348,1,,,5376,4
5349,3,,,5378,3
5354,4,,,5381,3
5355,4,,,5382,4
5356,3,,,5383,1
5357,1,,,5384,1
5358,1,,,5386,3
5360,1,,,5391,2
5361,1,,,5392,1
5362,1,,,5396,3
5363,1,,,5399,3
5364,4,,,5400,2
5367,1,,,5401,1
5368,1,,,5404,3
5369,3,,,5408,4
5370,1,,,5409,4
5371,1,,,5410,1
5372,1,,,5412,1
5374,2,,,5413,3
5376,4,,,5414,3
5378,3,,,5417,1
5381,3,,,5420,2
5382,4,,,5424,1
5383,1,,,5428,1
5384,1,,,5429,3
5386,3,,,5431,1
5390,1,,,5434,1
5391,2,,,5435,1
5392,1,,,5437,1
5396,3,,,5439,1
5397,4,,,5441,1
5399,3,,,5442,3
5400,2,,,5444,3
5401,1,,,5445,3
5404,3,,,5447,3
5408,4,,,5449,4
5409,4,,,5450,1
5410,1,,,5451,4
5412,1,,,5452,4
5413,3,,,5456,3
5414,3,,,5461,1
5416,3,,,5463,4
5417,1,,,5466,4
5419,4,,,5467,3
5420,2,,,5469,3
5424,1,,,5477,1
5427,4,,,5478,1
5428,1,,,5481,1
5429,3,,,5483,1
5431,1,,,5484,1
5434,1,,,5485,4
5435,1,,,5491,1
5437,1,,,5493,4
5439,1,,,5494,3
5441,1,,,5495,1
5442,3,,,5498,3
5444,3,,,5500,4
5445,3,,,5501,3
5446,4,,,5502,1
5447,3,,,5503,1
5449,4,,,5505,1
5450,1,,,5506,4
5451,4,,,5507,3
5452,4,,,5508,4
5456,3,,,5511,2
5461,1,,,5512,3
5463,4,,,5513,1
5464,1,,,5514,3
5466,4,,,5515,4
5467,3,,,5517,1
5469,3,,,5523,1
5477,1,,,5525,1
5478,1,,,5529,1
5479,3,,,5532,1
5481,1,,,5533,3
5483,1,,,5535,1
5484,1,,,5536,3
5485,4,,,5538,1
5489,3,,,5540,4
5491,1,,,5542,1
5493,4,,,5545,1
5494,3,,,5547,3
5495,1,,,5549,3
5498,3,,,5550,1
5500,4,,,5551,3
5501,3,,,5552,3
5502,1,,,5555,4
5503,1,,,5557,3
5505,1,,,5560,1
5506,4,,,5561,1
5507,3,,,5565,1
5508,4,,,5567,1
5511,2,,,5568,1
5512,3,,,5569,3
5513,1,,,5570,1
5514,3,,,5573,1
5515,4,,,5577,3
5517,1,,,5578,1
5523,1,,,5579,1
5525,1,,,5582,1
5529,1,,,5583,1
5530,1,,,5584,1
5532,1,,,5585,1
5533,3,,,5588,3
5535,1,,,5590,1
5536,3,,,5596,1
5538,1,,,5598,1
5540,4,,,5599,3
5542,1,,,5600,1
5545,1,,,5602,1
5547,3,,,5609,3
5549,3,,,5610,3
5550,1,,,5611,1
5551,3,,,5613,2
5552,3,,,5614,3
5553,1,,,5615,1
5555,4,,,5618,3
5556,1,,,5619,3
5557,3,,,5620,4
5560,1,,,5621,1
5561,1,,,5622,3
5565,1,,,5624,1
5567,1,,,5625,3
5568,1,,,5626,4
5569,3,,,5627,2
5570,1,,,5629,1
5573,1,,,5632,4
5575,4,,,5635,4
5577,3,,,5636,3
5578,1,,,5637,3
5579,1,,,5638,3
5582,1,,,5641,3
5583,1,,,5642,3
5584,1,,,5645,3
5585,1,,,5646,1
5586,1,,,5647,1
5588,3,,,5648,3
5590,1,,,5649,4
5596,1,,,5650,1
5598,1,,,5651,1
5599,3,,,5652,3
5600,1,,,5653,1
5602,1,,,5654,3
5609,3,,,5656,1
5610,3,,,5660,1
5611,1,,,5661,1
5613,2,,,5663,1
5614,3,,,5664,1
5615,1,,,5666,4
5616,1,,,5668,1
5617,1,,,5673,1
5618,3,,,5674,4
5619,3,,,5676,4
5620,4,,,5677,1
5621,1,,,5678,1
5622,3,,,5680,3
5624,1,,,5681,3
5625,3,,,5682,3
5626,4,,,5683,3
5627,2,,,5686,1
5628,1,,,5687,1
5629,1,,,5690,1
5632,4,,,5692,1
5635,4,,,5693,3
5636,3,,,5695,3
5637,3,,,5696,1
5638,3,,,5698,1
5641,3,,,5699,1
5642,3,,,5704,2
5645,3,,,5712,4
5646,1,,,5714,3
5647,1,,,5716,3
5648,3,,,5717,1
5649,4,,,5719,1
5650,1,,,5720,1
5651,1,,,5721,3
5652,3,,,5722,1
5653,1,,,5723,1
5654,3,,,5724,1
5656,1,,,5726,4
5660,1,,,5730,1
5661,1,,,5737,4
5663,1,,,5738,1
5664,1,,,5739,3
5666,4,,,5741,4
5668,1,,,5743,1
5671,4,,,5744,4
5672,4,,,5745,3
5673,1,,,5746,1
5674,4,,,5749,4
5675,1,,,5756,1
5676,4,,,5758,1
5677,1,,,5762,1
5678,1,,,5763,1
5679,1,,,5767,1
5680,3,,,5768,3
5681,3,,,5770,1
5682,3,,,5773,1
5683,3,,,5775,3
5686,1,,,5778,1
5687,1,,,5781,3
5690,1,,,5782,1
5692,1,,,5784,4
5693,3,,,5785,3
5695,3,,,5786,1
5696,1,,,5790,1
5698,1,,,5794,2
5699,1,,,5796,1
5704,2,,,5797,1
5707,3,,,5798,3
5712,4,,,5799,3
5714,3,,,5801,3
5716,3,,,5804,1
5717,1,,,5805,1
5719,1,,,5807,1
5720,1,,,5808,1
5721,3,,,5811,3
5722,1,,,5816,3
5723,1,,,5819,3
5724,1,,,5820,1
5726,4,,,5821,4
5729,3,,,5822,3
5730,1,,,5823,1
5732,3,,,5826,1
5737,4,,,5828,2
5738,1,,,5830,1
5739,3,,,5831,1
5741,4,,,5834,4
5742,3,,,5835,3
5743,1,,,5836,1
5744,4,,,5837,1
5745,3,,,5840,3
5746,1,,,5841,1
5749,4,,,5842,1
5750,1,,,5843,3
5751,1,,,5845,1
5753,2,,,5846,3
5756,1,,,5848,1
5757,4,,,5853,1
5758,1,,,5854,2
5762,1,,,5855,3
5763,1,,,5856,3
5766,2,,,5857,3
5767,1,,,5858,4
5768,3,,,5859,1
5770,1,,,5860,1
5773,1,,,5861,3
5775,3,,,5864,1
5778,1,,,5866,1
5781,3,,,5867,3
5782,1,,,5871,1
5783,1,,,5873,1
5784,4,,,5874,3
5785,3,,,5878,3
5786,1,,,5880,3
5790,1,,,5881,4
5792,1,,,5882,1
5794,2,,,5883,1
5795,3,,,5884,3
5796,1,,,5886,3
5797,1,,,5887,1
5798,3,,,5888,3
5799,3,,,5889,4
5800,3,,,5892,3
5801,3,,,5894,1
5804,1,,,5895,3
5805,1,,,5896,3
5807,1,,,5898,1
5808,1,,,5900,1
5811,3,,,5902,3
5813,3,,,5905,4
5816,3,,,5906,4
5818,1,,,5908,3
5819,3,,,5912,3
5820,1,,,5915,3
5821,4,,,5917,1
5822,3,,,5918,1
5823,1,,,5919,3
5826,1,,,5921,1
5828,2,,,5924,2
5830,1,,,5927,4
5831,1,,,5928,1
5833,3,,,5930,1
5834,4,,,5932,1
5835,3,,,5935,1
5836,1,,,5936,3
5837,1,,,5938,1
5839,3,,,5939,4
5840,3,,,5942,1
5841,1,,,5946,3
5842,1,,,5947,1
5843,3,,,5950,3
5845,1,,,5951,1
5846,3,,,5953,3
5848,1,,,5958,1
5853,1,,,5965,1
5854,2,,,5966,1
5855,3,,,5967,3
5856,3,,,5968,3
5857,3,,,5970,4
5858,4,,,5973,4
5859,1,,,5975,4
5860,1,,,5978,1
5861,3,,,5980,1
5864,1,,,5982,3
5866,1,,,5983,3
5867,3,,,5985,2
5870,3,,,5988,3
5871,1,,,5991,1
5873,1,,,5992,3
5874,3,,,5994,1
5878,3,,,5999,1
5880,3,,,6000,1
5881,4,,,6004,1
5882,1,,,6005,1
5883,1,,,6006,3
5884,3,,,6007,3
5886,3,,,6008,4
5887,1,,,6009,3
5888,3,,,6010,4
5889,4,,,6011,1
5891,4,,,6012,1
5892,3,,,6015,1
5894,1,,,6016,2
5895,3,,,6017,3
5896,3,,,6018,4
5898,1,,,6020,3
5900,1,,,6021,2
5902,3,,,6023,1
5905,4,,,6025,3
5906,4,,,6026,4
5908,3,,,6027,2
5912,3,,,6028,3
5915,3,,,6029,3
5917,1,,,6035,3
5918,1,,,6039,3
5919,3,,,6042,3
5921,1,,,6043,4
5923,1,,,6045,3
5924,2,,,6047,1
5926,1,,,6049,1
5927,4,,,6050,2
5928,1,,,6052,1
5930,1,,,6053,3
5932,1,,,6055,1
5934,1,,,6057,3
5935,1,,,6058,1
5936,3,,,6060,4
5938,1,,,6061,4
5939,4,,,6062,1
5941,3,,,6063,3
5942,1,,,6067,1
5946,3,,,6068,3
5947,1,,,6071,4
5950,3,,,6073,3
5951,1,,,6076,1
5953,3,,,6077,3
5958,1,,,6079,3
5965,1,,,6081,3
5966,1,,,6084,1
5967,3,,,6085,4
5968,3,,,6086,3
5969,3,,,6087,3
5970,4,,,6092,1
5973,4,,,6093,1
5975,4,,,6094,1
5978,1,,,6097,3
5980,1,,,6099,1
5982,3,,,6100,1
5983,3,,,6106,1
5985,2,,,6108,4
5988,3,,,6111,2
5991,1,,,6114,1
5992,3,,,6115,1
5993,3,,,6116,1
5994,1,,,6117,1
5995,1,,,6120,1
5999,1,,,6122,3
6000,1,,,6124,1
6004,1,,,6125,1
6005,1,,,6126,3
6006,3,,,6127,1
6007,3,,,6128,1
6008,4,,,6129,4
6009,3,,,6132,1
6010,4,,,6137,4
6011,1,,,6139,3
6012,1,,,6142,1
6015,1,,,6147,1
6016,2,,,6148,3
6017,3,,,6156,3
6018,4,,,6157,1
6020,3,,,6159,1
6021,2,,,6162,-2
6023,1,,,6163,3
6025,3,,,6164,4
6026,4,,,6165,1
6027,2,,,6167,1
6028,3,,,6169,3
6029,3,,,3001,1
6035,3,,,3003,1
6036,1,,,3005,1
6039,3,,,3006,1
6042,3,,,3012,3
6043,4,,,3013,1
6045,3,,,3015,1
6047,1,,,3016,3
6049,1,,,3017,1
6050,2,,,3018,4
6052,1,,,3019,1
6053,3,,,3020,3
6054,1,,,3021,1
6055,1,,,3022,3
6057,3,,,3023,1
6058,1,,,3024,3
6060,4,,,3025,1
6061,4,,,3026,1
6062,1,,,3027,1
6063,3,,,3030,4
6065,3,,,3035,1
6067,1,,,3036,4
6068,3,,,3039,1
6069,1,,,3043,1
6071,4,,,3044,3
6072,3,,,3046,1
6073,3,,,3049,1
6076,1,,,3051,4
6077,3,,,3053,4
6079,3,,,3056,3
6081,3,,,3057,2
6084,1,,,3061,4
6085,4,,,3066,3
6086,3,,,3068,1
6087,3,,,3069,1
6092,1,,,3070,1
6093,1,,,3071,1
6094,1,,,3073,4
6097,3,,,3074,3
6099,1,,,3076,1
6100,1,,,3077,3
6106,1,,,3078,1
6108,4,,,3080,4
6111,2,,,3081,1
6114,1,,,3085,4
6115,1,,,3087,1
6116,1,,,3089,4
6117,1,,,3092,1
6119,3,,,3096,1
6120,1,,,3098,1
6122,3,,,3099,4
6124,1,,,3102,1
6125,1,,,3103,1
6126,3,,,3106,2
6127,1,,,3109,1
6128,1,,,3110,4
6129,4,,,3112,1
6132,1,,,3114,3
6136,3,,,3115,4
6137,4,,,3116,4
6138,3,,,3119,4
6139,3,,,3120,1
6142,1,,,3121,2
6147,1,,,3124,1
6148,3,,,3126,4
6156,3,,,3127,3
6157,1,,,3128,1
6158,4,,,3129,1
6159,1,,,3130,1
6162,-2,,,3132,1
6163,3,,,3133,4
6164,4,,,3136,1
6165,1,,,3138,1
6167,1,,,3139,1
6169,3,,,3141,4
6171,3,,,3147,1
6172,1,,,3150,1
6176,3,,,3151,1
6177,3,,,3153,1
6178,1,,,3155,1
6179,1,,,3161,1
6180,1,,,3162,1
6181,1,,,3163,3
6184,1,,,3165,4
6186,3,,,3167,3
6188,2,,,3170,1
6189,1,,,3172,1
6191,3,,,3179,1
6194,4,,,3180,1
6197,1,,,3181,1
6198,1,,,3185,1
6200,1,,,3187,1
6201,1,,,3188,4
6202,3,,,3189,1
6203,1,,,3192,1
6204,3,,,3193,1
6205,3,,,3195,1
6207,1,,,3196,1
6210,3,,,3200,1
6217,1,,,3201,1
6218,1,,,3204,1
6224,4,,,3205,1
6225,4,,,3206,1
6226,3,,,3213,3
6230,3,,,3214,1
6231,1,,,3215,4
6232,4,,,3218,3
6233,3,,,3219,3
6234,1,,,3221,3
6236,4,,,3225,4
6237,1,,,3226,1
6238,4,,,3231,3
6239,1,,,3232,1
6240,3,,,3233,1
6241,3,,,3235,1
6243,1,,,3236,1
6244,1,,,3238,4
6245,1,,,3240,1
6246,4,,,3241,1
6247,1,,,3243,1
6250,3,,,3245,1
6253,1,,,3246,4
6255,4,,,3247,1
6257,1,,,3248,1
6258,2,,,3253,1
6260,3,,,3255,3
6261,2,,,3258,1
6263,1,,,3260,1
6264,3,,,3261,1
6266,1,,,3262,1
6267,4,,,3263,4
6270,3,,,3264,1
6271,1,,,3266,1
6274,1,,,3269,3
6277,1,,,3271,1
6280,1,,,3273,1
6281,2,,,3279,1
6283,4,,,3285,3
6285,1,,,3292,1
6286,1,,,3293,4
6291,1,,,3300,4
6292,1,,,3302,3
6293,1,,,3307,3
6294,1,,,3308,1
6296,1,,,3309,2
6297,4,,,3311,3
6300,1,,,3314,3
6303,1,,,3316,1
6304,4,,,3319,4
6308,3,,,3320,3
6311,1,,,3323,3
6312,1,,,3324,1
6313,1,,,3325,3
6314,1,,,3327,4
6316,4,,,3330,1
6317,3,,,3331,1
6319,1,,,3332,1
6320,1,,,3333,4
6323,1,,,3334,3
6324,4,,,3343,1
6327,1,,,3344,1
6330,1,,,3346,1
6333,4,,,3347,1
6337,1,,,3350,4
6338,4,,,3351,1
6339,1,,,3354,1
6343,3,,,3355,4
6344,3,,,3358,4
6345,3,,,3359,1
6348,3,,,3360,1
6351,2,,,3363,1
6353,1,,,3366,3
6354,1,,,3369,1
6357,3,,,3370,1
6358,3,,,3371,1
6359,4,,,3374,3
6361,4,,,3376,1
6364,1,,,3378,1
6365,1,,,3384,1
6366,3,,,3386,3
6367,1,,,3388,3
6368,3,,,3389,4
6369,3,,,3390,1
6371,3,,,3392,1
6373,1,,,3393,4
6375,1,,,3395,1
6376,1,,,3396,1
6377,3,,,3398,1
6378,3,,,3399,3
6382,4,,,3401,1
6384,1,,,3407,1
6385,1,,,3409,1
6386,3,,,3410,1
6387,4,,,3415,3
6391,1,,,3419,1
6395,1,,,3420,1
6396,4,,,3422,1
6397,3,,,3423,2
6400,1,,,3425,4
6401,4,,,3431,1
6402,1,,,3438,1
6403,1,,,3440,3
6409,1,,,3441,4
6410,4,,,3445,1
6411,4,,,3447,1
6414,4,,,3449,3
6415,1,,,3450,3
6416,3,,,3451,1
6417,3,,,3453,3
6419,1,,,3456,1
6421,3,,,3458,4
6426,1,,,3460,1
6427,2,,,3461,1
6429,3,,,3467,3
6434,3,,,3468,1
6435,1,,,3469,4
6436,4,,,3470,1
6437,4,,,3474,3
6439,1,,,3478,1
6440,3,,,3479,4
6442,1,,,3481,4
6443,1,,,3484,1
6446,1,,,3487,3
6447,1,,,3488,1
6448,1,,,3491,1
6451,1,,,3494,1
6452,2,,,3496,1
6454,1,,,3498,1
6456,1,,,3499,4
6459,4,,,3500,1
6460,1,,,3502,3
6461,1,,,3503,1
6463,3,,,3504,1
6464,3,,,3507,4
6465,3,,,3508,3
6468,4,,,3511,3
6475,4,,,3514,4
6477,3,,,3515,3
6480,1,,,3517,3
6481,1,,,3518,1
6483,1,,,3519,1
6484,1,,,3520,1
6485,1,,,3525,1
6489,1,,,3526,3
6490,1,,,3527,1
6492,1,,,3530,3
6495,1,,,3531,1
6497,1,,,3532,1
6498,1,,,3533,1
6499,1,,,3535,4
6500,3,,,3536,3
6505,1,,,3543,1
6508,4,,,3544,1
6509,1,,,3547,3
6510,3,,,3551,1
6512,3,,,3553,1
6513,1,,,3554,1
6514,1,,,3557,1
6517,1,,,3559,1
6518,3,,,3566,-2
6520,1,,,3568,1
6521,2,,,3571,1
6523,1,,,3577,4
6524,3,,,3578,4
6525,1,,,3579,3
6528,3,,,3580,1
6529,1,,,3588,3
6531,2,,,3590,1
6534,1,,,3593,3
6535,1,,,3594,2
6537,3,,,3595,1
6539,1,,,3597,1
6540,3,,,3598,1
6541,3,,,3599,1
6545,3,,,3601,1
6546,1,,,3602,1
6547,1,,,3604,1
6550,1,,,3605,1
6551,1,,,3609,1
6553,3,,,3617,4
6554,1,,,3618,1
6555,1,,,3619,4
6556,1,,,3622,4
6557,3,,,3623,3
6561,1,,,3626,1
6562,3,,,3627,1
6563,1,,,3629,1
6564,1,,,3632,1
6565,1,,,3633,3
6567,1,,,3634,3
6569,4,,,3635,1
6570,2,,,3636,3
6571,1,,,3637,1
6573,3,,,3639,1
6579,3,,,3645,4
6580,3,,,3646,1
6581,2,,,3648,1
6584,3,,,3653,1
6588,1,,,3655,3
6589,1,,,3656,3
6590,1,,,3657,1
6594,4,,,3658,4
6600,4,,,3660,3
6601,4,,,3662,3
6602,1,,,3665,3
6603,3,,,3666,2
6604,3,,,3667,1
6606,1,,,3671,1
6611,3,,,3672,3
6613,4,,,3674,2
6614,1,,,3676,1
6615,3,,,3677,3
6616,2,,,3678,1
6617,3,,,3683,1
6618,1,,,3684,1
6619,1,,,3685,3
6622,1,,,3687,4
6623,1,,,3688,1
6624,1,,,3689,3
6626,4,,,3690,1
6628,1,,,3695,1
6629,3,,,3697,1
6630,3,,,3699,1
6632,3,,,3700,1
6634,1,,,3703,4
6635,1,,,3707,3
6636,4,,,3708,1
6637,1,,,3709,4
6638,1,,,3711,4
6645,3,,,3712,4
6646,1,,,3714,1
6647,3,,,3715,4
6652,3,,,3717,1
6654,4,,,3721,1
6655,3,,,3722,4
6657,1,,,3723,4
6659,1,,,3725,1
6660,2,,,3732,3
6663,1,,,3736,4
6665,1,,,3740,1
6668,1,,,3746,4
6669,1,,,3747,3
6672,4,,,3748,4
6673,1,,,3750,3
6675,3,,,3752,1
6679,3,,,3753,2
6680,1,,,3754,3
6681,4,,,3755,1
6682,3,,,3756,1
6683,1,,,3758,1
6686,1,,,3763,1
6687,1,,,3765,1
6688,4,,,3766,1
6690,1,,,3768,1
6691,1,,,3769,1
6698,1,,,3770,3
6699,1,,,3771,4
6701,3,,,3772,4
6703,3,,,3779,1
6704,3,,,3780,1
6705,1,,,3781,3
6709,4,,,3782,1
6713,4,,,3784,1
6714,1,,,3787,1
6717,3,,,3793,1
6721,1,,,3795,1
6723,1,,,3796,1
6724,1,,,3797,1
6726,2,,,3798,1
6727,1,,,3807,1
6729,3,,,3808,1
6730,3,,,3809,1
6731,3,,,3811,3
6732,1,,,3817,1
6738,3,,,3822,3
6739,2,,,3827,3
6740,1,,,3828,4
6742,1,,,3830,3
6747,1,,,3832,1
6748,1,,,3833,4
6749,3,,,3834,3
6751,3,,,3835,3
6753,2,,,3839,4
6754,4,,,3840,1
6755,1,,,3842,1
6756,1,,,3844,3
6757,1,,,3845,1
6759,1,,,3847,3
6762,3,,,3848,4
6763,2,,,3849,1
6764,3,,,3850,1
6765,4,,,3852,4
6766,3,,,3853,1
6767,1,,,3854,4
6768,3,,,3855,3
6770,3,,,3857,1
6771,1,,,3859,1
6772,1,,,3860,4
6773,3,,,3863,4
6775,2,,,3864,1
6776,1,,,3866,3
6777,1,,,3867,1
6780,1,,,3872,4
6786,3,,,3874,1
6788,1,,,3875,1
6789,1,,,3876,1
6790,3,,,3879,1
6793,1,,,3881,1
6796,1,,,3882,1
6797,3,,,3888,1
6799,1,,,3889,3
6800,2,,,3892,1
6801,3,,,3893,1
6802,3,,,3895,1
6803,4,,,3896,4
6807,1,,,3897,1
6809,1,,,3899,1
6811,1,,,3900,1
6812,1,,,3901,1
6814,1,,,3902,1
6816,1,,,3903,1
6817,1,,,3904,1
6818,1,,,3906,1
6820,4,,,3907,4
6821,3,,,3908,1
6824,3,,,3909,3
6825,1,,,3910,4
6826,3,,,3911,3
6827,1,,,3913,3
6830,4,,,3919,1
6831,1,,,3920,3
6832,4,,,3921,4
6833,1,,,3923,3
6834,2,,,3925,3
6836,3,,,3926,3
6837,1,,,3927,1
6838,3,,,3929,1
6839,1,,,3931,3
6840,1,,,3937,4
6844,1,,,3939,1
6845,3,,,3941,3
6846,3,,,3942,3
6847,1,,,3944,1
6848,3,,,3945,3
6850,1,,,3948,4
6853,1,,,3949,1
6854,1,,,3950,3
6855,1,,,3951,1
6856,3,,,3952,4
6857,1,,,3954,4
6859,1,,,3955,1
6860,4,,,3956,2
6861,2,,,3957,2
6863,2,,,3958,1
6866,1,,,3959,1
6867,3,,,3960,3
6869,1,,,3962,4
6871,4,,,3963,1
6872,1,,,3964,3
6873,2,,,3968,1
6878,3,,,3969,4
6879,1,,,3971,1
6880,3,,,3973,1
6881,2,,,3974,3
6882,1,,,3976,1
6883,1,,,3981,1
6884,1,,,3983,3
6887,1,,,3985,1
6890,3,,,3986,1
6891,1,,,3990,1
6892,3,,,3991,1
6893,3,,,3992,4
6894,3,,,3993,1
6895,4,,,3994,4
6896,4,,,3998,3
6898,2,,,3999,4
6900,1,,,4005,4
6902,1,,,4006,1
6904,1,,,4007,1
6905,3,,,4008,2
6907,1,,,4016,4
6910,3,,,4018,1
6914,1,,,4019,1
6916,3,,,4020,1
6917,3,,,4022,1
6918,4,,,4023,1
6919,4,,,4024,1
6921,4,,,4027,3
6922,4,,,4028,1
6925,1,,,4030,4
6926,1,,,4031,3
6927,4,,,4032,1
6935,1,,,4035,1
6936,3,,,4038,1
6937,1,,,4041,1
6938,3,,,4043,1
6941,1,,,4044,4
6942,1,,,4045,1
6943,1,,,4047,4
6946,4,,,4048,1
6947,1,,,4049,1
6948,1,,,4053,1
6949,3,,,4056,1
6950,1,,,4057,3
6952,1,,,4058,3
6955,1,,,4059,1
6956,3,,,4060,1
6957,1,,,4061,3
6958,1,,,4064,4
6959,1,,,4068,4
6960,1,,,4069,1
6962,3,,,4071,1
6965,3,,,4073,2
6966,1,,,4076,1
6967,1,,,4079,4
6969,1,,,4080,3
6971,3,,,4081,4
6972,1,,,4082,4
6974,4,,,4085,1
6977,3,,,4088,1
6978,4,,,4092,2
6979,3,,,4093,4
6982,1,,,4096,1
6983,1,,,4100,1
6984,1,,,4102,1
6985,3,,,4103,3
6990,1,,,4104,3
6991,1,,,4111,1
6992,1,,,4112,3
6994,1,,,4113,1
6995,1,,,4119,3
6999,3,,,4120,4
7000,4,,,4125,3
3001,1,,,4129,3
3003,1,,,4130,1
3005,1,,,4133,1
3006,1,,,4135,4
3012,3,,,4140,1
3013,1,,,4143,3
3015,1,,,4145,4
3016,3,,,4148,1
3017,1,,,4149,1
3018,4,,,4151,1
3019,1,,,4153,4
3020,3,,,4154,1
3021,1,,,4155,1
3022,3,,,4160,3
3023,1,,,4166,1
3024,3,,,4168,4
3025,1,,,4169,1
3026,1,,,4171,2
3027,1,,,4172,3
3030,4,,,4173,3
3035,1,,,4183,3
3036,4,,,4189,1
3038,1,,,4190,3
3039,1,,,4191,1
3043,1,,,4192,1
3044,3,,,4193,2
3046,1,,,4195,1
3048,1,,,4198,1
3049,1,,,4199,1
3051,4,,,4200,4
3053,4,,,4202,4
3056,3,,,4203,4
3057,2,,,4204,1
3059,1,,,4207,1
3061,4,,,4208,3
3066,3,,,4210,3
3068,1,,,4211,3
3069,1,,,4213,1
3070,1,,,4215,4
3071,1,,,4217,3
3073,4,,,4218,2
3074,3,,,4219,1
3076,1,,,4221,1
3077,3,,,4223,3
3078,1,,,4225,4
3079,3,,,4226,1
3080,4,,,4229,1
3081,1,,,4233,1
3085,4,,,4234,1
3087,1,,,4240,1
3089,4,,,4241,1
3092,1,,,4242,1
3093,4,,,4245,1
3094,3,,,4248,2
3096,1,,,4249,1
3098,1,,,4251,1
3099,4,,,4254,1
3102,1,,,4255,1
3103,1,,,4256,3
3106,2,,,4257,1
3109,1,,,4258,1
3110,4,,,4259,1
3112,1,,,4260,4
3114,3,,,4264,1
3115,4,,,4265,1
3116,4,,,4267,1
3118,1,,,4271,1
3119,4,,,4272,1
3120,1,,,4273,1
3121,2,,,4274,3
3122,3,,,4275,1
3124,1,,,4276,1
3126,4,,,4278,1
3127,3,,,4279,1
3128,1,,,4281,1
3129,1,,,4282,1
3130,1,,,4283,1
3132,1,,,4284,3
3133,4,,,4286,1
3136,1,,,4291,1
3138,1,,,4293,4
3139,1,,,4294,1
3141,4,,,4295,1
3147,1,,,4296,4
3150,1,,,4297,3
3151,1,,,4298,4
3153,1,,,4299,4
3155,1,,,4305,3
3161,1,,,4306,1
3162,1,,,4307,1
3163,3,,,4310,1
3165,4,,,4312,1
3167,3,,,4318,4
3170,1,,,4319,1
3172,1,,,4323,1
3175,4,,,4324,4
3178,4,,,4327,1
3179,1,,,4330,3
3180,1,,,4331,1
3181,1,,,4337,1
3183,3,,,4339,1
3185,1,,,4340,3
3187,1,,,4342,1
3188,4,,,4347,2
3189,1,,,4349,1
3192,1,,,4351,3
3193,1,,,4354,1
3195,1,,,4355,4
3196,1,,,4356,4
3200,1,,,4364,1
3201,1,,,4366,4
3204,1,,,4367,3
3205,1,,,4370,1
3206,1,,,4372,1
3209,3,,,4375,3
3210,1,,,4378,1
3213,3,,,4379,4
3214,1,,,4380,3
3215,4,,,4382,1
3218,3,,,4385,1
3219,3,,,4389,1
3221,3,,,4393,3
3225,4,,,4394,2
3226,1,,,4395,1
3231,3,,,4398,1
3232,1,,,4399,1
3233,1,,,4400,4
3235,1,,,4402,1
3236,1,,,4407,1
3238,4,,,4408,3
3240,1,,,4410,3
3241,1,,,4411,3
3243,1,,,4413,1
3245,1,,,4421,1
3246,4,,,4423,1
3247,1,,,4424,1
3248,1,,,4426,1
3253,1,,,4431,1
3255,3,,,4432,1
3258,1,,,4436,4
3260,1,,,4440,3
3261,1,,,4441,4
3262,1,,,4442,1
3263,4,,,4443,4
3264,1,,,4445,4
3266,1,,,4447,1
3269,3,,,4452,1
3270,1,,,4455,1
3271,1,,,4456,1
3273,1,,,4463,1
3274,4,,,4465,3
3279,1,,,4469,4
3285,3,,,4471,1
3288,3,,,4473,1
3289,3,,,4474,1
3292,1,,,4475,4
3293,4,,,4476,4
3295,3,,,4478,1
3300,4,,,4479,3
3302,3,,,4483,3
3307,3,,,4486,4
3308,1,,,4488,1
3309,2,,,4490,4
3310,4,,,4491,1
3311,3,,,4494,1
3314,3,,,4496,3
3316,1,,,4500,1
3319,4,,,4501,4
3320,3,,,4505,3
3323,3,,,4506,4
3324,1,,,4507,3
3325,3,,,4508,3
3327,4,,,4510,1
3328,1,,,4514,1
3330,1,,,4516,3
3331,1,,,4521,3
3332,1,,,4522,3
3333,4,,,4523,4
3334,3,,,4524,4
3337,1,,,4526,1
3343,1,,,4530,1
3344,1,,,4531,1
3345,1,,,4533,1
3346,1,,,4534,1
3347,1,,,4536,3
3348,1,,,4537,1
3350,4,,,4540,1
3351,1,,,4541,4
3353,4,,,4545,1
3354,1,,,4546,4
3355,4,,,4547,3
3358,4,,,4549,1
3359,1,,,4550,4
3360,1,,,4555,1
3363,1,,,4558,3
3366,3,,,4559,4
3369,1,,,4560,2
3370,1,,,4561,1
3371,1,,,4563,4
3374,3,,,4564,1
3376,1,,,4566,1
3378,1,,,4567,4
3384,1,,,4572,1
3386,3,,,4573,1
3388,3,,,4574,1
3389,4,,,4577,3
3390,1,,,4578,1
3391,4,,,4579,1
3392,1,,,4581,3
3393,4,,,4583,4
3395,1,,,4584,1
3396,1,,,4586,4
3398,1,,,4587,3
3399,3,,,4588,4
3400,3,,,4590,1
3401,1,,,4592,4
3405,4,,,4593,3
3407,1,,,4594,1
3409,1,,,4598,3
3410,1,,,4604,1
3415,3,,,4605,1
3419,1,,,4608,3
3420,1,,,4609,1
3422,1,,,4610,1
3423,2,,,4613,1
3425,4,,,4614,1
3431,1,,,4615,3
3433,3,,,4621,1
3434,1,,,4622,1
3438,1,,,4627,4
3440,3,,,4628,1
3441,4,,,4631,3
3443,1,,,4633,3
3444,3,,,4634,1
3445,1,,,4636,1
3447,1,,,4641,4
3449,3,,,4646,4
3450,3,,,4649,3
3451,1,,,4650,1
3453,3,,,4653,1
3456,1,,,4656,4
3458,4,,,4658,3
3460,1,,,4660,1
3461,1,,,4663,1
3467,3,,,4664,1
3468,1,,,4666,3
3469,4,,,4669,1
3470,1,,,4671,4
3474,3,,,4672,1
3478,1,,,4674,4
3479,4,,,4675,1
3480,4,,,4676,4
3481,4,,,4679,1
3484,1,,,4688,1
3485,3,,,4690,1
3487,3,,,4691,4
3488,1,,,4692,1
3491,1,,,4693,2
3494,1,,,4696,1
3496,1,,,4699,1
3498,1,,,4701,2
3499,4,,,4703,1
3500,1,,,4704,3
3502,3,,,4707,1
3503,1,,,4709,4
3504,1,,,4710,3
3507,4,,,4711,4
3508,3,,,4714,1
3511,3,,,4715,1
3514,4,,,4720,1
3515,3,,,4721,1
3517,3,,,4722,1
3518,1,,,4727,1
3519,1,,,4728,1
3520,1,,,4729,1
3525,1,,,4731,1
3526,3,,,4732,1
3527,1,,,4733,1
3530,3,,,4737,4
3531,1,,,4739,4
3532,1,,,4741,1
3533,1,,,4743,1
3535,4,,,4745,3
3536,3,,,4751,1
3543,1,,,4756,3
3544,1,,,4759,3
3547,3,,,4762,1
3551,1,,,4765,1
3553,1,,,4768,1
3554,1,,,4772,1
3556,2,,,4773,1
3557,1,,,4777,4
3559,1,,,4779,1
3563,1,,,4783,1
3565,1,,,4785,3
3566,-2,,,4786,1
3568,1,,,4787,1
3571,1,,,4788,1
3574,4,,,4789,1
3577,4,,,4790,4
3578,4,,,4791,1
3579,3,,,4792,1
3580,1,,,4793,1
3581,4,,,4795,4
3587,1,,,4796,1
3588,3,,,4797,1
3590,1,,,4799,1
3593,3,,,4801,1
3594,2,,,4802,1
3595,1,,,4803,1
3597,1,,,4804,1
3598,1,,,4806,1
3599,1,,,4808,1
3601,1,,,4810,1
3602,1,,,4812,1
3604,1,,,4817,2
3605,1,,,4818,1
3607,3,,,4820,1
3609,1,,,4823,4
3614,4,,,4824,3
3617,4,,,4825,1
3618,1,,,4828,1
3619,4,,,4829,3
3622,4,,,4830,1
3623,3,,,4833,1
3626,1,,,4837,1
3627,1,,,4840,1
3629,1,,,4845,4
3632,1,,,4846,4
3633,3,,,4849,1
3634,3,,,4855,4
3635,1,,,4857,3
3636,3,,,4860,4
3637,1,,,4862,1
3639,1,,,4866,1
3645,4,,,4868,3
3646,1,,,4869,1
3648,1,,,4872,1
3653,1,,,4874,1
3655,3,,,4875,1
3656,3,,,4877,1
3657,1,,,4879,1
3658,4,,,4881,3
3660,3,,,4884,1
3662,3,,,4888,3
3664,3,,,4890,4
3665,3,,,4891,1
3666,2,,,4895,1
3667,1,,,4903,3
3671,1,,,4904,3
3672,3,,,4907,1
3674,2,,,4908,1
3676,1,,,4909,1
3677,3,,,4910,1
3678,1,,,4913,1
3683,1,,,4917,4
3684,1,,,4918,4
3685,3,,,4919,1
3687,4,,,4925,3
3688,1,,,4927,4
3689,3,,,4928,4
3690,1,,,4930,3
3695,1,,,4934,4
3697,1,,,4936,1
3699,1,,,4937,1
3700,1,,,4939,3
3703,4,,,4945,1
3707,3,,,4950,1
3708,1,,,4953,3
3709,4,,,4954,4
3711,4,,,4955,3
3712,4,,,4956,1
3714,1,,,4957,4
3715,4,,,4959,3
3717,1,,,4960,3
3721,1,,,4962,1
3722,4,,,4964,1
3723,4,,,4968,3
3725,1,,,4969,1
3728,3,,,4971,3
3732,3,,,4972,4
3736,4,,,4974,1
3737,3,,,4976,4
3740,1,,,4977,1
3746,4,,,4980,1
3747,3,,,4981,2
3748,4,,,4984,1
3750,3,,,4986,4
3752,1,,,4989,4
3753,2,,,4991,1
3754,3,,,4993,1
3755,1,,,4994,4
3756,1,,,4999,1
3758,1,,,5000,1
3763,1,,,1001,3
3765,1,,,1004,1
3766,1,,,1007,1
3768,1,,,1008,3
3769,1,,,1010,1
3770,3,,,1012,3
3771,4,,,1014,1
3772,4,,,1015,3
3777,4,,,1017,1
3779,1,,,1019,1
3780,1,,,1020,4
3781,3,,,1021,3
3782,1,,,1023,1
3784,1,,,1025,3
3787,1,,,1026,1
3793,1,,,1029,3
3795,1,,,1032,1
3796,1,,,1034,1
3797,1,,,1035,2
3798,1,,,1039,4
3807,1,,,1040,1
3808,1,,,1044,3
3809,1,,,1046,1
3811,3,,,1047,3
3812,1,,,1048,3
3817,1,,,1056,1
3822,3,,,1058,3
3827,3,,,1059,1
3828,4,,,1060,1
3830,3,,,1061,3
3832,1,,,1068,1
3833,4,,,1071,2
3834,3,,,1075,1
3835,3,,,1076,1
3839,4,,,1078,1
3840,1,,,1081,1
3842,1,,,1084,3
3844,3,,,1085,3
3845,1,,,1087,1
3847,3,,,1091,3
3848,4,,,1093,4
3849,1,,,1095,1
3850,1,,,1096,3
3852,4,,,1104,1
3853,1,,,1106,1
3854,4,,,1107,1
3855,3,,,1109,1
3856,1,,,1110,4
3857,1,,,1113,1
3859,1,,,1114,1
3860,4,,,1116,3
3863,4,,,1117,1
3864,1,,,1118,3
3866,3,,,1119,3
3867,1,,,1121,1
3872,4,,,1122,1
3874,1,,,1123,1
3875,1,,,1124,1
3876,1,,,1128,1
3879,1,,,1129,1
3881,1,,,1130,1
3882,1,,,1131,1
3884,1,,,1132,1
3885,1,,,1137,1
3888,1,,,1138,4
3889,3,,,1142,3
3892,1,,,1145,2
3893,1,,,1146,3
3895,1,,,1147,1
3896,4,,,1148,2
3897,1,,,1150,4
3899,1,,,1151,3
3900,1,,,1153,1
3901,1,,,1155,3
3902,1,,,1156,1
3903,1,,,1158,4
3904,1,,,1159,1
3906,1,,,1160,1
3907,4,,,1165,1
3908,1,,,1166,3
3909,3,,,1167,1
3910,4,,,1168,3
3911,3,,,1169,1
3913,3,,,1170,3
3917,1,,,1171,1
3919,1,,,1172,2
3920,3,,,1173,1
3921,4,,,1176,3
3922,4,,,1182,1
3923,3,,,1183,4
3925,3,,,1184,1
3926,3,,,1185,1
3927,1,,,1186,1
3929,1,,,1191,4
3931,3,,,1192,4
3937,4,,,1193,3
3939,1,,,1197,3
3941,3,,,1199,1
3942,3,,,1201,4
3944,1,,,1205,3
3945,3,,,1206,3
3946,1,,,1207,3
3948,4,,,1209,1
3949,1,,,1210,1
3950,3,,,1213,1
3951,1,,,1216,1
3952,4,,,1218,3
3954,4,,,1220,3
3955,1,,,1225,4
3956,2,,,1226,4
3957,2,,,1227,1
3958,1,,,1229,2
3959,1,,,1232,1
3960,3,,,1233,4
3962,4,,,1234,4
3963,1,,,1236,1
3964,3,,,1238,1
3968,1,,,1242,1
3969,4,,,1243,1
3971,1,,,1247,4
3973,1,,,1248,4
3974,3,,,1251,4
3976,1,,,1252,1
3977,4,,,1253,1
3978,1,,,1261,4
3981,1,,,1262,3
3983,3,,,1275,2
3984,4,,,1277,3
3985,1,,,1278,4
3986,1,,,1284,3
3990,1,,,1287,3
3991,1,,,1288,4
3992,4,,,1289,1
3993,1,,,1290,1
3994,4,,,1291,4
3998,3,,,1292,1
3999,4,,,1293,3
4005,4,,,1296,1
4006,1,,,1297,1
4007,1,,,1298,1
4008,2,,,1300,3
4013,1,,,1304,1
4016,4,,,1307,2
4017,3,,,1309,2
4018,1,,,1310,1
4019,1,,,1313,1
4020,1,,,1314,3
4022,1,,,1315,4
4023,1,,,1316,4
4024,1,,,1318,1
4027,3,,,1320,3
4028,1,,,1321,1
4030,4,,,1323,3
4031,3,,,1324,3
4032,1,,,1325,1
4035,1,,,1326,1
4038,1,,,1327,1
4041,1,,,1329,3
4043,1,,,1332,1
4044,4,,,1333,3
4045,1,,,1334,1
4047,4,,,1335,4
4048,1,,,1339,4
4049,1,,,1347,1
4053,1,,,1348,2
4056,1,,,1349,1
4057,3,,,1350,4
4058,3,,,1351,4
4059,1,,,1355,3
4060,1,,,1356,3
4061,3,,,1357,3
4064,4,,,1358,1
4068,4,,,1359,3
4069,1,,,1360,4
4071,1,,,1363,4
4073,2,,,1364,3
4076,1,,,1366,4
4079,4,,,1367,1
4080,3,,,1371,1
4081,4,,,1372,4
4082,4,,,1373,1
4085,1,,,1378,1
4088,1,,,1384,1
4092,2,,,1387,2
4093,4,,,1388,1
4096,1,,,1389,2
4100,1,,,1390,4
4102,1,,,1391,1
4103,3,,,1392,1
4104,3,,,1393,3
4108,3,,,1395,1
4111,1,,,1396,1
4112,3,,,1399,1
4113,1,,,1407,3
4119,3,,,1410,4
4120,4,,,1413,2
4125,3,,,1414,4
4129,3,,,1415,1
4130,1,,,1416,1
4133,1,,,1418,1
4135,4,,,1420,1
4140,1,,,1422,1
4143,3,,,1423,3
4145,4,,,1425,3
4148,1,,,1426,1
4149,1,,,1429,1
4151,1,,,1433,1
4152,1,,,1434,4
4153,4,,,1442,1
4154,1,,,1448,3
4155,1,,,1449,1
4158,3,,,1450,2
4160,3,,,1455,4
4166,1,,,1456,4
4168,4,,,1459,1
4169,1,,,1460,4
4171,2,,,1461,1
4172,3,,,1467,1
4173,3,,,1469,1
4183,3,,,1470,4
4189,1,,,1471,1
4190,3,,,1472,1
4191,1,,,1478,4
4192,1,,,1479,1
4193,2,,,1480,3
4195,1,,,1481,2
4198,1,,,1482,3
4199,1,,,1487,1
4200,4,,,1490,3
4201,3,,,1492,1
4202,4,,,1493,4
4203,4,,,1496,1
4204,1,,,1498,1
4207,1,,,1500,1
4208,3,,,1501,4
4210,3,,,1503,3
4211,3,,,1504,1
4213,1,,,1505,1
4215,4,,,1507,3
4217,3,,,1511,3
4218,2,,,1515,1
4219,1,,,1517,1
4221,1,,,1519,1
4223,3,,,1521,2
4225,4,,,1522,1
4226,1,,,1525,3
4229,1,,,1527,1
4232,3,,,1528,1
4233,1,,,1529,2
4234,1,,,1532,1
4235,1,,,1534,1
4240,1,,,1542,1
4241,1,,,1547,3
4242,1,,,1548,1
4245,1,,,1549,1
4248,2,,,1550,1
4249,1,,,1552,2
4251,1,,,1553,1
4253,4,,,1556,3
4254,1,,,1560,3
4255,1,,,1561,1
4256,3,,,1562,3
4257,1,,,1565,2
4258,1,,,1566,1
4259,1,,,1567,3
4260,4,,,1568,1
4264,1,,,1572,1
4265,1,,,1575,3
4267,1,,,1577,4
4271,1,,,1579,2
4272,1,,,1580,1
4273,1,,,1581,3
4274,3,,,1582,3
4275,1,,,1583,3
4276,1,,,1585,1
4278,1,,,1586,1
4279,1,,,1589,3
4281,1,,,1590,1
4282,1,,,1591,1
4283,1,,,1593,1
4284,3,,,1595,3
4286,1,,,1596,1
4291,1,,,1597,1
4293,4,,,1598,3
4294,1,,,1601,2
4295,1,,,1602,3
4296,4,,,1604,1
4297,3,,,1606,3
4298,4,,,1608,3
4299,4,,,1609,3
4305,3,,,1611,1
4306,1,,,1614,3
4307,1,,,1615,3
4310,1,,,1617,1
4312,1,,,1620,3
4318,4,,,1621,3
4319,1,,,1626,4
4321,3,,,1627,3
4323,1,,,1629,1
4324,4,,,1631,4
4327,1,,,1635,3
4329,3,,,1636,3
4330,3,,,1638,3
4331,1,,,1640,1
4337,1,,,1642,1
4339,1,,,1643,4
4340,3,,,1644,4
4342,1,,,1647,3
4347,2,,,1648,3
4349,1,,,1649,1
4351,3,,,1650,3
4354,1,,,1651,2
4355,4,,,1658,1
4356,4,,,1659,1
4358,1,,,1664,1
4360,1,,,1665,3
4364,1,,,1666,4
4366,4,,,1667,4
4367,3,,,1668,1
4370,1,,,1669,1
4372,1,,,1670,3
4375,3,,,1672,3
4376,1,,,1673,3
4377,1,,,1678,1
4378,1,,,1680,1
4379,4,,,1683,3
4380,3,,,1687,1
4382,1,,,1688,1
4385,1,,,1689,1
4388,1,,,1690,1
4389,1,,,1691,3
4390,1,,,1693,1
4393,3,,,1695,2
4394,2,,,1696,1
4395,1,,,1698,1
4398,1,,,1701,2
4399,1,,,1703,1
4400,4,,,1704,4
4402,1,,,1713,2
4407,1,,,1719,1
4408,3,,,1721,3
4410,3,,,1726,3
4411,3,,,1728,2
4413,1,,,1729,2
4420,1,,,1730,1
4421,1,,,1731,1
4423,1,,,1733,1
4424,1,,,1734,1
4426,1,,,1735,1
4431,1,,,1736,3
4432,1,,,1737,3
4436,4,,,1738,1
4440,3,,,1739,1
4441,4,,,1740,4
4442,1,,,1741,1
4443,4,,,1742,3
4445,4,,,1743,3
4447,1,,,1745,3
4452,1,,,1748,1
4455,1,,,1752,3
4456,1,,,1754,4
4457,1,,,1755,4
4461,1,,,1756,3
4463,1,,,1759,3
4465,3,,,1760,1
4469,4,,,1761,4
4471,1,,,1767,1
4472,1,,,1768,1
4473,1,,,1772,4
4474,1,,,1773,1
4475,4,,,1776,1
4476,4,,,1778,4
4478,1,,,1779,1
4479,3,,,1780,2
4483,3,,,1781,4
4486,4,,,1783,1
4487,4,,,1790,1
4488,1,,,1791,3
4490,4,,,1792,4
4491,1,,,1793,1
4494,1,,,1795,1
4496,3,,,1797,4
4500,1,,,1798,3
4501,4,,,1801,1
4505,3,,,1802,3
4506,4,,,1805,3
4507,3,,,1806,1
4508,3,,,1809,3
4509,1,,,1810,2
4510,1,,,1814,3
4513,1,,,1816,2
4514,1,,,1822,1
4516,3,,,1823,1
4521,3,,,1826,1
4522,3,,,1827,1
4523,4,,,1828,1
4524,4,,,1830,4
4526,1,,,1831,3
4528,1,,,1832,1
4530,1,,,1834,1
4531,1,,,1835,1
4533,1,,,1836,1
4534,1,,,1837,1
4536,3,,,1838,1
4537,1,,,1840,1
4540,1,,,1842,1
4541,4,,,1845,1
4545,1,,,1846,1
4546,4,,,1852,1
4547,3,,,1853,1
4549,1,,,1854,3
4550,4,,,1860,3
4555,1,,,1861,3
4558,3,,,1863,3
4559,4,,,1864,3
4560,2,,,1865,4
4561,1,,,1871,1
4563,4,,,1872,1
4564,1,,,1873,1
4566,1,,,1875,3
4567,4,,,1876,3
4572,1,,,1877,3
4573,1,,,1879,1
4574,1,,,1880,2
4577,3,,,1882,1
4578,1,,,1883,4
4579,1,,,1884,1
4581,3,,,1886,3
4583,4,,,1887,1
4584,1,,,1890,1
4586,4,,,1892,3
4587,3,,,1894,2
4588,4,,,1897,4
4590,1,,,1899,1
4592,4,,,1902,1
4593,3,,,1904,1
4594,1,,,1905,1
4598,3,,,1906,1
4604,1,,,1909,1
4605,1,,,1911,1
4608,3,,,1912,1
4609,1,,,1916,4
4610,1,,,1919,1
4613,1,,,1921,3
4614,1,,,1922,1
4615,3,,,1923,3
4619,1,,,1924,3
4621,1,,,1925,3
4622,1,,,1926,3
4623,1,,,1927,4
4627,4,,,1928,1
4628,1,,,1929,1
4631,3,,,1930,4
4633,3,,,1931,1
4634,1,,,1932,3
4636,1,,,1933,3
4639,1,,,1935,3
4641,4,,,1937,1
4646,4,,,1941,3
4649,3,,,1942,3
4650,1,,,1946,3
4653,1,,,1947,4
4656,4,,,1949,3
4658,3,,,1950,1
4660,1,,,1951,1
4663,1,,,1952,1
4664,1,,,1954,3
4666,3,,,1955,3
4669,1,,,1957,1
4671,4,,,1958,1
4672,1,,,1960,1
4674,4,,,1964,2
4675,1,,,1966,4
4676,4,,,1976,3
4679,1,,,1977,1
4684,4,,,1983,2
4688,1,,,1985,3
4690,1,,,1987,1
4691,4,,,1993,1
4692,1,,,1994,1
4693,2,,,1996,1
4696,1,,,1997,3
4699,1,,,1999,1
4701,2,,,2002,1
4703,1,,,2007,1
4704,3,,,2008,2
4707,1,,,2010,1
4709,4,,,2012,1
4710,3,,,2013,3
4711,4,,,2018,1
4714,1,,,2019,1
4715,1,,,2021,1
4720,1,,,2022,1
4721,1,,,2024,1
4722,1,,,2025,1
4727,1,,,2030,4
4728,1,,,2031,3
4729,1,,,2033,1
4730,3,,,2037,3
4731,1,,,2038,3
4732,1,,,2040,3
4733,1,,,2042,1
4735,1,,,2044,1
4737,4,,,2047,1
4739,4,,,2052,1
4741,1,,,2054,1
4743,1,,,2057,1
4745,3,,,2059,3
4751,1,,,2060,1
4753,1,,,2064,4
4756,3,,,2065,3
4759,3,,,2067,4
4762,1,,,2070,4
4763,1,,,2071,1
4765,1,,,2074,3
4768,1,,,2075,3
4772,1,,,2076,1
4773,1,,,2078,3
4777,4,,,2080,1
4779,1,,,2083,1
4783,1,,,2084,1
4784,2,,,2086,1
4785,3,,,2089,3
4786,1,,,2091,1
4787,1,,,2092,1
4788,1,,,2093,1
4789,1,,,2094,1
4790,4,,,2097,4
4791,1,,,2098,3
4792,1,,,2099,1
4793,1,,,2100,3
4795,4,,,2101,3
4796,1,,,2108,4
4797,1,,,2109,1
4799,1,,,2117,3
4801,1,,,2118,3
4802,1,,,2119,1
4803,1,,,2121,2
4804,1,,,2122,3
4805,1,,,2125,4
4806,1,,,2128,3
4808,1,,,2129,3
4810,1,,,2130,4
4812,1,,,2133,3
4817,2,,,2134,1
4818,1,,,2135,1
4820,1,,,2136,1
4823,4,,,2137,4
4824,3,,,2139,1
4825,1,,,2140,2
4828,1,,,2144,3
4829,3,,,2145,1
4830,1,,,2146,1
4833,1,,,2148,1
4837,1,,,2149,1
4838,3,,,2153,1
4840,1,,,2154,3
4845,4,,,2156,1
4846,4,,,2157,1
4849,1,,,2158,1
4855,4,,,2159,3
4857,3,,,2162,4
4860,4,,,2165,1
4862,1,,,2166,1
4866,1,,,2167,1
4867,1,,,2168,1
4868,3,,,2172,1
4869,1,,,2173,1
4872,1,,,2174,3
4874,1,,,2176,1
4875,1,,,2178,1
4877,1,,,2179,3
4879,1,,,2180,2
4881,3,,,2181,3
4884,1,,,2183,4
4888,3,,,2191,1
4890,4,,,2193,4
4891,1,,,2194,1
4892,3,,,2196,4
4895,1,,,2198,1
4903,3,,,2200,-2
4904,3,,,2201,1
4907,1,,,2202,3
4908,1,,,2203,3
4909,1,,,2204,1
4910,1,,,2206,3
4913,1,,,2210,1
4914,1,,,2213,3
4917,4,,,2215,3
4918,4,,,2216,3
4919,1,,,2217,1
4925,3,,,2218,3
4927,4,,,2219,1
4928,4,,,2221,2
4930,3,,,2224,1
4932,4,,,2225,1
4934,4,,,2227,1
4936,1,,,2228,3
4937,1,,,2231,1
4939,3,,,2232,3
4941,1,,,2233,3
4945,1,,,2234,1
4950,1,,,2237,1
4951,3,,,2238,1
4953,3,,,2239,4
4954,4,,,2240,4
4955,3,,,2243,3
4956,1,,,2246,1
4957,4,,,2248,1
4958,1,,,2250,1
4959,3,,,2251,1
4960,3,,,2253,4
4962,1,,,2254,3
4964,1,,,2255,1
4968,3,,,2256,1
4969,1,,,2257,1
4971,3,,,2258,3
4972,4,,,2260,1
4974,1,,,2263,4
4976,4,,,2266,4
4977,1,,,2271,3
4980,1,,,2276,1
4981,2,,,2277,2
4984,1,,,2279,1
4986,4,,,2280,3
4988,2,,,2281,1
4989,4,,,2283,1
4990,4,,,2286,3
4991,1,,,2288,1
4993,1,,,2290,2
4994,4,,,2292,1
4999,1,,,2294,1
5000,1,,,2295,1
1001,3,,,2296,4
1004,1,,,2297,3
1007,1,,,2298,3
1008,3,,,2302,1
1010,1,,,2305,1
1012,3,,,2309,1
1014,1,,,2310,1
1015,3,,,2311,4
1017,1,,,2313,1
1019,1,,,2315,1
1020,4,,,2316,3
1021,3,,,2321,3
1022,1,,,2324,1
1023,1,,,2326,2
1025,3,,,2327,1
1026,1,,,2329,1
1029,3,,,2331,1
1032,1,,,2332,3
1034,1,,,2333,1
1035,2,,,2335,1
1039,4,,,2336,1
1040,1,,,2337,1
1041,1,,,2338,1
1044,3,,,2342,1
1046,1,,,2345,4
1047,3,,,2346,3
1048,3,,,2347,1
1056,1,,,2349,4
1058,3,,,2351,1
1059,1,,,2354,3
1060,1,,,2355,3
1061,3,,,2356,1
1068,1,,,2357,1
1071,2,,,2361,1
1075,1,,,2362,3
1076,1,,,2371,1
1077,3,,,2372,1
1078,1,,,2378,1
1080,2,,,2380,1
1081,1,,,2382,3
1084,3,,,2385,1
1085,3,,,2387,1
1087,1,,,2388,3
1088,1,,,2389,3
1091,3,,,2391,3
1093,4,,,2393,1
1095,1,,,2396,1
1096,3,,,2398,1
1104,1,,,2399,3
1105,4,,,2400,3
1106,1,,,2402,1
1107,1,,,2404,4
1109,1,,,2405,4
1110,4,,,2407,4
1113,1,,,2408,1
1114,1,,,2410,1
1116,3,,,2414,1
1117,1,,,2416,3
1118,3,,,2418,1
1119,3,,,2419,3
1120,3,,,2421,1
1121,1,,,2422,1
1122,1,,,2425,1
1123,1,,,2429,3
1124,1,,,2430,1
1128,1,,,2431,3
1129,1,,,2436,1
1130,1,,,2437,1
1131,1,,,2439,1
1132,1,,,2440,4
1137,1,,,2441,2
1138,4,,,2443,1
1142,3,,,2444,2
1145,2,,,2447,2
1146,3,,,2449,1
1147,1,,,2450,3
1148,2,,,2452,1
1150,4,,,2453,1
1151,3,,,2454,1
1153,1,,,2458,1
1155,3,,,2459,3
1156,1,,,2460,1
1158,4,,,2462,1
1159,1,,,2468,1
1160,1,,,2470,2
1165,1,,,2471,4
1166,3,,,2475,4
1167,1,,,2476,1
1168,3,,,2477,4
1169,1,,,2481,3
1170,3,,,2483,1
1171,1,,,2485,3
1172,2,,,2487,3
1173,1,,,2488,1
1176,3,,,2489,3
1181,1,,,2490,3
1182,1,,,2491,1
1183,4,,,2492,4
1184,1,,,2494,1
1185,1,,,2495,1
1186,1,,,2497,1
1191,4,,,2499,1
1192,4,,,2503,2
1193,3,,,2506,3
1197,3,,,2507,2
1199,1,,,2508,1
1201,4,,,2511,3
1205,3,,,2512,2
1206,3,,,2517,1
1207,3,,,2519,3
1209,1,,,2525,1
1210,1,,,2526,4
1213,1,,,2528,1
1216,1,,,2529,1
1218,3,,,2530,1
1220,3,,,2532,1
1222,3,,,2533,1
1225,4,,,2535,4
1226,4,,,2537,1
1227,1,,,2540,3
1229,2,,,2541,4
1232,1,,,2542,3
1233,4,,,2543,1
1234,4,,,2544,1
1236,1,,,2545,1
1238,1,,,2546,1
1242,1,,,2547,1
1243,1,,,2548,3
1247,4,,,2549,3
1248,4,,,2552,1
1251,4,,,2554,1
1252,1,,,2557,2
1253,1,,,2559,3
1254,1,,,2560,4
1257,1,,,2562,1
1261,4,,,2564,1
1262,3,,,2566,1
1269,4,,,2568,4
1275,2,,,2570,1
1277,3,,,2574,1
1278,4,,,2575,1
1284,3,,,2577,3
1287,3,,,2580,3
1288,4,,,2582,4
1289,1,,,2584,1
1290,1,,,2585,4
1291,4,,,2586,3
1292,1,,,2587,2
1293,3,,,2589,3
1296,1,,,2590,3
1297,1,,,2591,1
1298,1,,,2592,1
1300,3,,,2594,1
1304,1,,,2596,1
1307,2,,,2598,3
1308,1,,,2599,2
1309,2,,,2600,1
1310,1,,,2602,2
1313,1,,,2606,3
1314,3,,,2611,1
1315,4,,,2613,1
1316,4,,,2615,4
1318,1,,,2616,3
1320,3,,,2617,1
1321,1,,,2619,3
1322,1,,,2622,3
1323,3,,,2625,1
1324,3,,,2627,2
1325,1,,,2629,1
1326,1,,,2631,1
1327,1,,,2632,1
1329,3,,,2634,4
1332,1,,,2636,4
1333,3,,,2637,4
1334,1,,,2638,4
1335,4,,,2639,1
1339,4,,,2643,1
1346,3,,,2644,1
1347,1,,,2645,3
1348,2,,,2646,4
1349,1,,,2647,1
1350,4,,,2649,1
1351,4,,,2650,1
1355,3,,,2651,1
1356,3,,,2653,4
1357,3,,,2655,3
1358,1,,,2656,3
1359,3,,,2657,3
1360,4,,,2662,1
1363,4,,,2664,1
1364,3,,,2668,3
1366,4,,,2671,3
1367,1,,,2673,3
1371,1,,,2674,3
1372,4,,,2675,1
1373,1,,,2678,3
1374,3,,,2680,3
1375,3,,,2681,3
1378,1,,,2684,4
1384,1,,,2687,1
1387,2,,,2691,4
1388,1,,,2693,1
1389,2,,,2694,1
1390,4,,,2696,1
1391,1,,,2697,3
1392,1,,,2700,3
1393,3,,,2701,3
1395,1,,,2702,1
1396,1,,,2704,1
1399,1,,,2705,1
1407,3,,,2707,4
1410,4,,,2708,1
1412,3,,,2711,2
1413,2,,,2716,1
1414,4,,,2717,4
1415,1,,,2719,1
1416,1,,,2720,2
1417,1,,,2726,1
1418,1,,,2728,3
1420,1,,,2729,1
1422,1,,,2731,1
1423,3,,,2733,3
1425,3,,,2737,1
1426,1,,,2738,1
1429,1,,,2739,4
1430,2,,,2740,3
1433,1,,,2741,3
1434,4,,,2742,1
1435,2,,,2743,1
1442,1,,,2744,3
1448,3,,,2749,3
1449,1,,,2752,1
1450,2,,,2753,1
1455,4,,,2754,3
1456,4,,,2755,1
1459,1,,,2760,1
1460,4,,,2761,4
1461,1,,,2762,1
1467,1,,,2764,1
1469,1,,,2765,3
1470,4,,,2766,3
1471,1,,,2767,3
1472,1,,,2768,1
1478,4,,,2769,2
1479,1,,,2771,4
1480,3,,,2772,3
1481,2,,,2773,1
1482,3,,,2774,1
1487,1,,,2775,3
1490,3,,,2779,3
1492,1,,,2780,1
1493,4,,,2784,1
1496,1,,,2788,3
1498,1,,,2789,1
1500,1,,,2794,1
1501,4,,,2797,3
1503,3,,,2800,4
1504,1,,,2801,1
1505,1,,,2805,3
1507,3,,,2806,1
1511,3,,,2809,1
1515,1,,,2810,3
1517,1,,,2811,4
1519,1,,,2812,1
1521,2,,,2817,3
1522,1,,,2822,4
1523,4,,,2824,1
1525,3,,,2827,1
1527,1,,,2832,4
1528,1,,,2833,1
1529,2,,,2834,1
1532,1,,,2836,1
1534,1,,,2837,2
1535,3,,,2838,3
1536,3,,,2839,1
1542,1,,,2840,1
1544,3,,,2841,3
1547,3,,,2842,1
1548,1,,,2844,1
1549,1,,,2847,2
1550,1,,,2849,3
1552,2,,,2850,2
1553,1,,,2851,3
1556,3,,,2852,1
1560,3,,,2857,3
1561,1,,,2858,4
1562,3,,,2859,1
1565,2,,,2860,1
1566,1,,,2861,1
1567,3,,,2865,1
1568,1,,,2866,3
1572,1,,,2869,1
1575,3,,,2874,4
1577,4,,,2875,3
1579,2,,,2876,3
1580,1,,,2878,1
1581,3,,,2880,3
1582,3,,,2883,3
1583,3,,,2884,3
1585,1,,,2885,3
1586,1,,,2888,2
1589,3,,,2889,4
1590,1,,,2890,3
1591,1,,,2891,4
1593,1,,,2892,3
1595,3,,,2899,3
1596,1,,,2900,3
1597,1,,,2903,1
1598,3,,,2905,3
1601,2,,,2906,1
1602,3,,,2908,1
1604,1,,,2911,4
1606,3,,,2914,1
1608,3,,,2915,3
1609,3,,,2916,3
1611,1,,,2918,3
1614,3,,,2920,1
1615,3,,,2921,1
1617,1,,,2924,4
1620,3,,,2927,1
1621,3,,,2929,3
1626,4,,,2930,1
1627,3,,,2931,1
1629,1,,,2932,1
1631,4,,,2937,1
1634,1,,,2940,1
1635,3,,,2941,4
1636,3,,,2942,1
1638,3,,,2943,1
1640,1,,,2944,4
1642,1,,,2947,1
1643,4,,,2949,3
1644,4,,,2954,3
1647,3,,,2958,1
1648,3,,,2959,3
1649,1,,,2960,3
1650,3,,,2961,1
1651,2,,,2962,1
1658,1,,,2964,3
1659,1,,,2965,1
1664,1,,,2969,4
1665,3,,,2970,1
1666,4,,,2971,3
1667,4,,,2972,4
1668,1,,,2973,4
1669,1,,,2974,1
1670,3,,,2975,4
1671,3,,,2976,1
1672,3,,,2978,3
1673,3,,,2980,4
1678,1,,,2986,1
1680,1,,,2988,3
1683,3,,,2992,1
1687,1,,,2996,4
1688,1,,,2998,1
1689,1,,,3000,1
1690,1,,,,
1691,3,,,,
1693,1,,,,
1695,2,,,,
1696,1,,,,
1698,1,,,,
1701,2,,,,
1703,1,,,,
1704,4,,,,
1709,2,,,,
1713,2,,,,
1719,1,,,,
1721,3,,,,
1723,1,,,,
1726,3,,,,
1728,2,,,,
1729,2,,,,
1730,1,,,,
1731,1,,,,
1733,1,,,,
1734,1,,,,
1735,1,,,,
1736,3,,,,
1737,3,,,,
1738,1,,,,
1739,1,,,,
1740,4,,,,
1741,1,,,,
1742,3,,,,
1743,3,,,,
1745,3,,,,
1748,1,,,,
1752,3,,,,
1754,4,,,,
1755,4,,,,
1756,3,,,,
1759,3,,,,
1760,1,,,,
1761,4,,,,
1767,1,,,,
1768,1,,,,
1772,4,,,,
1773,1,,,,
1776,1,,,,
1778,4,,,,
1779,1,,,,
1780,2,,,,
1781,4,,,,
1783,1,,,,
1789,3,,,,
1790,1,,,,
1791,3,,,,
1792,4,,,,
1793,1,,,,
1795,1,,,,
1797,4,,,,
1798,3,,,,
1801,1,,,,
1802,3,,,,
1804,1,,,,
1805,3,,,,
1806,1,,,,
1809,3,,,,
1810,2,,,,
1814,3,,,,
1816,2,,,,
1822,1,,,,
1823,1,,,,
1826,1,,,,
1827,1,,,,
1828,1,,,,
1830,4,,,,
1831,3,,,,
1832,1,,,,
1834,1,,,,
1835,1,,,,
1836,1,,,,
1837,1,,,,
1838,1,,,,
1840,1,,,,
1842,1,,,,
1845,1,,,,
1846,1,,,,
1852,1,,,,
1853,1,,,,
1854,3,,,,
1860,3,,,,
1861,3,,,,
1863,3,,,,
1864,3,,,,
1865,4,,,,
1871,1,,,,
1872,1,,,,
1873,1,,,,
1875,3,,,,
1876,3,,,,
1877,3,,,,
1879,1,,,,
1880,2,,,,
1882,1,,,,
1883,4,,,,
1884,1,,,,
1886,3,,,,
1887,1,,,,
1890,1,,,,
1892,3,,,,
1894,2,,,,
1897,4,,,,
1899,1,,,,
1902,1,,,,
1904,1,,,,
1905,1,,,,
1906,1,,,,
1908,4,,,,
1909,1,,,,
1911,1,,,,
1912,1,,,,
1916,4,,,,
1919,1,,,,
1921,3,,,,
1922,1,,,,
1923,3,,,,
1924,3,,,,
1925,3,,,,
1926,3,,,,
1927,4,,,,
1928,1,,,,
1929,1,,,,
1930,4,,,,
1931,1,,,,
1932,3,,,,
1933,3,,,,
1935,3,,,,
1936,1,,,,
1937,1,,,,
1941,3,,,,
1942,3,,,,
1946,3,,,,
1947,4,,,,
1949,3,,,,
1950,1,,,,
1951,1,,,,
1952,1,,,,
1954,3,,,,
1955,3,,,,
1957,1,,,,
1958,1,,,,
1960,1,,,,
1961,1,,,,
1964,2,,,,
1966,4,,,,
1968,1,,,,
1976,3,,,,
1977,1,,,,
1983,2,,,,
1985,3,,,,
1987,1,,,,
1993,1,,,,
1994,1,,,,
1996,1,,,,
1997,3,,,,
1999,1,,,,
2002,1,,,,
2007,1,,,,
2008,2,,,,
2010,1,,,,
2012,1,,,,
2013,3,,,,
2017,2,,,,
2018,1,,,,
2019,1,,,,
2021,1,,,,
2022,1,,,,
2024,1,,,,
2025,1,,,,
2030,4,,,,
2031,3,,,,
2033,1,,,,
2037,3,,,,
2038,3,,,,
2040,3,,,,
2042,1,,,,
2044,1,,,,
2047,1,,,,
2052,1,,,,
2054,1,,,,
2057,1,,,,
2059,3,,,,
2060,1,,,,
2064,4,,,,
2065,3,,,,
2067,4,,,,
2070,4,,,,
2071,1,,,,
2074,3,,,,
2075,3,,,,
2076,1,,,,
2078,3,,,,
2080,1,,,,
2083,1,,,,
2084,1,,,,
2086,1,,,,
2087,3,,,,
2088,4,,,,
2089,3,,,,
2091,1,,,,
2092,1,,,,
2093,1,,,,
2094,1,,,,
2097,4,,,,
2098,3,,,,
2099,1,,,,
2100,3,,,,
2101,3,,,,
2108,4,,,,
2109,1,,,,
2110,1,,,,
2117,3,,,,
2118,3,,,,
2119,1,,,,
2121,2,,,,
2122,3,,,,
2125,4,,,,
2126,2,,,,
2128,3,,,,
2129,3,,,,
2130,4,,,,
2133,3,,,,
2134,1,,,,
2135,1,,,,
2136,1,,,,
2137,4,,,,
2139,1,,,,
2140,2,,,,
2144,3,,,,
2145,1,,,,
2146,1,,,,
2148,1,,,,
2149,1,,,,
2153,1,,,,
2154,3,,,,
2156,1,,,,
2157,1,,,,
2158,1,,,,
2159,3,,,,
2162,4,,,,
2165,1,,,,
2166,1,,,,
2167,1,,,,
2168,1,,,,
2172,1,,,,
2173,1,,,,
2174,3,,,,
2176,1,,,,
2178,1,,,,
2179,3,,,,
2180,2,,,,
2181,3,,,,
2183,4,,,,
2191,1,,,,
2193,4,,,,
2194,1,,,,
2196,4,,,,
2198,1,,,,
2200,-2,,,,
2201,1,,,,
2202,3,,,,
2203,3,,,,
2204,1,,,,
2206,3,,,,
2210,1,,,,
2213,3,,,,
2215,3,,,,
2216,3,,,,
2217,1,,,,
2218,3,,,,
2219,1,,,,
2221,2,,,,
2224,1,,,,
2225,1,,,,
2227,1,,,,
2228,3,,,,
2231,1,,,,
2232,3,,,,
2233,3,,,,
2234,1,,,,
2236,1,,,,
2237,1,,,,
2238,1,,,,
2239,4,,,,
2240,4,,,,
2243,3,,,,
2246,1,,,,
2248,1,,,,
2250,1,,,,
2251,1,,,,
2253,4,,,,
2254,3,,,,
2255,1,,,,
2256,1,,,,
2257,1,,,,
2258,3,,,,
2260,1,,,,
2263,4,,,,
2266,4,,,,
2271,3,,,,
2276,1,,,,
2277,2,,,,
2279,1,,,,
2280,3,,,,
2281,1,,,,
2283,1,,,,
2286,3,,,,
2288,1,,,,
2290,2,,,,
2292,1,,,,
2294,1,,,,
2295,1,,,,
2296,4,,,,
2297,3,,,,
2298,3,,,,
2302,1,,,,
2303,3,,,,
2304,1,,,,
2305,1,,,,
2309,1,,,,
2310,1,,,,
2311,4,,,,
2313,1,,,,
2315,1,,,,
2316,3,,,,
2321,3,,,,
2324,1,,,,
2326,2,,,,
2327,1,,,,
2328,3,,,,
2329,1,,,,
2331,1,,,,
2332,3,,,,
2333,1,,,,
2335,1,,,,
2336,1,,,,
2337,1,,,,
2338,1,,,,
2339,1,,,,
2342,1,,,,
2345,4,,,,
2346,3,,,,
2347,1,,,,
2349,4,,,,
2351,1,,,,
2354,3,,,,
2355,3,,,,
2356,1,,,,
2357,1,,,,
2361,1,,,,
2362,3,,,,
2371,1,,,,
2372,1,,,,
2373,1,,,,
2378,1,,,,
2380,1,,,,
2382,3,,,,
2385,1,,,,
2387,1,,,,
2388,3,,,,
2389,3,,,,
2391,3,,,,
2393,1,,,,
2396,1,,,,
2398,1,,,,
2399,3,,,,
2400,3,,,,
2402,1,,,,
2404,4,,,,
2405,4,,,,
2407,4,,,,
2408,1,,,,
2410,1,,,,
2414,1,,,,
2416,3,,,,
2418,1,,,,
2419,3,,,,
2421,1,,,,
2422,1,,,,
2425,1,,,,
2429,3,,,,
2430,1,,,,
2431,3,,,,
2433,4,,,,
2436,1,,,,
2437,1,,,,
2439,1,,,,
2440,4,,,,
2441,2,,,,
2443,1,,,,
2444,2,,,,
2447,2,,,,
2449,1,,,,
2450,3,,,,
2452,1,,,,
2453,1,,,,
2454,1,,,,
2458,1,,,,
2459,3,,,,
2460,1,,,,
2462,1,,,,
2468,1,,,,
2470,2,,,,
2471,4,,,,
2475,4,,,,
2476,1,,,,
2477,4,,,,
2481,3,,,,
2483,1,,,,
2485,3,,,,
2487,3,,,,
2488,1,,,,
2489,3,,,,
2490,3,,,,
2491,1,,,,
2492,4,,,,
2494,1,,,,
2495,1,,,,
2497,1,,,,
2499,1,,,,
2503,2,,,,
2506,3,,,,
2507,2,,,,
2508,1,,,,
2511,3,,,,
2512,2,,,,
2517,1,,,,
2519,3,,,,
2525,1,,,,
2526,4,,,,
2528,1,,,,
2529,1,,,,
2530,1,,,,
2532,1,,,,
2533,1,,,,
2535,4,,,,
2537,1,,,,
2540,3,,,,
2541,4,,,,
2542,3,,,,
2543,1,,,,
2544,1,,,,
2545,1,,,,
2546,1,,,,
2547,1,,,,
2548,3,,,,
2549,3,,,,
2552,1,,,,
2554,1,,,,
2557,2,,,,
2559,3,,,,
2560,4,,,,
2562,1,,,,
2564,1,,,,
2566,1,,,,
2568,4,,,,
2570,1,,,,
2573,3,,,,
2574,1,,,,
2575,1,,,,
2576,4,,,,
2577,3,,,,
2579,1,,,,
2580,3,,,,
2582,4,,,,
2584,1,,,,
2585,4,,,,
2586,3,,,,
2587,2,,,,
2588,1,,,,
2589,3,,,,
2590,3,,,,
2591,1,,,,
2592,1,,,,
2594,1,,,,
2595,1,,,,
2596,1,,,,
2598,3,,,,
2599,2,,,,
2600,1,,,,
2602,2,,,,
2606,3,,,,
2611,1,,,,
2613,1,,,,
2615,4,,,,
2616,3,,,,
2617,1,,,,
2619,3,,,,
2620,1,,,,
2622,3,,,,
2625,1,,,,
2627,2,,,,
2628,3,,,,
2629,1,,,,
2631,1,,,,
2632,1,,,,
2634,4,,,,
2636,4,,,,
2637,4,,,,
2638,4,,,,
2639,1,,,,
2643,1,,,,
2644,1,,,,
2645,3,,,,
2646,4,,,,
2647,1,,,,
2649,1,,,,
2650,1,,,,
2651,1,,,,
2653,4,,,,
2655,3,,,,
2656,3,,,,
2657,3,,,,
2662,1,,,,
2663,1,,,,
2664,1,,,,
2667,2,,,,
2668,3,,,,
2671,3,,,,
2673,3,,,,
2674,3,,,,
2675,1,,,,
2678,3,,,,
2680,3,,,,
2681,3,,,,
2684,4,,,,
2687,1,,,,
2691,4,,,,
2693,1,,,,
2694,1,,,,
2696,1,,,,
2697,3,,,,
2700,3,,,,
2701,3,,,,
2702,1,,,,
2704,1,,,,
2705,1,,,,
2707,4,,,,
2708,1,,,,
2711,2,,,,
2716,1,,,,
2717,4,,,,
2719,1,,,,
2720,2,,,,
2726,1,,,,
2728,3,,,,
2729,1,,,,
2731,1,,,,
2733,3,,,,
2737,1,,,,
2738,1,,,,
2739,4,,,,
2740,3,,,,
2741,3,,,,
2742,1,,,,
2743,1,,,,
2744,3,,,,
2745,4,,,,
2749,3,,,,
2752,1,,,,
2753,1,,,,
2754,3,,,,
2755,1,,,,
2760,1,,,,
2761,4,,,,
2762,1,,,,
2764,1,,,,
2765,3,,,,
2766,3,,,,
2767,3,,,,
2768,1,,,,
2769,2,,,,
2771,4,,,,
2772,3,,,,
2773,1,,,,
2774,1,,,,
2775,3,,,,
2779,3,,,,
2780,1,,,,
2784,1,,,,
2788,3,,,,
2789,1,,,,
2794,1,,,,
2797,3,,,,
2800,4,,,,
2801,1,,,,
2802,1,,,,
2805,3,,,,
2806,1,,,,
2809,1,,,,
2810,3,,,,
2811,4,,,,
2812,1,,,,
2817,3,,,,
2822,4,,,,
2824,1,,,,
2827,1,,,,
2832,4,,,,
2833,1,,,,
2834,1,,,,
2836,1,,,,
2837,2,,,,
2838,3,,,,
2839,1,,,,
2840,1,,,,
2841,3,,,,
2842,1,,,,
2844,1,,,,
2845,1,,,,
2847,2,,,,
2849,3,,,,
2850,2,,,,
2851,3,,,,
2852,1,,,,
2857,3,,,,
2858,4,,,,
2859,1,,,,
2860,1,,,,
2861,1,,,,
2865,1,,,,
2866,3,,,,
2867,1,,,,
2869,1,,,,
2874,4,,,,
2875,3,,,,
2876,3,,,,
2878,1,,,,
2880,3,,,,
2883,3,,,,
2884,3,,,,
2885,3,,,,
2888,2,,,,
2889,4,,,,
2890,3,,,,
2891,4,,,,
2892,3,,,,
2895,3,,,,
2899,3,,,,
2900,3,,,,
2903,1,,,,
2905,3,,,,
2906,1,,,,
2908,1,,,,
2911,4,,,,
2914,1,,,,
2915,3,,,,
2916,3,,,,
2918,3,,,,
2920,1,,,,
2921,1,,,,
2922,3,,,,
2924,4,,,,
2927,1,,,,
2929,3,,,,
2930,1,,,,
2931,1,,,,
2932,1,,,,
2937,1,,,,
2938,1,,,,
2940,1,,,,
2941,4,,,,
2942,1,,,,
2943,1,,,,
2944,4,,,,
2947,1,,,,
2949,3,,,,
2954,3,,,,
2957,1,,,,
2958,1,,,,
2959,3,,,,
2960,3,,,,
2961,1,,,,
2962,1,,,,
2964,3,,,,
2965,1,,,,
2966,1,,,,
2969,4,,,,
2970,1,,,,
2971,3,,,,
2972,4,,,,
2973,4,,,,
2974,1,,,,
2975,4,,,,
2976,1,,,,
2978,3,,,,
2980,4,,,,
2986,1,,,,
2988,3,,,,
2992,1,,,,
2996,4,,,,
2998,1,,,,
2999,1,,,,
3000,1,,,,
